011863ed2a4061d147f072488871d62e1b8b4c93,124520
b478836a38995bf73b365e219b2c26acba908539,124488
c120f455e345841b370fefdf20a1123ff36ffccb,124488
482d5f67bd816d68dec1c24a9dcfac14cc3e6730,124448
5a6a72b7a43092b113c8b4dc21719eac10f72acc,124448
5f3206b250252ea4e79003dab870d581e422e8ec,124488
8cd7a0bf5e7ec9c0289a97e65ec296586ecfe452,124448
a90d04f295c7aa26459890d17cf179e9148b1773,124448
f2f64b22673621ef9fc1b07a2afdf57fd0d4b2b3,124448
4905787c4811d607e1628699c68bab3fd556afdb,
640a0b4cedea8ad1ccd02f5c906cfe7507dfa107,
957d70cca4799cbd326f6a2f2ca33f393af4c2bc,
982d54feb35b6edcc981357450eb64dbadff04f5,
fcb57f1ce2a4cdd2e01e76489be7fae24a309646,124448
358b87c580058e0fe3b2f24c88a9e3732c0d96d5,124448
648496144a3c5f75db46e65843e3918b939c966b,124448
8a1524e44dd76f2b222af80f577cb7ac6a9ad421,124200
ae6c74a29448f714b2c3fbdf6dfc285e98872340,124200
c34e0e6b6792ff1b572906a0ba68a49237b33a58,124416
cdabd513b4bf8998794bb924bc7b851ef5e7f659,124416
3d1d3ef09f5c45c8f30c82f09f3cbc7c8c341adb,124040
71ef0d6e68096a777ace55a75375d5b60d6ad7c4,124040
8b1f96a7810be911668a58f98df0012b9c488240,124040
ebed8790d64409d7aa8d9ff5555258aba54b9507,124200
12f4942cdf270db862221cb14db18e2d7219ea1a,124040
7a0dbe550eb2fc81b2801df3da14836c63780caf,124056
84a8668c569f4f32136599abda582f5910d3010f,124040
876bf8509e99a1c481599b07054b6f4fb7164bb9,124056
fdaacde1ea4a498522d5ff613157b471ea416d5e,124056
4646dfd6d13eab34f341e15b8d040a1e188df69b,124056
7a2e8d84e1fcd217351f8f1651ea83799a16e2ea,124056
9ac50f80722df49c045b5f23cdf3eb753c2310dc,124056
b1679f97cc997abd962f3bafa14383714cd7daf3,124056
f505d4fce512d23714caa26c40ca3a52e457c4ad,124056
f7ba8e940a27098569695e834ffe1477043bb9c2,124056
43cbc9c76965edc54b0e08cae58593d3984b07a1,124056
859486c84fc0a90acfc10a226e79442045031115,124056
a46118460774239c1a4905fafdfbad70f03bbb7f,124056
e0b0c03122135ca4b4fe6083ebce3137f670b0e9,124056
15d2b99c7c89f9511c6d8948c47e1f023d615f7f,124056
2a48dc774aadbbaaf859d8c25f76d5598f7c025d,124056
7d5c33cc4a9aab8ed39c3b72f4d3604cb4af7cf2,123992
0dff04262b646c2951ad06d475566d8917a35f09,123992
6e5f2d1204dd1430da9b0e9df923b6bcb1377085,123992
b2b9dcf521e2ee04b253ae853fb1294688c64782,123992
c18c961820f1d32644a9e6d4606874a78752bae1,123992
da5314b43a9375e5459f468f0fb103b0177663e7,123992
fed278ae4d82d785f25a79efc6d6e625f5593412,123992
13ac87a96138f7c9122386daf01bde39998b75f2,123992
1ad24cef3335586478e3062a2d156e18d79a6177,123992
c403859258f61b04b6d89f8b80ad86eb75546666,123992
f37525ce6e4d054674c455349e790a7658e6c14e,123992
676728ae9a651a9c770894fe7cd15492e6ac5a94,123992
7419558ba9f703080fc048ada82cd9200e72854e,123992
7fa1477897b1e1746e9f2fe8c2a4357c2934304b,123992
880bb8f7efb5f4eddd23ba3a910899349cd3bb52,123992
9329b16ca60628e554627781369dd0e5c6572e06,123992
112cd103961e3c0ff8f20cada969f497a2ef76d4,123992
5671e2a22942e230b9f966d6de444b64bb5e8a87,123992
da78b4e3fd418b9527fce5e212880b4c2fd0f887,123992
efade6c6a8a2fca6f4afea756b11aa175c2613fc,123992
43b0b676d8d8cbad5b28ee38e1f567a434f25293,124016
451a5e587144e7935d246f98d127621f19caf3e5,123708
4b739298eb7733ebcb8d9dfda907b63a01be9ab1,123992
bc9d52017d9a11c728eec3cd7b3b16b6fd7140dd,123708
0aa33b5017ac23ef2d25193074732156084ba8a4,123580
5aa846b0eea57c55b180c3729228b7d9f738a1a3,123684
5bb7b6793bb9069263706b4aef3eb334cf2339e1,123708
68054a884f825a29491a851b2ed6c7167166cb3e,123708
77b12a68b395bc81feac078f635d6bc56e9418fd,123684
44c3dd641571da8bfb4cc007f2d9e730ef4c12a6,123476
4eb05bb601207b695efe8cd9d220850e886e0976,123616
a42b877d49d0abc8df5ddec97fd41f8cfe345014,123580
d1d4c05938d7b539ad2783e6f62f3afee3eb11e3,123460
df8df49de45ff42476390a6bc7a8ddd9446cbc4b,123580
2ba4fd4d1378564b04fd27f64d234247d71ac652,122240
431c17c3a421f9cc1103d0c3b6cbf0b8c3fe86ef,123656
58119113af27ce131d63d2757421d2fee250d7a3,123520
a3440a1bcc6c40ac3d3794bb4f12dff9a8951dee,122240
2bdbee78a3987626d706676c28a9edb1d5f403a3,122228
466a5bcad18f009f07562166f4d6d07ed236c2d6,121948
634466c25b8a0e565da4751e554f9448fd842442,122172
80bd8f82f439136f4713dab91693fc109b898e71,121948
668c6837f82ef5b687bdac6af08735f065eb74cb,121892
833277ac1481a8507c973099ce8dfaa3df4ddd21,121868
8e943057e8499570a463936af6bcac5890f4da4d,121960
8eba7361a372d3a3bbfb7efab14f1655e9d13886,121956
c23b69b45947b25df2cd849916f144aa0e2ec08c,121940
e35e267532dd68bc0d144e71b88d5ab30240fac0,121984
14cdca8b8e583d624f31948c791029b5c7849cf5,121988
aa43231ee56f8d95f6599351c7aef06fd4c1021d,121876
ac538b427a85b9699a05d79dde774e7aef74e4ec,121912
f207336a5bbe139d6805f10b9f41de2ae22f79ab,121796
3949e063c5eb0e8abffc3920599aa50927311530,
4c945cbe86c64b89ac77aedd23071b00fb34e292,121912
7de789048e7f727e6c1e6b64a45fcccff54620ff,
8233305102c7688252d2c507c21c085a53825d19,
326b8f50e6f585fb8c8f148eb044cc5c93113fe3,121152
7584ba3abf8ec86b418fbb2a1b6b875160d7776e,120880
d9a4cdca2ff85d2b481081745273039de0a24e9c,
4877a1928fc45c122cdebc759aa499d8ac7374b7,121016
954456dd2330933bffac3c6432da3456562db66d,121108
063a35a8cb9549a51949fbbeefb238c5780452b2,121016
06512835504b5c59484c9e70197063a2fc6b06ea,120700
564f78b2dedb957bc7d585585037dee9b3ed0efc,121016
bb01c93eb1a797eb76f4878e736a40a59c749946,120700
534b28cc078559e30ea8c3b0ffdf84e9ac955e1b,120700
85bc0e61bda767eb31258a9b740fa8b2094032f1,119808
c20a3a9e85d9dd25132ff9b332805490d9eb3285,119772
ea9edfcf985239eb5a6b8e14675efa8f65df9456,119824
1891e6d9e6d9bbecee880cdcef2d4f8de154de21,
2974ad3087c749e50db23536784e8ccec52272b7,
923500ea704c948860cd39f6c56aefc1b8b6c602,
c80808bf939d04b539a83772f75b8863be7092ec,
0eef52c76f5fb44094275e9d3653db81acc16e54,
673bfe8e7ac1578871b43142cfebc90a07277036,119812
8dea4e76165ccf731abc0be7018e00d2a952df52,119788
9b2202fb42ab6088167f4c11624161fd37a63bc3,119788
bc1dceecac7f25240e804660972531b44030c24b,119824
a7135fae12e04b8305ffba41367122cd497a6d8b,119676
a7683397e658e140bd3bd1060fb3a6f269e9c0f9,119728
dec2f8865f63d2f55dfcea08efb9044d7e12e2d2,119680
e159c41f8aaeaae750389a2d17d8d68a8935d33a,119680
e387bf55ffc38841df3ef85ad67e1ef2aa1ab0d2,119616
278bae3ec8f25b846e83800d2411cd4e75eb06ba,119616
32f9de5c87e9b90c51fb850566956d30504e4d26,119608
6ecd045d7591174491e93a38d629e1758cc49220,119612
0f41c0a8321489f7c0117b890c19252a0e8ded87,119540
363cc68b12f1e83cec6b567b95372a9037cf24d3,119528
3d48c4f1fbad8d22b4f7463cbdd76f08f729e880,119548
9a7570fe66b8a5cab11530be020fd2185c7b5668,119544
61ab73a739c047abd1d2d07fc02ff63c434edaa4,119588
9c0ee3d8e0c45552c942a2b55bfdf3dfdeca558c,119528
b93428b3f291e9bb2af4ca16ea0ea401142182cd,119528
e2a16b1381fdd204ef5990151714ae7c15f81f44,119528
01b5b239589a01e796f55b3f130168444838ce26,119584
87905b06b0a0a9a469320e7f5e792792afdd43db,119548
d396500098ca15a0348b6b4ba9bd41854075f91d,119580
e539f65ef94e91607753722db9ff6ff635bb06dd,119580
fc7ea99076b90474820e23a5be4cbe56531149cd,119464
6578fb534b5fad296e2253d9bf0e0fe2c0cd9ce2,119556
7ef42fae33f8015f51b27be169acbe86ff039752,119548
9725e432e0a7eefea35bb9e442c8deca71228bbe,119556
a8640a2270ce3f3183d43dd8bc4bf772128016c2,119556
a869376ab31d96ff12d678a0fef6b13de60eb771,119548
072ad96035f5a46e511afbcbeb9c69d1a524f4e4,119556
6a72d7d02e12c51be1d4f64d7fac30f382197c0b,119556
828303a1a23cb250ecdfe267e46def485824583f,119556
be3cf494ebbaf80d9523336e5f97771dd8208cbf,119540
10edd2b38c5d799045414d143f5ab113287f5848,119536
11e8ed7cc3c988dab2f6b8979ccd37685f207f17,119524
aefbf62e73b9a9376ef2b14a976765662655356b,
fc29c63bf7826258a1346d6fff105e0267dc3c1a,
12809afb847f6e25c63469b75c20b720cb4cf119,
7466a828ff8b28e405c644d41b3f29090b84e779,
c0a19d6ef1e9e74e7638e19c61e76cbde65a55b5,
c0c2b17fd9716f60c6bb2eee3b31607cdeb4e94b,
f83609fceadcead61ec20f90107e8b0a72996437,
1562ca3940345a0818eb0299a69caaf00c230435,
3c115179268e5b80ce34fce0a86cefffafb905bd,
8a22764781fa1d4a9bd788af6bab4381729a861b,
39f1964e4d5ea84e9bf924b02954e4c767bc18d9,
641ddf793e0b4fe5ad970b54f3daf3e4321d6e3a,
96df532f07cb98074b7306d0b65cdc896d078f33,
26b8bb906eadcd1b0a86a826e34facf7e45e346d,
5cd6efaffbfef567bb4fe5e6368b6b924cbd49db,
72d9e8477436f062e16dfe4c2ea4e3c8678d5249,
84170a0022ec7b8cf67ca0dc3ef08c62dd4e3e92,
cca3bcdb23a49707a2392f452cdc6dc49f5c6c84,
d71dbf655c8d4172f66f16cbec0d65e1fb8c06b6,
2f126231b6c9c913fad1db290e0ae8cbbf698d38,
48635fdbd17c882393506765ec467ea48f15588a,
5a48429522b2d6171bbac2c2cdb25ac73f883a1a,
9f8399791d53cdf047934d43153c3477a4503d5a,
b86c21e3ad15d89a7134ed15cc12772943c5377d,
bb3fc6618b4bfaa79a79ddc9f45520dea08d4eca,
25cba619e26e1946bd64c46c84e61b246464db6d,
39ea193fbdf94d76d41f87ef42e54110da2a7b9f,
c8372e2135ee25f4208a9902419b6ba6601671bd,
f25d47434568c9e701ce5be1d38c54d585065f1e,
19aa2501bee0979d508d0206d76ee225a537d162,
58c9d403806e7198c127fe6ee4c03d8641714bad,
6a8f01a027496220a23326b3d77a8a20f5d5fcc4,
cefebdf67745cad1ffd1038ac0ea13de8c58e2ce,
ef88783a49b6fc5f8c1cb836f3bbddab9a70d73e,
f93762054d1f2e7a6edff87909de63382d11e091,
5aa72bdc43e99f737fbb45904874b6fe7a1e8a5c,
7a5ac5691a4e25d51328e404365c4241daecab5c,
7cfc0ba429d1a8e547ea51ac8ec578ab0d4d9b22,
f35617a792ad99a51662512463e211f810f9ca64,
00f51df9a1c3d48e8926218149083a1ba420c825,
09694c4e5d9be1d195d0cdbc1bc85ff055159f0b,
67f39d6f860ef5ceebbf408c9bf0f3e54bdb1327,
94b94f980a6afca1fc347a89384d99a8526c99ea,
c7bf53b99681df212220f24fed873a3eb9e78593,
fd09eacb42dbe8d2342ee34e86ee0646eca7188d,
0d9d1f3be7fa91b4e587b215cd8f1c2d14f22afb,
8ab4f0f2ae915da4a105e0a9350f8e981838c68f,
a102ef57e7edac1739881c36487da072a76ccc4b,
ba9e706c15397c2fbafa04793ba25512d9956b14,
3e00516ccb5d63aaf89eb0756e550724c5eb1df5,
92adf706d0d884ee1fc8192ff69a82985e2bac7c,
94915fb61eee4554fdf1e0facd9a047d2df3cc26,
b2045a0e172f3f474a4a1be9f22eb466e07a4e30,
38e1b39948e5f9bc2399c144a62ebd7273a9805a,
69c3f5011ca3442359b028e9e36c9f28b7cc6ffa,
a423b957f32560f3d1b8bf7dc68a2345b7eabe79,
b72c1b78d438273fe573a7da0e921aeda7a0d28e,
d239974dbede375ee987c925d8c64961e6ef3d09,
3b01b5f9b226198d69b8eb4ce4504675f061fe3c,
5b1f5a47120b9e37d76e92ed01810db6864d326f,
e62a63a2b651643b5cfd26042bbb279617114cb3,
eaa5a491601b7e599b960f3b8dedb76600effc08,
3cf745dc2f9fd34dae757dc91049f9fb2d36622c,
454f6eca3d58d9d2af517d62cc87d82118611898,
8aabd320fbbfa391db2789b51c6a39a909ecf2b8,
55a1d8188c99d2bb15f98aa087b51877e3be5506,
5726f18006e729137d677e8386b746fa5ab2068e,
e37040023ddcfbeb9526f441373b653d2acf1362,
1372fa0b9b7f980de7823e55228cb198021cbd8e,
231a1caa8fd52d5fa26fc1528da2591466191aeb,
470e3bfcf8b9b82b44a469b705a6ee74b06952f3,
efceebe1983d8a5213b87bf92b267b951bd9eb15,
06daeb4329dbcea0c507af9d156fd141ff4aa857,
23154a1a5b6bfc24674fbdb0ad477388cda1a15f,
8d47659ec632d700647c3e37150955e741665d59,
0dcf65ebe8db5ce040bf7aa8fb381975b07390d4,
11ad060f335b3d81f83a14b97d8b164b85270e48,
d1b6786e77d64ff1366f088f65a42349ac15aadd,
d9cef079cc716ba6a9939a86a2998ac63c8b84ed,
25fc4278ff21907e90be2b89afef11b269ef7d16,
2e5e87db39b89f1be989d9b152ce1c68757a23ce,
5d53d47d3b8840f6d1473be754029e5c8d9b71bd,
e4903c73a64e892a86dde64f8af098ad7fb33e6b,
f9e4d60fc090645039590c09611a9edb882cc2a1,
fc5686babb3a9d89b413229d46d3919871afde27,
1a555e62ea4e32d1fb95ffccd735092da326c15b,
87614e8c588a2365dae8cabe72d3c9352fa176a9,
cfb025cd995a2a039a65373d8367dbd4d15d4e5e,
da7c21a978a4245be46f61025483a391fd83ec22,
53ac2ae41a12efb8471f33b76449dc96d19a06d2,
ae3528f165ad78c5ec2c363a7f688b0d1b6f18c7,
db8591bad38a462ae3b744b128c079fe8290d034,
e698c2859174ab695348a4f6727fab3928aa48fe,
4ebb2d975e0d9cc8632d191be3328df991d67b3e,
923ed1c573dbcb11b941961f9e94d34b830a670a,
a38301e17f676bf35a6e0aca077afe1cee98929b,
d6f100fbe784fab57a1f47249206514a4e194895,
0536f8647d45e88ed1b727587f890f19225c382e,
34107d2fbe066534fcba969f246a252ab2345654,
78e5e1666172fa3f8cfe60629cc61c192bb3271e,
0c891612467149b1669c0e87f3ea2b2b14909afa,
24fcc10c3734046106ffea8e8e0541b66394e54c,
349ec95152906c3eafbadd36e269f1779dda10af,
35292a1a266c5deb20dc5aabc8435543de5939bb,
610ce85af4437c197959862bcecbd4b03cfd24d1,
b5ee7b7a6324a58a1e1a75c6cce2d2650580e482,
6b1e9ec113b1c447a926fe1507c6ab3e2765fdc3,
6f8fa649fa7e7e7e86df05415ba5c6905ab5e87e,
81e0b3bc213b91945c1062ea123e77841c21c343,
88b1e90bb9c6dc3424618359904594dd753bae4e,
a0994859baeeb475e3a6b5bccb647e3ed5d5abf5,
a180aa558f8e6b60bfdf8f42794f233a2e85eeb7,
50a28ca269e565f1a4d9b118a13078b91065e362,
c14a7feffea295456ccc8f1bf46fb04f7ea2caae,
d8723c8e2899dc7ec23ce5086ea385f2ef11e95c,
f179066f36e4c20887fccde880dc48dab3a267f2,
350f305be772e3370f309c03dd6c348b9ef83ce1,
67e4e03ef2cdd1308e369c5f7f8c062e83367aea,
98cd7ba1e2eda8a86af1efde6fc3df6ce8ae5e36,
d74ad80129e75cabbed8e824a4e925c769c1b119,
f2e2129aeaaf399264cc8eedcf1a61237c77b22b,
07d6e813abef3e1aef6f17340b17318e3feda650,
7583989dadf9911f286871eaacf09e28e5a4b3f7,
96f3105b435b1e4856d55ec57696ede43316120b,
9f2b7239539a12de03e8255f86e0550384828e81,
e50cbf5721ce9fc904b9a9c5041ddbe7c681360d,
24f779d0d0b42033111d453622ebdc37826f0b2c,
548a0261199920d4f2315c3ad1e06799f216f882,
679c0e4ed80b75ccdb37979ad2a3555d2da13ed1,
9f686d03ae9932353b5d2c13ef5859fd83fe8751,
5e2501323ca87901a599d17c3f84ca50a1958fa2,
6baa46561f6244c2210368a98341e6f7880c959e,
6dc665c311088ad7661e2179d5fa34a60c99ba21,
738c46ff134223f6f63e140289c7440f748d4693,
ed6539629cbcd89a27251a24d052be0f094f467a,
3c26433f585da88f7393f74e63a302b16d6efd33,
4462f8b44d625457c1044d8beb8e024550af69e7,
8191521390801e3d8c3f099d78d9927a4b478fe9,
d3bc7308d565c9282503b26763022f51f94ba76d,
1877702d4dd15de06f99c4157815d1385aea78fa,
39b80c86f8feadf6c902de83c2b5561f0e1f7a40,
88cbe4af176fb65fc9e0ae280779c65157449c16,
1840509588bacaf30a007f28555b08b3bf14d091,
36bbb91f543a9f92392f5c1c780cd4f2d6bcb1e7,
af554bd91abd6dd4f1a28d807f373b91817fba20,
ef760a945671dad891adb3f53df7e1ae97ad0ffb,
f7554c166b9ef50d4a73a4c7ca2ce570e65a4278,
01f34f06439070469d0fd916edfd6bdbc66d24dc,
4a1782fd75bd434abbfd7d994259b91500a5952e,
10bb31390e1d91cb5236fbbaabb77552a3203987,
3051ac1c36659f18ca9f5d85628de010e971d37f,
652cc571e7f9c0dffa1ba0f7da6fec3ea6dcc078,
14172a62eaaba78adefefe60f2a05ad950da3264,
68c2ff3715c8cf254040166f69e83fcb4769849e,
8537ed7ce49d5d5eba9eb398aac41e3af7f3f843,
a92239d0b2c1e32964f7de53494a1aae716f6e45,
f2205506b12503572c8c41719564a334c88a66e7,
236a2d4503582f1d462293940b8c41bea4cde460,
28e4fd2754775a6859f3eea3506dc48e1e14f503,
4a722a134d8dddc1253f8e04f88af842c2be6b8d,
90adb5f42627bc2ac8584ab8a3e360593c8d7cf0,
c5ba549acd411c5d14a30f2aaab39d6ca2740de0,
11dc1d02360c089e70a7a64448c6db1be4370548,
2a7b61bdadd43122baddf305d801bb4bf275c0b9,
3b2b4dead030dcdb16264105488172926da41410,
c45103c66f97a2c79e5f5e2242305fa32311d2bb,
e8341509595aaeee824c030446b33a7d85bc3ff7,
fef36b40b038f44b37731e46a1d507de48233cac,
1bacc75a6d58783eee15d54e072c3da103705144,
1e8dd50e314e3d51c9cf4a8b7d0972f01ce66b18,
957c03742f0205fa25aa88cef5e20c9fa80c47ba,
9af0806eeb5e3e4ec6eb4f2beb37a0a5c9a60619,
d69c04037061b06175129aaa584fc8e17a74f3ed,
e6db636feb87cb49e91992d96cd378f91591f464,
58ab8b642a180baef5b9776e05121670e1669576,
6fff2a3bb453f7e31bceabcd9401e7e3e4feee01,
8710ab7fb2ac2bdbac43bb2abbd459d815eb5977,
9a5f397af49f6f75d702524a8173c0c9baa11dba,
a4555ee7af8ad7dda79ec9a972476819e014cc8a,
acd4370177efdd6cefdf8028901dc77845092665,
e42df20c345e64b616d4cf1a8c0948da9bf55cf1,
f322cfbebd63f223198d815176ed207e58ce0a76,
7616c5d753735f732441f3c1a3b05c8ecd067f41,
772574eb1cee60a41ebfdb7eaebb64acb5c055b0,
7cc384aff42b2e512ed4356994f5876da8a3d8a3,
85d27ffa62aba8c082732b3df9972781fcd9b4d1,
b729f6ba86ce2a4ddb4e33c89eb0593b722e5189,
d6b82893fd4a44b47a1ff8da8671107451c6e941,
deecf3c6930546e193034197ab8f3e75e91275c9,
e12f0bedb4f1ca9baddba300853db726f4a747b2,
6d2adfa5535c09ec321d9b3d1cb85763377f394b,
90014e90f924ac666ef62b03ab19b714bf705334,
90f378dd9261e714138a513540725c334ed796c3,
9b00bc2b24550a374c03de8c96fe556a96f7ee5e,
db60afcd7138852bcb8e6d47ae050fc88b92a6f9,
e770128f45744833941494cbacb1e632a6747d0e,
f2a13275b256a91af380243309129d3a311b31f6,
fe95f3b7904ff371fd1c8417e92e7d1bb84cede0,
01f3457cf9e1664a65b9b550a63c98b100a76946,
02db0ac4772db6724575c709c6b9ff34db30c110,
a161905a82cf7b5a45e84001598432a70ef295ae,
cd352f4e6703bca9686df334a63d640a45ab377b,
2f0359e9421d04b0b544e9bfa7a7334c7461fb71,
7312b9d30940f8c78ef23819cb9ee38399d473a3,
b5ba0bd7e9997a2d9fd4aa069463f9c44e91ba87,
cec9a4d330f01441d671e791d3478ec6160701c6,
0295ad015af85f065b63f01255faca30b932b4cb,
2cf73b5b7d1c4d385165f2a3013db71af009b103,
718c90523bbe8c9711cdbf375ac172c39a78f452,
833de031da588e86cc4efd9980984b3856fb13df,
de2f5a587eba79341600a1ec6f9cd47fb0f354c5,
fe0795237012314d53b9b1850108e034d03f1d5e,
2d2f91079e47ef657aa8997e460c04fe828f9e8c,
7af4114400de45348ab40533950bbc879511e25f,
7d9d621ed777289aff8d625dfd283d126996a871,
a35b32a410d52d948678a5913adea7148696a9dd,
b803262999cc79757aae641a3b5f8e47b09c20a3,
cccbdb71ecfb237bb17a787a68e55e88604a607e,
396027bae2e172643311bae67f6f1b401db9c06b,
8a9e2508ab4ccab4d131f7ae5abc929cc5e8eb75,
a287660b88610f6152995469020ccd283ceb8a5d,
abbe35e8e7a813f7fd526dfa114b9f95779c0b35,
b1008d0b57a05ecd590194584460509f314f5475,
b42c81e6675aee5a640d55aa6c37d5f08d43e603,
f2441883bce567792a1278ac9f899984ea5c9ea6,
1772cf036abed0dcd63273d25bdfbccf86bf43ba,
8a48591846e2c1a36d731682a0e4fe679b66a66b,
baef1a8c1f34b8bf7453848df5058586a7eb045f,
bdfe3b35362cb93f3a6b21623075546ec358e320,
c93eda909008bb74ec512a30d390784e82eed96c,
e33d4ed5bcc6c8e5af9daff4435cffe4e68f1c22,
fb90b3dae2201c9bc58e267dc1f453de418fe2c6,
340f6ef788d449b25684edf49de39f451c0536df,
42bceaf8eb3ec0b9509f7fdc014767779ab35f68,
538ef76599eaa67836b5de3e0c8ae9c6711da69a,
defafa64f9dad145b2595fb475602f352b1c8cde,
94f65abb286a59c02a4f99e0a3d0aa79fe7964a3,
a2d0f0550fb507c139925814d62b7232c17442d1,
bf16ef49b74c8ce88634135f686daf3f2927dd5a,
c85c20f99256aada66074dbbcfb18c4d51477ac7,
e351649538dc42342b16d2cc3ca2cf9a72ac118b,
e6252d53ccf4060f0a8c8a9c9fec7fb7e2b37087,
1d12a45e3fb481b6f05a5cf3f104a010d39166bd,
438a56303d376a2720dffaff1fdd4447a433afea,
81c3efc653e07c5a5297df0d8f0233d0f3e68002,
bc6d45946a163266dab1cb6429c29bd2f4e33ab9,
156279b0f01daf2e5255f85bbb90b13f44f43b80,
3e5e49d7f5e7068020c360b5281a34e6b5a32b4f,
a049a4914bc75d33a97046ed151f29fb827835e0,
b9f1a44b6256a471785095e81e42fde773a21b9b,
bb2caeafc790fc1c5b01fa35d3c1c1a698ad47a2,
00c8fed2f67fe59ee81b09b0f10dece2b4940b83,
09687b0e860251a8cbdf12ec941bbc86747be23e,
158ec321762e36301a79b659404ec638e596119c,
5c8e97fc60840418e7c10b1811c73ca886488592,
1027446d49ffa0f9f0590dd47f088f86a7999a51,
1eb9dedfd5d4f0b2058039725311c0f8c0e7a984,
260795c60b4f6257ea7e456b08cd8287b56184ef,
e0fe5b5120b52094d533853d4fa566e08136d7c5,
fbbcec9e00a22039a0ef0b0e134d5b3eb2ab74bd,
063870f2f26dc23aebfa559e3b3a47d22e2be323,
53efb2f14e5ed9e9c80a98870765d1cbe304c1e2,
7081aa02eb716f1b327baf803de5b0cbfbff0500,
71137cef1e9dbd3418a486571e384322e85ac85f,
925d2f33065bcf4f865b56d2ba6b247eefd0af49,
a0a861d30bcaaeb2bf190f2b5e7f473014d18be8,
39f19b0661b1376890c02cda7a87f04d2ba02a60,
4fffd804019ae226aac24c3e55062ac025ae3c79,
7c242fbbf9a4ff7bcae6c9d89c8330a459529219,
c83c096869a673e8d30252a79eb902e2c47b07a6,
d60e9a57b7119057bb1de5d91f3ae45b9b4e6805,
1313577d403b4a57abbdf8a8a74b0406fa0ff341,
3e09b7d496d0087e8205bc8eb845c70bea6cf888,
837e9efb947e339962a3c8b5049d5f86166be44d,
04dfeb51689e21939bc129c48abb2f92f8005102,
1324697e2f52fc0f26f959ad7b525aa54d158cd5,
3775a4987d7d3cb8f71aa558ae456cb10f21399d,
1047c71a656c9167ea8fbc2030358eb5d09e7d68,
d961637b324f4e1a205cdfd311fab8f9714a668a,
dc1350ac0b8fdb803dbe64008b5f3c59d2080dfe,
1f952476ea434c8be5eedd06be15b42e2c3cc962,
4fa33d446c1cef25a742d0a6a19fd9308aac0c1e,
6cc5fb1d77a26f01d10d2da1c9dfdf6724224962,
f9d65e6fbccab43f18cc7154aeecc66c4841f6d7,
fd4c49bae9e73de7a0bdb3cc914ca5e2b956b5e5,
0bd92f0043a32d741623b95732df881534258737,
224fc19338e6f5caa909af75b5d39aa4b89f773f,
8df71eca8fad44a63ce49c6490b46c7985940fd3,
443e1268a1ca0c84ba1e4d3957a5950d5526d88c,
4e5b7385d6071abe49b1f07db85f38d338e52d7a,
7f56108bc9c38b0daf74166814ce05594602e522,
e25c82a8954f55dc02329f125f1a5e192a692e3d,
f5b04ecaa268dda91af5d5114513dc7fd63abefd,
197e64cd3be24e2eebb8836e7d7d8fd1b4e7d61d,
4f45ccf2855ec292c55416431963d9dc2cafb0aa,
5630b315d63a9741be9bb491a9013ff86f60d44f,
7303ae7838239ed327380d0a5c1ba4d82ba62153,
90bad97bdc24e224df2d39292aca0bd443eb926f,
2d34847f2437bfa6761cedb7ef6aa41e6c92612e,
3a372a0e56eaf587e0d2a490d0ca921aa870f759,
3ef130b84ea06db30d0223a53543281419ead7ae,
5b5b3d2b2e9052480052d4e74e9ce9ec83392dbe,
d160669b56b0514f9a42fe170a5941a10938393b,
4384e8bee2cb7a1db1f9342bfee648c15019c680,
47a3a6cd5db08e7098bc0ac5cb002dca12dfb1ed,
89f3fa59fb4ff95c5a330f3ea0ed3ebe1cb23548,
984f0c31dfcf21d24a614402e9394161858bec37,
aa3a05e0f51af1deb7d0b6849a533789df1a90f1,
fd5aa25f1b21056606fc06f635d5fd1310a019e2,
3066b9976b74949ebd1de184a4bbd570933d5d9a,
35591ce6b393dd75edcb71030892dca4b432e34a,
c3832c7b0aadfba6463d8cf52b4a1d3a5e242947,
e1dbd361074d24be79c434aa6d6bc494c98ee50e,
537c26e5a52a05fcabcbfbf4f5434ddbab120ef8,
6a6e9fdca3655df9f60f977adab4017410e4fe6a,
d85e2a85d04658807a781725204761f8ff5e1436,
dd36df07e1dc1a038237fe5c413d826aba75a607,
ecfce16f42e8c1ad3780cb75789aa7bb39119421,
615791d45a280d72f7d574efa133bfb36969152d,
8accf9af7044c9a6032ae2f06002e612fe53b305,
d593831386ab537a8bf4ca6ca618144a59a4be93,
d658d6da6bd8bfc867f1e7be3db433648829b720,
de20127dd10df3034bc210782b9e1dd5481088c2,
20f5ff423d24634aced3551bd54b3cc194c7ebee,
3a9c06ebef766f4ec1a287f4cb097e11bba3f5a4,
783c5fe367638dfb9a863e1a8a7b9e018617abea,
8f756cc0805b0b1dd79254f9934d50df10bbd776,
b588bbb7c139d70ab58f09ee3301e9d103919957,
bcd893417fc58af2fa10b35b4e169abd4ac15875,
e8e3bea5bb971852780784be6da7a48af75004f1,
1f81826f9183e1abac92b2dfe6bbf4487968b351,
506bfdb7f376a0974dc9823ef5f60fd98dc8e21c,
51bc3ac025eb862b9e753a2567381d2e02db70f8,
f028f35134af0e87ac1a51744360745e4a87cdeb,
6ae59add488e23293c49e59e364a9b0954d35954,
ae8fa885e7e0e1289107303c0f61129bba9a5049,
cb8709361df888ae4112be906398671eac2fd252,
e0e408e4022d047cfbe4b994275514cc8f5b6b51,
f870ec75c4b7d05ef5260183323009bf5917ffa3,
f97033da55f6a3ed4525284fee0a7b185834f7b5,
2d38d169066a5997546b10c501bbab48fa86921e,
83f3097cf6ecc293768758a5359d06a8a4c90bfd,
9e5f476a3310e3da76d43534f4cd60ff3ace265b,
b99709bf2c3da9487c4a58df06e527c25e6945ae,
0e477216c56c75451f071bb16470ff6c07c97fb6,
526b6755a9e1cb9278f311b74b255582704a452a,
55822406b06ae72afd05eab319d686ba368089c8,
d717027047de590deec91beab719c9d34e4c9fd1,
eeecabcda9b687dd5e54819098bf71844b808bfe,
bf76dbf74b427ecfb1d21498680a5bd09a583772,
829f93876603fc4b33e21e3a492c636fb543fc66,
838ba108f56cecf30038242f4a616b9ef259eae5,
884b298b9723f951ec4e077d8186a4ac92606ec1,
8d3bdfcf039c7c6d4c80ae003843e17828c2beee,
c18aeb19875d7539b5fb679fdd1883a6abf9d195,
ca07732608261051b496f3ff500c4d2a4e2d3b63,
f84372dc7bbe1ee9b491091ff2243a5a91769188,
0ecace8d7e2f86c4a0f456e0c59bd2d4bc9e8236,
25216f07064e4841bb321e54dcaeeceaa8b6953b,
bd92bef600f6843385a89a2c5d60446838184c68,
c7b74dad94d48b0879f68b49277e175842ee88fa,
e7b9e0fd66d04eff103f6c215683c5b824558770,
fa4b2795cd532379030ad4148a5dff463ca95672,
17c7a7b1414967259f655b5b17ae5e7c072c0a7b,
31d7a68820c3dd249f489682a2ceff063cb4560e,
3d117f52d30b2b172c790923c37e3c52560e4555,
64266fee0f8f6bce888a5e7c4df073e7c2d749bf,
9a0e10db4a2930a43a30022084c8b7552b32b6c2,
a19608af3f7ad7f2b25920897d7c2a31f49eb369,
00215a2c96b8437aebe53a454247b1be978b9df7,
455f1ed12be2bf7dcf3a656d1c601a197ae5a784,
6f558de3db3d48ba6b0cae3c1c28303d76683ab8,
92380e38e7caabb4dc5b5ecab0b65a00ff8fe103,
ed9b722fffab66df94eadcb83651801e10ef0814,
f45f23ef52a3fda793a954636446e5e632cec87f,
0fc61b6444b8749bb25866912306de236dbeded4,
31970ab625631a17c9b150a87960ae5d633f3672,
46722d322eedb9a22e6048a2e725ad57292ea3d5,
5e3dba1f5c6fe08aad0dca52e6fe36a904a51ed8,
68afece18326b6161a4518a1a02a917e25744453,
8f24215cf9ecaf68f435f829444ff973c7318158,
d266b6936c782d296918cc18a3c4d74860157aed,
298b30daf676d085409ded0e452b0dfbdffdb130,
381d43b69efff6e79d50e74b1bf0471c6c82283e,
bb44a5d71956dc52c487cb3fa95c408db087db5d,
d11b7741d867a618fc49c8fea46564e0d5d0d6a7,
ddf99d8dc5401d1e32c191f6516830f3dedd8ea1,
f905f88c1f42c13a527c7d1dd835914fa94914e0,
239ea461b01809bb0f6ae25cb847f9b43e807e62,
2b9784014695426c88db1d3bcbb08ab85fc79a91,
66cc5a0526411ffb44e3c77702c663adb2551f63,
98e140eb85219c772251b75ac639e7b01f697f22,
2611e7d9471acb1bc2ddc29fcac09f30a3bc95bb,
3b3bea936e02780b69649462f0ffa0c350d2c26b,
b58296c55c5c56d0f01a1a00e34d34700dce0e8e,
d819ae45c3378ec078c2528af3f5f537d9a686c7,
0c568a0063274f4e3bb39b54081656e445dde2bd,
8120bc988cf01ab02901bf1e2ce1f43cc5b6a7ca,
cec9f4e6d111d5c950bd03e38dd1d74df1ca0d4e,
d9fa8f9d63a0a22abfcf2a3b5c7e97e3cc0351c2,
fbdbf64ed93adb72cfc91203c68445da40be8098,
005b792a856d154a82529352a78525ec20a47635,
5405d9a28f130819150c35a2afa4bfbaa33db90e,
f18d51c5d3bd94cbf83d748416d405049fd2614a,
0dbd0480a6ff6d809f00a5476c2b130ab5c58e23,
16420353423cca6c59097b726a5b1f0d243a5e42,
c05c15cb0c68998d038a01ea9f2146e0e70b7d2a,
51bbbcf39988d47f88f0ff19152399ed1f9c3c4d,
52cddd5ec937e93024353aa41782e35db5389490,
80f269c0b9818a1729710331066281be0f6280f0,
833dc3bd6c2a73c967e65daf06624352624e183f,
c1136e4b565e23bf174be8c9df6004a9acd5e2da,
1e25bb0cd6e0fc23157d0482b051da51a29dc52c,
4efcd236815e22aaa38701cf1b53715e71806bcb,
5ce4a6eca45abfafe028763a3fb5999044dc4afd,
651d22702d62feda638c1719371a5c1911105961,
80dba17792e191164a7f7fc7f07cc4990d0a25e3,
908021205fe59d9dce7b505d1618551d65d9b81e,
b9b9f84fe6c521870f0f55b91e21641ec4186e8f,
beeadd57688a0b508ad23546288b4f6a9123642a,
ff4c83ea147219ce8b63883f1074d22f3afa16a5,
0cf41fe9be7c316489b9d5db9150eddcefe054da,
71826590eb29b31c51fd48ea990398672e7c8541,
8f7999c0eb49c06246f85bce877a24ef102b847c,
a56f9bdad1f8abc70b2329c27e2ec58aedae76fe,
b1132f1745047840d8f138c026ed66060518b285,
d3de242bec31014a2bf61d21b35506f9113a9569,
02fcc84a034be888e155373881d3e964dfb407b8,
482cc1db579aba63ea059a69a589a6305f2eee09,
62939c1ad58cc16644efa62bcc18daf284d6cf6a,
8314accb00f5e53a69174d044e34443d94a02161,
9d74611ea111c628aae34e1a7e0df254c81d2fd4,
813666eb4f8e43025413fd4940e60ca0689d75ec,
9375b0904df813a15050b1b17b98f49d3960cff1,
98dcbe4e3b8b118cf4837647da10740722c542e8,
f06ebdfb5d7277f8cdfbb9a6c1de842f4791e71c,
07a3089069577d3603f08fb3e67bb43133f22b43,
6503ba13cb57f85b0ee7e22eb70bec2936966734,
7d38588f301a4326da6f9ee61e7013d177599844,
c148606ef07944ac5558fb3fa45462ca4667b825,
c881a9a44845d82d5e4940f75b650409de0a6913,
ec83d019a8f5bf93241e2fbc599782098e89f2e0,
fee536ec4178a6e204e3bd8e97c6772af161413f,
0adf2ef5acdaf6d8f1ddf83aa8c7b0c0efbfc221,
5260ecaa5e32bc8125f902605d6440757fe03239,
a29c6c4ff2a9e0d3ef35e8c97b72cef466c4331e,
1e280b800f9281d78e095b50b011903f7a7a4734,
6c28fb5d20394f37aaf9d6c6910525631bfd57d2,
9e68b9696ec104a2e7678d2c7774e102827d93f6,
392ad9716cee0609b0e2dbd8bf8a9f8d9ff63797,
7ab68d69d8e8fce9926c3d24409f80a3857bb2fe,
878d2f3426ae44159e9508e176000ee28104085f,
9cfcf4353e8fed024befad800b91c1fd604c606f,
5929d66849e732d0987e58076d4e1527bf06f24c,
6371ebdd5362d487f80231359ceb819b1670e75f,
a655f5fc48840d5e2c6730a1a77ea91590daad7c,
b4f34878ef1823b8b1cde3c094fbcc0fc74e1e8d,
c99ceaea4844b316eabf8e3852be3eb92fa7b04a,
2e7725f32b5f253e82803ff3d71aa3adaeeca3f9,
ae4d3eb2eec2d2861a0b871b3865497789591cf0,
d31646fb20056ae1ca5ddaef49c9aa4b54268747,
f1afe08651fad1e07c58fcaf4d428417ddafe45f,
f27cb6e8b2224bf88518685a32a055caef1f7f3d,
6d6e2b61a7101177b445e1aeeb54f2718f7400b3,
782a0bd62f516c227603e99d2211d936fa94a91d,
943dc675e831dd5534cbdb1e2d4964c15ce1f405,
c7d3ba7c2ab4f1ce731952e41183b24f9df0e0bc,
cfe49f1a1150c4959d2cbf6ba5b9a8df217f3579,
dc1715ba32fd7f095ff27108ef790f267ac5e1f9,
e2b27b6dacac221d4fc5c35a8717b9f25406f26c,
fcdb0138e9337f0c93ea530eff60dc539a640dd8,
3fdd0582547625eb0b77454054e89034cdbd4485,
93aa30e50f4b3c48250a05785b160fd72b641b84,
9e42d7121e1de142c9ede35a396f3963f702ba4c,
b7b22060bc8a30f86f586e7116146bc93aa69010,
c3e5969816ca97e0c3733c0ddb0ca436c0396bf6,
faebd9040ccd7368876a81a1900d141ff24049f8,
39b0dfc70c25e78ee4588c5636061965145db589,
5843fe603ee796a91200355a3f861bb9ced2d15c,
97935668b1e83fb5ff597b527fd2a744c6369829,
aacb56e77cb1270e338e7f5ec0841ec2996982aa,
b59e423fa9d3569e2adf8952d14e8f5b9a103737,
c8d4c7ad86e67c1fb4c0cddf6c4947dff46089a8,
1fc033578bf85750610fb98dc029d534044b58cc,
2e3944407b40f49b35243ffc439e02853f84591a,
50073858ddcedff8a13058195f095e89c4917fb1,
67d13d8b53bed5ac7615f52529aeb9fbe0319d22,
852a064cfd7a789da31cf34a48df3e21af5b1de4,
c4f34f11d8e33d460fbc0a4508e9b039accf920f,
2a9dfe6ea5fa60e0b2e027c5b557436bee06f568,
62d8e3327241d5fc197d37e73a12f4a79f8fd0ac,
6ea88c6c0ba97c2d50e39e2282389d471a514a8c,
b37b6a5c257d79d7b6d4124a4ffef3ac6a8644a7,
df4ddcd2d10cf9590afaf1056f1773c5a629e43a,
1e38f4257988799c9e8dfbd2c26cf8c42a84050d,
2aba3ef01e01a34c1de0b29b2b9334343d148042,
4121b4dafe5c2f35ed1a24f81b7692daec3d29cf,
6987ee38e7db6f4f69510df7c943095395c8ab71,
dee054fb1c8ee6d397fde1f117276f9c895a6bcb,
12be7fc87b791f4ceb0280b2ffaaaa6c998bbd57,
1b2f4241811b960ab7a93c9fb3b7f17978fcc625,
39aa3d14bbd1e4c563c731ee373f6e22db961163,
75b2b065dc52200fd0a48e37e7e92222aabab985,
92b1b55fc863368421544e4935748cb7227a5902,
eccb058d017ebd5e416028ab979c1712a4a3a46c,
0ad386425144ff1217b625a7a0b29de0ca76ba08,
496c8e8d0b0442d503ac420f56f600141be16b59,
9f09f8c9c1965c47067cbf128c93fcb9f1702b92,
c9ab328142a0c547e7b61f829b0b1a24ed68d2b5,
d92dba113dc22d19155dcd7e71f271c8eca94df1,
ea41dd337a298a861d18b51a2e821edddf755d22,
f8f18018334b82eb59928990d3f7de488c0093aa,
3be410aaee46a1f2b1dc4d87f36762d75355ba9b,
5899f38fa3e7699ddec6fac11c05d8100fdb8b94,
69f206ac0ee6cccf8c3b61456c09cdd6a9124278,
04ea85f4bd7464da4b2088f0c961f0bd1118e850,
1910a543d059a98fc9322b3cf6dcee507efb34ea,
65484015e0662be80b6598d748a5c1f48bd2200c,
77514b1207b900c3e9e79d9b2b223bfd94d50da4,
acedaaf3b7665457c2571e4f5d4af947fc51a7b0,
eeb38b3174e519faf69993a46855b7b6bcb2e82b,
0a987a64deff8bfd5d0d28d7bafbdd8438529fb6,
3cb2f8e3317ca1516c3f1226fdca466fae05e95d,
354b13e81d65afb59f65a31ba643773c03ee4c18,
428f50102998e911968ef2704dfe0a2e7393b117,
c9a6976d345dc3aa1c183fb5ef42cccb70d3e575,
ef26d2fea130ca8cbd55219ec502c7a46b6bee3d,
185716bc16486d610b8d8f17535c2216e84f3de4,
3a3cb26ddbab302fdd179e7984cbd6ec70fd828f,
bc74860e62d386163e69b9a912bfb73b3b04e1d8,
de907e588e71d692f01d5146672b51c89f94dc83,
043b77a71d2bbc8aab36a69a5fdaeb956f6fde8c,
09c4fefec979f10bf3f3d458cf1b40107a44ff2f,
54952d8f490d2cef1d82ca0d305ca76d2971065c,
594d25edad35b7f2be7227d64ccc333b87d99a15,
3284da6183d5581c41a3aeec86381eeb2b01b350,
383ff82657645775fe45c36f4234adcaca48a460,
a3e78bdad388cebc416b819e0d1a2f2834a1c9a4,
bf51cdd9351dd5acb512a78f43f184030ea09649,
cc48fe0754d0a2aac0c44968301b6b87e3684a5e,
f5ca94af010d3aae51ae4d71cc2de8e9890bac8a,
03f67d386811c075984e47980fd1970045385385,
3dfd9a7d056293b6fda52856b1bc46048f9eb556,
a63e2acbf13ad5f6bc3d558f840719b94bee3bb7,
adb2ed6c1989c5a5ae1ef2b4ea8eb8cda8799871,
065cf54a82e9ee8a238369a3a0a08aacffbe8b80,
3658121a7704c28c57c21e4082837c9395a644d7,
66474949f0b2c7cfc0128ce5bcf8efb7be751405,
ae6893adca388fd8076c82b11d39756451013564,
55f753282afffd564c4f67dfbb97e8889b1b8980,
6a66209d5b7e430994d35bb896c9baa3bacb9d9a,
88fe3874ada8b4a00acd5183f1b435df8158b1d8,
bb8693337c5bf6dcf1b10a5724efdf5c641e1a2e,
18c8d8038dde11f58de4dc99fa91627b2995ca82,
5aa1a9a43dd8ace0144caed1dd785cd3c55315e8,
6496f0309a83c1e10defad31151a1e28272e24c1,
cd8875c93eb8e60cf038a7d0daa7810819e7d46d,
d9b071e44e5ed258f68fa55cade6e2c94a4fb85b,
0ffd9ba3c1ec78b34e61c62e453b80555d84d762,
10aa868d903f847d0690450dd4b67b44f81dadc5,
2394d51897c4191572ecadc9e0d7da7e3f1b8f1f,
795e4fe114f4c1b6d7ef7a05c0d5ec87b42952ef,
b1e3e1fb71cdea68d5236b06d4f9814134570918,
5fe5eee6e471989f3bf6d68070789ff6fed4a788,
6a5cb9fd62c1a828409053ec33fb7088b416e5a3,
d504f5a67f6464372ea4cb12828285125425f31a,
1cf76379443a1d307328d0d93b16d5c67ee8a53e,
ae3a012f405477de6e782c60d47474acd381f272,
dcb10bde7667cfd2eea703b26821c869618290fa,
e905efb2ced6fafa417ec8fe213459362138a476,
ecbb307fc8313b75e8e597d8fd55f4df9e68ce49,
f5419e893f2a3135eae41b9342dc8b6d38050198,
1b9645b8fbeccac1708f16ad03d6c88a00aeea4e,
20dc0dc0b0442ba1f0ae4c66d271058b2e39e498,
e6e11ed837c8f914d8bb80092d1167239685977d,
fd346259e41f6d9c092e6c3cbf37b948f3f86aef,
a71880f414977e20e0e0d1494d9d3a1cc6cf8ff3,
b00ebd8bc944eae51aab4b0bbba8d0869dd9ec64,
c0836fdc5e260f5442743fdebd199d23172b1330,
e361d204f8f1723a14fca8a24183602e0fffec8b,
f91a1206919fe32ab1e0b7df39606aae78032bee,
0d5f5afd2291bb791d5dfdf3ce3e209fe713b697,
85219b7f1eceaeb2354f9c22006f97c6304dd269,
b499883372c026eeedb14303c291056235e78a75,
ce60c0c9b1483fed08a7582edcba960c41775120,
18b302fd1719044fd90f124963bf496965e5e245,
32f944012c1b48425a127aada0d8ee946ad66f2c,
415f426b872dce678fe2cd3253cfe78bdc5d7d32,
38a8d895bcfd1154f4e64ae25666ccc602a26b6e,
3f9d7abbc2c27ed289f5261d1a868081fe582e86,
3febb76235e4d9f189f9a35a985dee9ca8620487,
d479e111d79eb95dd8ca29515cd30c2bb672ee6d,
059e5b697f63edf8f00f3b58dd1fda1cff39e2b7,
11ce3810651a77fff79f2c8018e61544e25525e9,
43cc66d5e38f15f0ff21fa876445c98d6d96c731,
6c30015a2e32b10113e0c6b563481e61ba846bcb,
6e87f3f3bf5a354e95747493ce7e3cb7d68f0c39,
6eeb7c498673fb135c684ee32c38855a29668423,
c214314f71d7fd09cce0d756fdbe47a381370200,
e3afe7b4be55e98f4f6ae9657773c32e5596ecc9,
00df5516360fbdf072b93047cd7ac64f0cd0f93c,
0e5d65aefb70552e5445a1e0eb517ec396f2faa1,
1668b18fbafb710c0653da11d62d6c4adea7558d,
a0889bb9b009e48057d42929ee79f873af09c413,
205036cfd50327106900b7078d47ef3319083a44,
6953ce7eb89aaa6d66f611767c7d32f9f5d7944b,
b9ffffaec2e8384ec178c1692125547a9dc9caa7,
e9ef216f29cc968ccd646713b8fac74ddc1f58fd,
064285c071364310a960b4bb89bb90066b9028ca,
13dba0854a509ba9a96fcb3bfb79141d0b641ffc,
6f56a17f1d9b7c7673267ecbf967dfec8b2cd8e8,
88b715d096d7e5668312bdc409333f9e6ebad6f8,
d407ccf77967b9550c25826769895c49c9010e18,
d867e4829ca8457e32b790c6b6c1873dc88709a1,
0742301097e8ba22900650dc82ee40daa3c34da5,
6ae3f35d527c1e5b53a5d968ea8e338342ad34a4,
7b22ec0da7c2d0f5e0e026cf4eecf267f80519e6,
e5954981026596343a767a53b11c183fe9f6ae44,
0f68b665c5e8152f0a00ac603626e3ccdc3cb203,
12ccaefca9f0885630a6260b63480d93f82eceed,
5734928f9bb1f0e03cd56e3ff58665516eed8117,
ab61ffde5daf51014880ece277005f0f909cfe1f,
ddc5654696c100ebd271f7596ab244eceb71a066,
fd84e44b7094dac583a4ca6933c57936cfe9ab61,
3b2c11d5a65d2d21e4256cb5e262f2f63f0e3bc2,
5b13477381a701bc009408a2fab5249345f2e38f,
9ed71652e3dc2347333098af7fc5af0c5ef50828,
dead2d0c160a64f7cfc22c8e57d8d1a64d5974db,
fd98c4970d268e347572c0cfc4f6e9c7541fad4d,
373598dd8e9d6d0c099a7de75abc08cc8df4daf3,
b4a2889ed957873a040ad6f0521bc0217fe02aea,
e05e126ebb95e03301fffcb348a7cdb8636d5210,
e3dcdd5c2614508a81c627da949d39d36481e1c5,
f9663e585d4228c0152352f0399b7b0b0ff51b34,
00aea4b6e041c5ef51db4e28943dbb9e0df96669,
3f00235c74a9fba507405154fdeb4aa777583589,
8267fd19170590c5d1097aac8fb4c21a2d48309e,
1fa2cadcee0f2e3b8324f1b729e0ac6a67921833,
3d11f8d67c18e269c9449c157667e4c69b4c915d,
813f7464be7b36b726241c21daac39c733f5ef28,
cfd8e69d702bf7c33aa2826abdbc9acf78d36e43,
348d93ef6c57f3618202b805b82d4ada89aff700,
692f5e8f904f107b39e53d8521e01ac6c9264b22,
85f44a3b47720f62cbe97dad0955985afe4f2e66,
c269cea1237f38698907dc70d942875dae7cb87d,
c59a8c2eb03e7768d9e0dcc42014e7123aef192f,
df0617b6e6043d3fae348d183f187d9f348c686c,
959c15bbc0e4c8ddb4c99af5a09c1337fdbc7cc4,
9cc68ed89d20183e2d1313900502959533649f54,
7c51d93d9b07eefd96c82478c9f534a8fb87ae1a,
3ae38f9c12aad70289bb65c49d0a20b3c4163165,
5de0e6b4a2f31c2e48e6bb5ffa56adef7379edc8,
902cabde603edb5728e8dece8340b7aea9b95dc7,
b97e20b53e0462a33209f11f86f984861ef0aa95,
13f56595b22703d67a587c2e4ea1577f2b5886a7,
56feda8dee0ade6ff54b1df50b22adf71164c9d4,
637765f471ca2576244827833d20c5356bc59e95,
c28c2c93adbefacfe0662330d8648f73323b67dc,
e36a014ce0eb154a29ac64275fb3bd5b874ef59a,
440a0d5007340874180b3bed1bbd6bcf83f7187e,
789dadd99b6d114653aef0b2fa154ce6dfabefd6,
9019f0266d4eaaec09a517058ae8590264904435,
b88cd69a41bff629b83ad4f0f0cfbda99e28607b,
dc85552cff0438408484ad59079c4c350beef523,
229ba3cf8e4d00677b256b8907ad409409994772,
66c2c7fdc3ba21e55fddaccaf17e0c93b6ecd43c,
927eae1a7f98262deb73f28a21ecc25429b99ba1,
9d8152fcf4420f8c965d85edbf5c26c5b436899d,
c33b5c7e0692862f0168514c5b32dff05e843ab3,
ce72aca1c3e2a37af0682e6570b60495d28908fe,
fbe87e019987bb2cda9c929ed4a63f38a7dd18aa,
3b6156d60195cdb0cc86be10d8e1662cc069a75b,
53ef03bd4c438862dbc85ef1eddc07140b4603f4,
a7095c94cdbeeaa89ee5cb2a7a20b55fcd9a90b9,
ac48e40f662dafc72bbbdf6ebfe538b0f2ccf22e,
2f80946bd5089be0a4fe272b388702cc929e6b2a,
decc1c3e0db63162436d70d4cd986f23761ede52,
e528920cabbe14d271537ae127162982e795df83,
fa1c9ae72928e72aaa38167f32ceebaf576e94fc,
5f10880aff08d6adf5343a43657240df7840775f,
92d37f651a01f896fa4c7aa614ea28d9024c4adc,
ad9b8caa2ced6211b3b566b177f743bec96bf370,
d4b6cd7c11853b5ebe4ed397be94eaa8e345b63d,
f1595a978904f86b3b9963a7d7cce0975100efaf,
14f8813491cdfece7fc9a76b51284666ed4123b1,
4f3012c6d433edac6ad51d971142516504afd7be,
f507052cd84cc9522f444ea957cf394cefe2c992,
3e04fb88a87cca3f327e6ee4a1ef9c5bf1740c3e,
4f00aefb38bf95d014513fc4d23e631bca3a0b6a,
5ea3a56b7dbd316f67562458e05487ca30bccfe1,
a380c4d112ab08c6f469df7502cd7304f5187341,
0311b1745d8b165a2ade645055a1b3a93253fde1,
353ffef0c4d9e976eae2bf1ea0853f0e25918060,
37f5f55dbe672138b1138083db60db96434842a7,
636a04e9a7b3b8a7585397d769aa5ef0133c6e1f,
ce522a5848e59b8986d2b4f1846c5d6ce239fbed,
017403beca6c86c32e8c03cbea47ee0a312bd414,
0ce258e6332378449890e848a270a76c8262b755,
11002d6835699ad8263b51471e8496115354e0e2,
ab9d46168ffe9f166ab1bc8741744ebdf546d471,
3a583e61638f1fc86cfb9a2697100638fafa9a9d,
a5fc9caac49e02337d51f23c52232038dbfc8451,
e69de06ad90fd0122aae4f5a528045e1327fe2bb,
f84db5c5bef45e1aad1da4194910125f63b72ced,
41fb4c0313a084b87680ea67b08ea1457e8491db,
cd3d3ebc11a29336287864816eecf23692b7f034,
dc9b44ad4ddd3e84b8488f5acd230fc597e32864,
f166011afd5cbc78241b7906c8aad8ba66f71abe,
fb3a811b819885bb60464eda144c6dfcbf561dd2,
3bcb2cc31aa0aa4387be1ee4feba3642b6c442b1,
440b68066af000eb701243118442044b1801b1cf,
99f3dc7d816e027fa4aa2a3484384fdcb36145fb,
a3e47b085328bf5fbba20602f069f99742cc664e,
d5277182b90032dafb070adcdc9d3a33dd2e498b,
fcee94794678bdaa361d532fefdf0b2c4e5227be,
0a1127ac8bd1b6f7686298cbe9f84a0e6503a996,
319f188ad34500d2b5c902a654891f33d2beb8bd,
7137875ef784b05403e29b40c5320bae08850299,
71568a1d29440593b9b99bdef2138a617b0c2397,
540b86144efa56daa2bb07c5f06af7db013e984f,
5e3123a462a7894f09cad36c40a8b68f56b34396,
66e6bb2dec6e3411bd8803d018668b49c294b361,
b60e1383333d7f0988c057f484453f79fb78c8fb,
c91b5816f70cddb12bc37dd004e8eaea0f71359f,
eddcf63e2ad73fd0dce5437ab0b51f00c6a761a2,
f9168a4783b2e0f4118ede8eb11afaa2902b7983,
08c25513b4b3b74da2ec4aff0ecbeae6e429be69,
35893dd1a1184506ba08ed36b831cd7f791c391b,
43965c053bfbb488918c18f07923535d7893da44,
9ca9abe254af9c7c499549fdce1622c5af18f37c,
eecc35536afce74b8c9be69b9e89d97cad2a7198,
f2747047ab023b6b0e58c5a3ae6ddee46326ef27,
1c687f921521fd9c93892bbce6583c27304f2cbc,
69fb350a0af6ef3d3351ab05679b1c636b7e30fa,
8df2a5ad6be256b772290cb58e40aeb16aabb727,
d1e74bd53f79fce57637c0d0494155638318e7f8,
ea30aaaaae83fc74f52583aff188b86ad1a42d2e,
ef9b4020d1215b0b0772c617016250d3ecc8545e,
f4a955bdf80710a34f847fe638aca1c5f9b8415b,
02766b5aa4c58cf2ce14b90e831ea1c4129beb18,
5e9d0d1f7acc6aa09d8014a162f644edb1e56329,
708f1b17fcfd02c965113877976bcfed0e93b46c,
d80f5ccfed118e9d66fea174bcfe1c67b99210db,
f4c75fc8f6c558f2cbd7cb87fc856395a25d8c68,
103acfe1b2f5d18dd08b46e62f5745019375139a,
223cfee7f64b5a59e0fb8eb1ea7f8c7d8ccf875c,
7ef171b9ef15c53607ff1225a12e912e118455fa,
f2e7867a5a9e4f0c3b6baaac3c202d053f6020a9,
8a9ccd17ec419353efac50596ce399aa84faa7bd,
b7201c15c4c3128ceed22c08edb3096af9efd5a0,
1040b716d4ac50087cf7d99ddf1cf3d3b6a8f45b,
252e51241a3753b08a66230173806910bfe8a18f,
6795f483e1209ed2d4c7672129926b058734075f,
8ae48bfa5e58da51d476c1fc3a157f758e271e56,
9bf6086442a470892a03568f8990b17a237b403a,
e6bcb68ab9e186bb5323f4874a694a1befc1bf69,
efc5366b8ed474014c1f0fbd96eb83ff4bf4144d,
1f1d4857de504d43f28c2f6979f8ff71509206a6,
3a9c190d758fed5da25f8d1ed948795e1f43dc78,
41c34d22b1b78617a0de9c3ef44dec0ade8766ae,
47389850899b50b9a51e6f702ee2c54f3d501a93,
ead01e020b3811083f30538922c66b0c165c7ffa,
2e233e51b3893daf4e8725de1c5f2aadbfe8dac0,
2eccba15ed749645ba5c4ed5f04f13863352ef1a,
99c4a2e82260896687c38d7da6e82f018bf1f6c1,
b44aa6314935cad279446b3de0c420dfcec607fd,
eb8ba55b04476ad08a76a3ece2e341552f331806,
fa5a66ae94a8a36dd221168ccb337199c08d2b64,
003bca2f23070d3d34a157c7ba8cda0423f5d5a4,
33f61c1fccaac2acbf209c05d226eee842753111,
41573ce8a87287e92142fdec999419d24f52179e,
451121bc3abe222a596d727156423e035bcd130f,
4b1b6dda1a719ed6504c4076723287c3008a6dcf,
7ebbd34c5aa81657654ca7fdff309777743cb2b8,
28169a91d01449d912e17a6587e57fa56dab2b45,
2af69c0c3df1a57fe367c6585a0ac81ddae6824d,
b29ac25e6350f904a060a8d69525f8639e867b86,
f02d2707940934f0c38adaa65503716a162da0cb,
0670bbe8b5568df22bd48c11f241261459bb68b6,
3ea3a4f0608edabd8bd4a326242f13d37216a2b8,
81879144506b7c54109c9d423e7a1db465451e55,
81b36d25b31c9d4ec1e50db9d9c7bf7d3eb5b519,
083df8f957c4f2ab4fda558d1ae6b599021ab4b0,
4493b220e4d478d652bcff9ce3f4731fd2ef3203,
449442a07c121395a42524a45103dab45ea85ce0,
7be9176f319b32c3a71ff419babf6f0cc4a1e9c9,
8effb2d45ab8abceb632f4f65a94ad79740357d2,
d887f0716e5224aacaf048ca051c38af9c62b6f8,
5b717d1d0a6e7749a16e2bcd23ebc99929e62199,
6bd219431181d1f1bde7a88db477f4817467ac83,
81547b5e61e04e9aa607b0029ca5fdd60a188890,
9733272e3fef835a7c982b4bd92457e5a6056d9b,
cceacef1ca64a77768d9604ad43fc849ebb912ea,
e2f4bc593690652490170368071f98555329508d,
e99237df4cace85d9b92f458f213046fc5f8fd9a,
f4780c876d9974b3f1469e0c5290c16dd72fa61d,
0bb5614cecb68c47756ea4b61a58a9054248e9f4,
2c0866b23f31d675542a4717a7f2eb6bce4da2c5,
41f38b2c9bb707d1ac1da1489e3cabb3c68c1cd3,
66719f4834724c6dbaf8b8a32a9372e960432135,
9869d9f36cd7e6cf38f21ed67c6710da19da10cd,
09149362dffb4b01c04943c0f7bea3e7b8c53cb2,
317646e2acb5e401e14401480cb429ce11d8b844,
39bce4200412eba0801aea7f3e4ed137d8768314,
80883e02022cffe0a05c5af95a109c93d3fb295a,
281497685737f966350bce9939cd11e83cdb2e30,
46d5d5c269ee2faabe3678f80218669ea2b84ace,
7a9b272d88f6609c6ab3fa39ec7f29c8bb2ccdba,
be770f9fd3ce513587e0aaeeab10a0df464717b5,
c9c696dfffa291a1f2c43567fb88b893ba34f26f,
cbc13639873ab811b8c029cc92e8639d62d12f9f,
d263c772397cad5c827f9088efc6d0b6cdfd4d1d,
ed893018c6e9008c0cb07649627b9a7c39e0a14b,
097288c1b931f628839ca8086658298a3d08042b,
52be4b6498753a9f3b11ce243c97e1e149d12efd,
b58dbbf79ce912ecc187ac82a4d77af93a841d63,
c7014efa34f23a871b8b4c425b7ac1598a0a36e4,
d47d90708b3e41fe99b4dae27d854f549c77746f,
d496f00f3dce24afcff58f40a3b486fffbebf1b0,
209f499ef3f3510d2c3cf45ee53dd9c4e36dcfd2,
4bce6121fda72d1d02f8fd146461e08d4cd226b9,
52bb859381daf7dbc8d9d7269b02857371f90b93,
c616a1680d66cd78be5f2424f07da39f8b4c269f,
da3d75ff55330f0c22cd07662dee69a99f19ee2a,
07802690cb69d7d361cf0b10fd23b88cfe1a7a92,
4fc1bc96d3bca98a3b99a1490c28497313ad7c33,
5e78d59c35d811c01c856dd80d410ae93e1f2a3e,
aebb917c643b69df32e6f441d8ac12ce71af8ed3,
c99c6f61854152c9f49c6cc87255a12b3aebdec7,
001f1b62c35a9f000835f2f3ef59854fb72a3b4f,
0e7b1d73733a138bb4f2b9f8f0d7e2f760f15c80,
6cbfc93d44060db871c1b5114d5aef48be82bc3e,
7ffdbe919018e786e42f1806c68b0c1c74ba33cf,
89501eeb01c99232dd681d340cde021e8682a1d1,
dbfb3c11cc85a830c807be0d23a2402f74a97ab4,
de9c5d1c7e0e00801e7f2f120ae683a32d5541cf,
3e49cd2be1d3e49bd9f45704d6d686a14b9515d9,
43d39366431fe70b13a803bb86880f8ecb0d5800,
56b1008cc4123d836377aa75fda14bce2566504b,
80337325a2b2be25cb56cd120166c507b429f2b1,
8e02b97e8e5394c6b2a2239d5ae5f43acef57f4a,
2077559dce86959d8d1aa3c7337da2ea0a97907f,
92573a4135a077b6415a94c6cfb025b13f3f541a,
bb697729d8934409804414e5c08d093f64844e8b,
de8d36c77ab7985999f1283f3d47769d6ca16460,
f2fbc6db47f8a71e1124f4aaa6ec459f8023badd,
fb87be1a758be32ec34019b607d0e096f5f47861,
18bd7756bb09ef8afd2f225d4504f176bb424ae7,
a65c7d465446222320e85ce7047860aff139f7fe,
56f4b1ff97815dfe0d0a3145204f5c0335c19ab9,
99962bfb52b33994115125884200593728ebee08,
d9b146922b0b1bdb6a28784ce13ed98683760e73,
3ba1238425c52ccc6ad15beb095f460daed4b46c,
5da1b11d98d1f7f6b4f7db2c49595194e678b4a4,
6133ed20771aa0edea623dcbf18db8ce50cbb7df,
73a452eb4f41a347caaa6b543df4a0be4f0b8a58,
f5b8aaf9a3b131ca679df25b598e1ce3f5ff7da1,
ffe2dd9f2977f9e514d682c1a42fd72c519e9ef2,
473e11e335f4159095b3f116441a2bcac7316d8d,
5b6d43e73a5fb631295b6118a97a3a81d5ba243e,
b87e7211d44f927803db7a2ca0c8117b21f7a7a3,
2d1d50dc0cb9b42e26eda438f90045ca602e560f,
8c3fffeeb4b6e5c011f515f5164889268be32388,
99ca68c99080095fd1814bba1507f1d6ca5ff82d,
b4efeb7e779880115a785980a6898f1b728bf66a,
b907fc8e9926d4b4ed8129cb39e695009d4640be,
c58fc0bd088e8c69076319b38c64aa96bf7eb5fe,
65ca6db93ab2b11cdb7fe9317086b419daeb0fda,
681b3427db7096aa56efd08d9591c59008e8578e,
dc81bd3afb7189f252c1142ad6baf2eb478ba44d,
f8e0241a3670754e4386e59f9ad9d360579bc66c,
feae8f475a45b42b81f86a333825a20df8dd478b,
3ba618098aebaa3b6d5825d004abafd4ac5586df,
492ce296750f6ab82c2ac51e135fc04f0dde0a29,
7401deed6d5cc3b82e3a589d3c6e404849ad71cb,
88829bc10657d7f21854c17bea43c48f96d7b3d2,
a729566ad8788e71355880b95aee383366bd7071,
b9cd01c11e38aeb6a392bc1f6399c41bde21db4f,
da81fdbb67e92dbb454569763d74c35526163803,
1348cda593a482dd0492a27ff5a7bde722adbd59,
31d9ee4105cf8a6e7a338d341f143ac641f42d15,
bbc6a524d7b761f5f12a54f2b686bbaece0cd49a,
f9c604c2b8d83d93558ea5f0d398598a7d8b0880,
fc851a1f93c0f39056fd226493f246f77e3912b6,
4afc4d9d63f4cbd29c372dea03594a34bca20572,
59848ee338cbbd261a2e945901cf86951dccff6b,
937eaed05496e1041c04289f6dc808a3e1b0dd50,
cc07c62cd8c654a8d53db69657d05530dfa65caf,
f8cec137f4baa1c05c1060c55268a4679bbda07d,
2cc85efd023a14d01023c01218e34441c0d304fc,
5603d6c57b40d1f71826c3a29753c0f2b48c40a1,
71a1d44fd5f167f01ecb2c28dbccf937499269e1,
71e00841814dd6c2694d162b7e8a0007105c17c3,
93e8bc4aaad59811dbd7d3c664bd53ba1d2df5a9,
af096d8e7391a7ed28fc6dbaef47af9d909d2a62,
c8012d94a3abaafc00d19e6b2ad622923b1c7a35,
03f6701cec4b6698b0f399563c15fca74320bef2,
1c1ac8240172a0d49a9feeec98c7dcfcd94fae7a,
544181ff7076a6056431ef48e62c205cab752485,
95d55fcf26270013fb26feb9ac33303076341a0a,
4a540ce43a33f98cc3c151d1c25a8095d0206101,
5d8687b85b1a93615a1bf153bd2472bfc4c9b55a,
eb2a7d6df3f5a3a99c5014afbcffa79d53e79a8b,
1fd6e83bb7ae4752b3634d7f7bb01fdc00583f56,
3dd9f57a48a17c1bd33c5393e9a54380b1141ec7,
6a7d6050874a470969386bdc707d45c3b58c1aec,
943f67f87c0f6ba167a4036844a1f8f55ca02c0c,
b3dabfe7a93b9a89230673caa03d1be7afc41f2a,
db46725f9b3d6eda4617d3258ae4053c600ef9f8,
f1ff5ca02daceac68af289e7ca6e8b505ac47621,
0d29aedf94976435536a75f38962554b3f607a28,
1c8e4073c8feac7b722fe7851fe9561fbcf3a8de,
8679e47a3aece3e912cb379c41a0942d2b34110c,
96775cfeccf321adba3bee4f84d05623f5e8bf35,
a8da1a5e321e54358711de758969abf824f51bda,
c96e4f54c11128af35361b46e010b91706d27973,
fca77c8c484533807f33e14d57a8cb4e7896b167,
254a219489af789a2a7dc32b6d056c3a4b8d89c8,
30669ef549a5a8dfbf6ed35354f2ceee04831a88,
4f61447eeed869ad8ef0dbb467499632caef3b63,
665a043c4214339dbfb0de92cd544c16e2361de6,
0c719a7edfe3fbe0883728825e4e619013587a8a,
404724c9f6bdee6be16ffd3e781425579fc749ee,
61a82c93ce1677ccd579751f89fdc764bfe09656,
8cb1b110d3f990cdb7e82b987c4885833381a1ba,
91a0ef09b5dc52323dfafcc731e9826aed4b710f,
b191c773b15a6f0ca5c4661bd3e3b4049bc8a40c,
ea13a65e866d0b7b8d362472510a301f1110c64c,
000a4dff41eee38f51a7a07ad2a917694eb69945,
01b6be417ee2dc89aa185012d721f4349957878a,
616b19db2776ad19719616cadefb7727a537a6d9,
ccc37301e9aa0ba6ae16e85a441538818a9a1041,
f70f447dec66c75cd48209175eaadb94a014bc02,
2825ee5a2a1c55a9720df6f38f4572c28945cb60,
3476b173694b1f6658dbc0d342af58e545452e97,
40b58f9dcf67b78785e926df0421e090f8a7aa00,
2b0aa9ef19fdc13e99b826b9379162463a75d85f,
af7a099e384c76b9e3ca16114c711b552029594f,
dda1dca10cfedc14a92cb96889dba208d2e80192,
f1ed841fe649fb07050af2d04a312a10ff91399d,
f6f5aa1af7c427c6b92dff02ba882faaa33e6f27,
0133b7731835347780f95b8560bc37e57c2a09bb,
884da095b8a8e5c87fd271abb1e6aa8b6b787bde,
8cf6ee257fdbcd9b4d137e057c907fe7ffcb6a5c,
9bf9aa47637a80e17e19118d55d1553fc946c411,
009092fda5bd4797c5b8c94e5ad5a36a17ffcec6,
05cfdc9883da06217006ab2675a97e996726b437,
4daa364bdfa2c500580d12236f35e776477a48c6,
9ab63432b76ce95c3c93c80bb868d766e6e7704b,
6489106d84b45422ea8c6be772ab4f9f197cc813,
e39d379f2cfd327e6c0409fea6fe51bda2175a26,
1627893eac440db6fcb2f69d49ee0a9ab4ce828c,
33e81eeaa960d9988aacb2538939f827cfcc3e1c,
b913fd2589b2b21e2e3ae86e9c47957d21903f4c,
f08da74d329c2fc474a45de50dcd7ac25391046a,
113b884f5d225a7d05fae4c5d925e0d55a92740f,
3c33120b2a3da37641986baab11976383c93ef79,
88c69fdcc6e180e9fc95504077da2570a2f6a61b,
faf7a38eae2faba264d96f254d2e20975fa59c4f,
1f335ac346483ac8cc1c6c0efe38abafdb893875,
48838ee8b98aae64b178462c9bbc70c88b8d6b0c,
6a49fd801a8429887cd928312f31adf4cf56a02a,
a6ea90c127e4d073895220a2e634d1e12ef19909,
e3c9026f1d1d3850bc4a970b3a43cb2f02f0b3cd,
52939b430018d5e40f4c6885dfa76bebf8733d95,
827cb4ed9c6eb19102243d9573058a74beeb6cd4,
9c513ade7f21c4df82fa3a6cb4f7dd986b24cd88,
cd56fc373149631eca9df83b8f20ef0c79366697,
e5105a7cb5b9ca87e7be27ede9aa64a7388642c9,
0f8d9e7ce6b1c73166d1ec8199acec55666ffa6a,
3859a01c24227540dae6e3a4458c66023f3d1148,
63125f3d5f8e56034ffae60bd44d8bdf5c89ccb4,
8354359f8077ba3355aef522521f92225eda9436,
a214d0350e5c1d25a9e6328fd7d46c2b503ffe0f,
22a420c531d776339d341cee1b80022ee75f4f7d,
26146ba5a7d76254b1d5f5be6ba90b238b3434ca,
681eaecd3a7afc8caac67ed979ba72571f221d03,
8736eace9794bd25b8ece1ada1b06db7d17ba497,
cf2466ee8c230fb41f084ad08b76447fb4f0d6d8,
cf95c95e609d8eb17349039f9042eccde4d86cbf,
f09545255905c1f82be1bc3333e70ecf275ff5e7,
446522945beae7d3f7e745c5bdac58e68c9d5d20,
61041b7c895032ed4c1a4fe71f3da1965e535d97,
6b0cd819d50cb83664e951a6d26f02d0c63882cc,
8b826b83d8ee45877ea604e22c06b3a5ca0f9887,
b94ac24180ba38a507d6f70a56458cb723c6dbc8,
dc896c66a3d43187843a7a973edf7b27b68b224c,
eec0de1efab68193e5493e264d04e9910c03d70c,
4ef507443aad8e1af3ea5a96f9d9908751d70d7c,
705a7056183ff91c320938a019db5a5626ad3522,
844dac51184787edee1d9ca28bdfcf202771899e,
8d15be241353cc8f8b860d67b7646677159600cb,
a2a2dca0990556e340e43191b29f33cc9c9d2247,
d408d107e1d0323375f4b6ed71e8dee3e485d9c6,
ea3dab1151494c79c67be8c153639b84cecbf758,
13e0131f4e9bc35e3df7280c5cd8de0e18c6d7e6,
55ba1eb161e83ff31964dd972b46b30d17dcb760,
8c6fb18a7b8789e6e27286d95bc468dd50282693,
9e5f0e3816fc3b66a93fc4951c951d9ea7657c1e,
a4ed6b85d2efde89298b2e24044fe22b1c104fba,
bd10f7a4392c1abe150bc98a530f662d40e54e25,
0655811b8c37a2d4c6df05bdf8a9e06a0a5ab1cf,
511c8851ade3a81a9babbfcbd2de06ceff84946a,
667a41d8a63bd7206803597474fc3fb687363f33,
91b2c58b4aa3def3832f3def1f91fc81a8585be9,
9ed3cd8d1b7a51f80b3328abc3434ce07ec4e861,
be62d76224f079be67b385ddba8d95c39e720f89,
c50c3e568ec5d7538044e2a604c76a755f549cd2,
29b48f2005e14a8801ad79683596ae415b31b830,
34291d57474a8e7086cee9aad18621e581d1d46e,
3f4f5355e1d37d70dc48e342f02bdf581083e6f5,
5298ec40b0115cb9f929820a30d1d0e0015b5acc,
8e85c1d29f02d15feed5308729d50f7bc624e0af,
13ffe71f619ce06a51be052133567189b966de02,
2e0366cc906062cad2d0fdc0f3e9cb652b86e9c0,
34c454610371f36be940fdbc9eb434993715901a,
4fe423052b5593b6ecd94911f201f12b6d00a763,
77ac1301b55e44cf87aef139a2452d1091d47798,
ad9d51c5c8cd7e9220690e5f400985fbf238cedb,
f391e4d2a6e90cfef58963936f784c04762f2853,
28f95250bb491192d0353d412f46db78588a7b41,
416b7418fdf8b15fd41eebcf4f90e4aaad0de854,
6f21834259dde5d9237d6163227b13e4e96142b8,
e79e1609c0da9d19dba519e7c53cd9f69bf21bbe,
f0f04663c13ef5b0eea5498885314e37ad1506c6,
faa9366fcc5ad13b727768d741a275230b9df51c,
1f9d952eded7ce150eef3270c9aedc25142e08ad,
43a3bc40b94fc2afca12080c6e867314281d8d33,
9ba89efcd4a697280899e2c9fff89185127d0ae3,
bdbee91fff57649749e4ebc52595d18f5930df6f,
7003f56edf2e498484103b746071ef5719037c30,
773741b96ec66c822bc4ec9e344ac8570864b343,
7b12437161dd285382fc9c26d0f383893231f8fe,
82d334a3f958c62be82f60596b1609f5a038c00c,
8a15587c66e9c257644d868f38ad6336d7c60d91,
da04b5f489b1fb43dbb922067c09b9f97f7a577b,
ffe825f865530c5a37f82c33657e00531db71014,
19c0f9a09981edb55a31c2a19af21038610a6ef3,
32f82ac93c28cbeeaeb92cbaf16bba0ca962391b,
42c166d962e77c25dba25ff4732213db035deee5,
84679eff2a737b6edb15ac366dc0c30b01b46efa,
3ecb716f11c534d89c47214f5e26b58b970410ca,
93efa7599260bf2d29db1c1da2d06573c19264e3,
ab168beac7eea075d4bbb3872e3942ed5a9c2f5a,
b15d5a343b274466e31a7bfacf445c6b96d8028d,
c5d57e6d6546db93ee64c7b5db26504f0173ece6,
dc8c304829bea6d5852df41008007d34903adec1,
45ef70a9625b2e8039b44b81cc59edcc5c749956,
93b6aa5d99119853a76801fc0baa970a3ce0ac9c,
6a57447482e621daff02db6dddb3be3f15c03e4a,124708
865c5396b6eada4e04eede14cd8457e5c8e71884,124708
a3f1b244badccdbb422ec565ca0ad519e97fca6d,
cb20e83031082ebcaeae0ab29cbf262cd1ce5d55,124296
0708a37fa35194ed5278bacb36f80585f62b0844,124708
0d0fd9c2c804dd335c821e59b5a36a8a4c719035,124708
96f5be4eebb5791da302084f91faae777eba8077,124708
56a51794713bb48b6839a9495ebb000606b08537,124708
5cf8f47d15a3e280f766a5ee32d451e4200fea8e,124668
8d585852db1d06ce2d6b8351f939e519f5a5e543,124668
8f9341de1e7f85cc6d643c0c87634ac6689ea050,124716
eb8aeaaf8323df37161e8c870c4a1599bee05430,124712
fa8773def5a609a27da5391d34d6ac284ef6462f,124712
1d64f4b5f1738b230a80f29a0301f84eae9e328f,124540
28f1c9496dad6c49f0f4490f02a4bd2d0655ced5,124540
3b5020b2b7848b16b5f357f3f2c0337b837c2941,123900
9ef2c1ae87d2a525ab2fc99cde0546de5101fd6c,123900
0c2cfcb5e9ff16ad97d4c88e8a95004aa50157e8,124540
7581ddfaaf7c82dcb9abe3108d10029955944aed,124540
784347c2a203189fdc013fde9d7670b50a0628cf,124540
9e286460e7ac26c58f09cd8e307e9a9ba66138de,124540
e83bcda075f0daa2da74562a0e73bd0c1ddb26c1,124540
135d055b779061ce559d2f32e98e2a4d8ce48f0e,124540
3715aaa56a0edc9d07e360b13e0a271ac4744662,124540
8816dff623be4ad877cd684bfea363ee5446ee93,124540
92d5adf90a2ae8dd98eaf7b85f43badc38fbfd40,124540
d2f6a3ef844d501715497b9e32e79ffa47f8c0fc,124540
deafeeda3ac69f81de0077768c15dab8bf54b493,124540
27b402c050f36213e8f6d2314bd84ad9b0a8d768,124540
3ae16740df2e0ae082e9e4f09b9621591f308e88,124540
524083ca58921790cae5928e99f95ee26cf196c6,124540
fcbebfdc42a327c4b187648f77a20c6d7a780cf5,124540
36837218fbe766d8b20ce7127568bd15a458248d,124540
54eaa09bc2d4e9e4f989dfdcfbf9d721d4438e86,124540
9af7a8de851772f1831896b30c35dd3a5fec906a,124540
b88e7bd47017d8f051693add5d726ec47708a8ae,124540
c45eb17897a4f80ba765f316e7eef5f3fa5bbdb2,124540
044e63e60e7a9c659d017d98fbd33212bf95aaac,124540
135114030c47f97ef6f969871c60827629910941,124520
6bce8885db711c907cf541d4f07d00e04846b7f2,124540
8705413ba6963d2ff4c0d5f613cfb8d1a8e623bb,124520
d7ac2fcf3cffe9d72e0a69e768e45fd396de42bc,124520
f6817c967a344bb49ad896c2376b8cf95ec34beb,124540
07ce06db44db50057dbd8362afacb007691b3273,124296
0e086fc2dd848b82aebe0cb9f4b4e6a7b730134b,124296
543964ffdfb8d82b237706fa8cd799e4df41ecb9,124296
b38042d7ded207bdbc6b837b7110be65a6b50938,124296
c8bd51c415f10a5bc2ae3d61a8415bb1e29f33f0,124296
22e4cd21de3d1fbab77b1742bf38ef93d93221e8,124296
2a0a34e4250291642e3af862d374a5fc2abc7009,124296
9477528cd8373c018e8fd13ca5cfd8e3d7ef781e,124296
c575e36b928d5d1d5620f25b0dcd207637e2eac7,124296
d6851e34282853d78f980a5c923b3e9126e645c1,124296
52cf5f4e4892191001a74c9a610e6ebcba5b0f9a,124440
806fee24e4748a0a9821467f7aedc08e43a8607d,124552
82faff033c5c7246f1d87525cf08dac6310dedea,124440
c92ada14ea44c6d46472a4fff6f34fc68caaa270,124492
5f2eaffcd65f71b6c7c8253f2479b411fafe4435,124312
85fafeb50fca23985783e5902920b361c15e254b,124312
9542d0eaaf101d6c378db2b7ed8672bb4d5723bc,124460
aa8dd1f15a42087936ba631228e03d384f627913,124332
bd64a80fda3b736f423bd8a95ec1849c414cfc50,124332
36d3b2a742d73bdd1e0e4d4ba947a4857ce0fa41,124312
3cae5e85cc63693de0a804a5585101376b15d624,124296
4d11727e33a226ae8bff41f02cbab55f768b024e,124296
f41ef31ac608097bc6c43e89b0a4eb511246b7f8,124296
1e791ed7bb1c66d0120db75eb794dd18ac1d0093,124552
a48f302b59ec696ae192b8605d5df5322e51ee99,124552
b0b3fbcb937225dbce7ebb0c2e6de22703d2ca2a,124552
e857bab784c301d96966f7a17f7f9a55d2ac6f1c,124352
31e7f21792206b418f0bb46c1d5107e6a809116b,124552
3cb8b9ca36841fafcfcde128776d2ecb280baf9a,124552
7a5b9b874688330d33bcec850e1a7cafc275e146,124552
a37bbb9c5084ee3dbb8f6679de10ef453e8d277f,124552
d2c61167e827ac7ca1f9f9a50d68a49c86bdc448,124552
348c7937d544fff593b8b8e795b5d6ec955ce7c6,124552
95648f1eca1203fef47bb639120ee4f0ed8a4b82,124552
d5e4afbd3bb82607129e193f7693081b691e2925,124552
fd107e5bba9d4a8a792dbf5eeb1296fed2d3c15d,124552
02572787aad3bf3bf14f5f00a646b1cd1ae073af,124552
837846966e03cc7edf222e8b597e130fede088cd,124552
b9a0865d17534943694602c0ac7765eb6c2c4cb9,124552
d439ce13216710fb074bf91e5e5d794334237319,124552
f28e177b2d6c6e434a0227c88f9e627048bc8972,124552
378fcbf63235732c9502926fd9c05a3509e5502e,124552
7d9cf26c2934ff283258ebb08b31c64c9bf8bf72,124552
b75fe637b130598a3914b95283b10ebe1559c614,124552
fc4ff3f4ed456b95ddb71c4870a933cc6e72eeb2,124364
1a8b462f1316708c311b115cc3f429ff0413f908,124364
2f716d650e43fdcfebf31f686cd3d8548dbc0d4a,124364
734b62d9cb2185243803a9413a4ff9917c88e2e5,124364
99492a16345d2158fa981343c0452bbb774c3ded,124364
aa45ef8143d6d5985acb75b4694d382b6f5b3035,124364
c38eb417739f997429654aa379939fddf97a5636,124364
184daecc926f416d7b0acf6b3e96ae8299251839,124364
2ebeefd601bde9055af8d73d7a5499d6ca88ed96,124364
76ed784aae9bd2e82bcfb8c7bd52aab3fefda733,124364
9ba8dc4af6f2199648d8e5dba9b334a830edc589,124364
9c4a99a7edaf7c6949ba8cf30a09d67f4a632c95,124364
d60ca1ac30f46d5749726f679ddf18557604144a,124364
1c7428e73baeb54f940f2bc6add1f4dafa7fc052,124364
6fc820c1d136bc55a70b403c5d58e399e1fee121,124364
753d9d8320aa910c740f3b3b7ea2e41cf0838129,124364
814941ab339e161f46117f916c603197d89bd627,124364
96c418da4444110aa93da5d3bf52d12b0a5eef31,124364
2fd02366a07966b5d576f6eef29c3afdc3e9e13d,124364
5fe7e6e2827692cfc08d99b66d4d0601867d32a0,124364
5ff8c5f4bead8dd63f9d1dbb7682f368f9a3889c,124364
740d4df95a1d134433101845f32ddc2c3d66c0ea,124364
9e4cf5f9124938b65f5ae70247c9675d3f1284e4,124364
d8adf16fad5cc8258a37ce97bafacaf3525a501c,124364
1cc93628afa16229b63d8aa61fee45d869834350,124364
73a7ed7f928ca253250754f971eaa5beb6cab2c5,124364
a032e097c61c2cdb723fd1d6e2a498355288cdb8,124364
c8c3b6ed7f300448d53bb7b2d55621b8d5bc98f8,124364
cb75de3fbdfe37cd158ba364d1f716e661c187e9,124364
d2705bf0c1dffa77604c2af2cb0a69c8cfc391ca,124364
1f250baba02feb1d07c5927ed91c5226a126ce71,124364
754f7594c7c88c4f6701f9670ce751be25fa2fab,124364
7a6fcf5dea0eebc2d443e1b3e596ef872ddd855f,124364
8f5e9f9de7d22a13094f39024e2de79bb8c6768e,124364
a3b69320075e80abb5d40fd689527c5e06afe8ed,124364
c0cb4e5c2d6eaef7b390a58973d37ca5f04d8d32,124364
ff4e57e415fc5db795f0cceaa8ad011b88071996,124364
1e980cf985c9b3063f9a2021582f7925b74d815f,124364
4857dbeac1b5a00361650149f7e0b5362c371af2,124364
563fd6f2e1e7452b65b833f4e6d8e4fea6c670f1,124364
5ac91fa3629ec7e1d42b070198e486db98221641,124364
a6b1f148b2ea1035492a0a8e3648b5f5cab75283,124364
2581ad328c06f396d513307259c65809f2bd7f32,124364
4e277a048431ede0a7f1c4e4d98f37d2bca479f5,124364
4e4963a6aaa82ef3c868effbe5edca97c82c5fb3,124364
a282e1db153bc31165df8a40a2504b6f1bbd5e33,124364
ccf42bc413d8e5ca6a666d7dc64e2d166fb86f8e,124364
0bec2354200eaf8e12f1bfdb2e80a201f905dd9a,124364
5584795e0b8974376a2532cd6d7c0c7e3951923b,124352
7173f3d7fabf29b454e29701701def5f71da048c,124364
d8e0f82726749f1510cb71e97f1fdd643035a651,124364
ebc40eda3ae763190d413108f230a83156e65d0b,124352
fbe8e663534e725e87b83e210562ec50b58ac696,124364
0239566b3507915641444c750330d22a3be89bcc,124352
22f43c9e94465ba3acf707e8d235aa79da9bb419,124352
3868a0a80b4e350d200c1bf9ae075a0963b661e2,124352
3e9f93c2a87a41af1ec8b8f9e99a487493ee42f2,124352
4960ff9a8081e2c2deea4c44baaa06abf168edef,124352
1e7abd0e8db852d0d0be8e518932ee6b10b4d5fb,124352
5487d24cbd6143e668889d9212be48e2a6f57239,124352
67b06f1a5aeebe1ce286526d60e28234b24e429a,124352
6a607aa48f22d996b6c31710626cd6c83bd2c052,124352
9eb71accbafd14e0bf9c9d31b25c4942c7abee6f,124352
bffbbca9d43045ebf84bf57baf7de02d9b872d90,124352
36bfbc38d9ca093ce74326386af5aa460f9e6897,124352
55a113a8269de3a5e3585d4bfa58cb01d8126b73,124352
6bf789e40c0d0c5943368d04ee188fa079eab309,124352
73b054615efccaa1ee091b4e80e2924e0eddb64c,124352
b8b0b38a1da7c9e8ac559a25e84f56bfe8864308,124352
c0b71fb5edeaddf887eb38d3cb78925af54d467f,124352
df990b0c53b2965a300a9fce20296d2991a5753a,124352
09881db56e03bad743d692c7fc0bd058da7735ed,124352
2f2f51cd6bbcef3ce2413f260f0ddf7f030c233a,124208
8abffb71c03eb5a511c2c104268e5dc63f1f1352,124352
a6b1f882f6715ae10c2193af228cee599ef59244,124208
a9fac229bb7cc7b5218f00b7ef44a5d8a30ebac5,124352
07676ce99a74180f93b1ecb24fc9e58d2995e758,124404
232a630f7e30ec3b4adcbdc022e5730c494f902a,124220
d49412d753d93b19201e62be644b6f9c8d2f94ee,124220
f597693bee09fd2eac46d10967759dc3647c4909,124204
3f24bddd33c0c5aaedc3ff4d485ca9a700e12fe9,124400
67ae23db4defe940c511275e067b781dcfa7e889,124400
69f63b16d5cb2329190d76ec39aead8c4dabd7b4,124136
ae26140c55fad128c6584d42a2e9b330411b974a,124444
330d0b879242689a941223978cac9248d69a251f,124140
6214cf4b215b1d9526cd5c73e9aa2d70404e82ac,124208
83c918db064e94b05b37e9dfd88b5b8ce82111d8,124140
548ff0d0b32253f377633843e3e3dcd317702d8b,124208
9de3cd196035f7211b59baa2083ba2928a1aaf2a,124208
b83776b53a079eb886702c855b28c30c1521b3cd,124208
da37fbcc8867996c985ad666329254a3fbe05dda,124208
e41b08a913ea8b98980dca5779370d625099058c,124208
32c79d94eeb7fcd440af1cb3c08d4c6154c7dd98,124208
76389d0be95811d9e1fad4e3acef36b01ddc2bd8,124208
7a1ecee2f142e3a791acd0dcb38c90bdf8a5a649,124208
ac640ad94b6b9d5c359427e265715c5e8548fccb,124208
54bcd3eaa72fac31fc94f343cbeb4e99fbedbb4a,124208
8e16b68eb7bf6c1c3b739d2b7a453d99afc63293,124208
9a879798d9c67af536bfbaab4ab8093d205e11db,124208
a10eaf62cc098cc575dbae2f195e50415b541a3e,124208
e02dcc097106e52f1a00f33a54630e440bee7ebe,124208
48fbdebc7cf45ea012eb24b7a7045de1445cea96,124208
a533a2ee9ee27dfd10b6e7cd388033fba2f49d28,124208
f5b346e5a64751527d7b5165ddadfb6c2714793a,124208
fa6e055e1253b6bdf847fe5a0e8588545a637f37,124208
2a685754896d3c338aa52935a33d2ad44b013edc,124208
5208378b98eb07f193ac8289e1f76f49dd073eec,124208
6a8cf7db19f4b22ab13f63fb2b37c35c7bf6fb5e,124208
9e1c77902c46b8fc82623c067f2ebbd832ea5dcb,124208
da7c73497bccf901eb871bc38f9ccdfab9097637,124208
150429f136952161ac371c71b2bd4801c245e68f,124208
5baef05c5074e280037b19f36976124ad532c407,124208
74006486e156d120587fb6ff5fa3d42a42968ac6,124208
085e7d493d9f2bc5ca0ad3e3887a12ea0fc1f5b3,124208
43ddf23b90fdad7783ed8d5ee83cd9b5377b2711,124208
2dfbf89254baa0af08f85da9f7b46d6e15ea48b0,124208
46fe678e1283e147dab6c11417c6cf3ed55bd97b,124208
7045d6018f9b56a0c43a91f9752f61eda24e2634,124208
84a99dd19defa00008d9d9681c8ab903e17703f5,124208
511210a6ee522e12cd003f07ac3e6a0ee5fb2ba1,124208
5f4b7c587bb289d9b3405ecdaa419945a487bbab,124208
a72acec6ee40b1371ec4c0f8d39e4fb93e1a82dd,124208
ce817f57d4f228b715661a1990ce3a2b0f519774,124208
ec08c5eb2b1a0e2fb95427db0e8ce10901353c67,124208
11abe05bba5e51d80a63cc75bf59cf3ca692e31f,124208
702e08b655a2f248ddaf07d7a2a4588e3160ebbb,124208
c2134450a1ada051258fecfe73d3aa7cefcbcb5c,124208
e77e61aea35337284576970b9d540ad562b058b2,124208
fc4063e52e49eb4afc3d1b4942c15dff03c37ff3,124208
85b51a64ce29e7b8a41dff577d56f95c116aa3fe,124208
9ee94c7eb911cf99bf3ce6915672e602fdcbdf9f,124208
cee98f7da7cab9936c4857e6f86add60217760b9,124208
f65695cc5f6cbf1a2ff37faf8d9370bc914c4ef3,124208
f7990888d506411de3ca83b83025a100b354347b,124208
2b766273527e09305be299078e382b1a62f6d7d6,124208
a9960e30d81b4cdadda320c5c17471be365eeaf3,124208
b68ea3849ab344289363da522fe11ffdaba621e7,124208
e29d343a012012c43d3afcceb9985054d094b1b0,124208
2d730c545c2635aa0d70e754ddb29128d2776297,124208
93b967f267f17dbbffc1c6c02ee10c833ff43c06,124208
c37463345f2e91c9071deef2ccca7e7bc9d0b5a1,124208
c8162dd3fbaf1651e2e8ce3976939c760ed7a4e6,124208
0f38134ae37a6f8c066e1219ded96866a9a7bceb,124208
29b1e46158cd81509f97a91885e5bfc7100cd269,124208
ef46b3b23644ddaf4ceb28a05a25b6b07401d5b2,124208
043d4cf2f3a2b7bf211977f0fd9f74d663ea46e2,124208
0f14f983d87cd74601ca851639f59735a8495989,
18498108b7c8e07c88de9c5e87f3cd6bbce5e642,124208
bf5a8c76e6cad706a703401286cee0eb4c703ad1,
27408be780e623956a23999b70118dd41c8805e5,124208
63f349062c3504f083e34c0b56fc20a32d85fe21,124208
86bd437379eff9d1d25b3eb84662c38a9262f6b0,124208
ac1f2973d10b2eb970709c5097e6fb89790ad4ff,124208
ee93c0528a3a1d7521604b039b42b13ba6260de8,124208
1ae86766dd99237fc44015132958dc5e7546d35b,124132
873d5ca65d45e87dc8b32778fc3b2dea1c7a15e5,124128
8af1d09263433ad8a8ec5ab1f19b0d836d98ae1f,124044
ec23ded5aa6d35ca3b25aa78ad7cd93a22bf8601,124132
2211da8ba6d026e5e2a56c8c246b1dee700f28bc,124144
9903ec0b999bd2b8af3246c3839362e7bf9de6c5,124156
c9586d877edac140fc7675f0c7541498e8b43ea0,124136
d0e08d022fd4b17cc579b438ff0523db95d93e34,124136
3ebe16a16a0eb6da19c50aa63049ce990e2237c0,134580
76f9cea272e9427ae4c14ae9ca366a6094feb738,134556
bb86f313d4962a0ade51e3d3229d089c658ef50c,134508
cbcfdace7ca1534df096beca2f23c9a7ca5347b9,134516
d07cd0c7ea49c5ab41a3bb03a42cfb36e851f33b,124144
6a4826723b71f6f815e1bfe563a7d2797b616b66,134556
7b727ab024701a5d663c5f7082c7fdfdaaad4aab,134516
c62bdd903e09ace8f87dbe63b51e40d386391e8f,134516
dd57de83a9a35ffb985e70d2b919e70a6c545863,134416
e01697199d9e6a9c0dfa0b57f22b6e493d062b46,134552
30c940055ef0fd3a774ae60572235c7f433ae3f8,134676
4f230228459166f70d525ce580c28932cee770d8,134556
87cf3f2c102d07de62e0202f6de2424c2506d827,134632
33582f1741d25030ca4d11c98d2e73d711dbf54e,134600
456d36c330dd462a783c4609dce479533f34482f,134600
cd944bef4d6b8ccb24918b4e165afc1629b311d3,134600
207b57800bb229f30d5f7cdd502e9ba952aa481e,134520
95acd2a05c3bc6c9602da732b6a8e8a0c5d07de9,134580
a8d35bbd77b43b12db3ca26373d824a1956fdb4d,134388
b46ebffa8db26f4c3834fab0771a632f5c0182a6,134336
2cec2bec5fa47e370d51d0cd61cf1f4e6fb21ed0,134324
50f1d0ae8d88697e71255a7e5e4c454bf0e59dce,134268
d4a8e3e57dc1f05a5f4f59c2f2e2dde34b7a67d6,134324
02ffdb53fdc82e86719cab36401b56180b03a17a,134212
1dda71e6d4bdd780c6c5c32c3571425061703e82,134180
90f914b0713e0f8e086651b779941d3f30e1be00,
1eabd93054242f8df43693dbe3695d4b348e4204,
24167ce8c04feee0e863ac2fea7da4ca86bfd0e1,134012
56bc1d78f5c299dc8ac6eb25292dc1382e31df2e,133916
59a3365662ebcca94db22a46a651fc1c6d674019,133944
97c027fe88aa01337093962fca4269039053a7d1,133936
130e1f760d124265d90f058e6e482305742c24cc,133928
3773d7c37fff589315e525401d381a6fe530500d,133916
d588e23bea0ec1f5ed4d3714dc3fcd6e991b9830,133916
0077a2f959ffa1a2411bcaa79da2aa3774f280be,133936
74bfa9912245f8796f80c3c3db5795528470d3b6,133928
01e12f179406efa40cacb2987e4cec7fe8184cda,133912
207902f0c4fa80d0c388f5f39e63bbe226cea48f,133912
47e822c23e1a34b6d380e23d32d44ba2bc2e0975,133912
4f18d02c72156432439d9eff87f6fef505b85b7f,133912
0664155447ac543164c52919e26de9594250429e,133904
40fb708c91d09af898fd8bbe705810a369eb3d35,133904
48c442bed83539f4db19c2a0d8cf5bbb3c234bd1,133904
5295628357df201dc0f3058d6cc852773a66df26,124048
599a23ce27c0dc337ecb05262ae632ce54411a75,124048
aeda10ea9aa9d816a9f57fb31df46a7cd7779b5e,133872
1eda339d5a370889f03642218b580c2d2f008c57,124048
2f09310c29c392af62c81223febee67eccfeec87,124048
e8f1de37677e881d336f1ab22bacc0982831a8fd,124048
f6df428fbdaac20e5991ac50aa7ae85d2853a7a9,124048
701178c2d8e1bb9f95095107d39d61af1f6dc78d,124048
2150c2037405fcb89ae946b5a219ce92104f7b04,124048
a56e81c1da0d5be3e745bcde9ebe363d5c00f05b,124048
3d5aa34dfccbbda1711cfa412c4b14aba38d45cb,124048
4285b8414f411d26a85d990eb71ee0dfc74f7039,124044
76c2764b8fd4fbcfa690bcde9e16c5f462b4c5a4,124044
8c88b772a2a231cf4a8871bc044a10468f2698ac,124044
962d4dbc8bd435b3f34201a7ef2710c9f478110b,124044
d784184262fb64dbb0c32991e7ecd819f047efcd,124044
dfdd1989392ad853117f7812d652450ada50cfef,124044
36b1cf93af8b284de07c8877d240c97b5bf0740c,124044
43c4d6ba77a28de7729cfafe3954b4113a9083ca,124044
554f318086cd53a6c2b7c3f1129a2ee5090354f4,124044
86e69c62769e048c8cdc602eea15206bf1837469,124044
9148707d9880b4bb88f52231332d6026c1480b5d,124044
fd91912cf036703107eed6d5aa59cf979a7ddcf2,124044
047c97895b9195546c87c9f1f4a9ba64009b95a3,135412
381dd568487329c8ec03286341ac4736b460968e,124044
4482cda0976863fdd198f4584657eadad4f88c02,135488
8bd5197b41d0119f174c95ba621c5bfb05ab5477,124044
8dc316797e70f267f4350b622aea345ee37dc8da,135420
16bb05774fd82af8804961ba50301024d17f0240,135392
47ede3dd5cc9ef0da67759e88c56b9d02d7094c0,135276
9ccc78e816b748b2e78f1abf47c1d5fb06fd2eef,135392
d3833749378f66045e197db5a98fd6bc9857542a,135276
d9c36555f3447e461a99da5398bc85772591cc45,135340
fd9f036d8ff8029b1d0c7fe21c471702f68ca685,135424
3da1be9f42b741fb0de532c72a63f0a1bc4ec729,135276
45ce8ee7914c297978284bb2a009c40a2c8ea5ee,135264
b9d1c187ad46828f7cbdda2c325026f186a96180,135264
d2c004e4388dd104dd9da3f415ff7aeeb1409232,135264
641520ffd982847bcdf6cb18e12afb1684dfc1ff,135156
6d8ecae03ed40b7f5bfb7d16d1b4eae58664e3b2,135156
823deb3c40bcc65bc440b3dc6db0cb6044f686e3,134768
9ded91d4b98706d98bc80e5e2cde6474d3bff9fa,135264
b778f88ecf13a3b60eb669724981c289891deb8f,135164
cc6cc85f9e9818def922479bdd09c3423e9e3644,135164
fb9cd7bc01178930a6421c62dfb055fe5060dd50,135156
fcc643937cfb8e0366323abe1d2753df79914245,135180
4ed20f35613262a26f173fffd93af14d9387171b,134768
667acdf28386942a06595c40ed293a25bbf6c238,134592
7f48c2a1c23dd205e4ca12a695df1b434ebef9fa,134592
8934c8268470fab23ad808afb6d785c58b96c2df,134760
af8f06f042e1f5d12df58ae9d4eeaef8b0976b8a,134768
d2b538c40171f117d0d37cfe1bb04f194eef56a7,134768
df72d138e1d33b9283f8c8e02524203a6268fd48,134592
1e8301f6c11b75d75f0094889c0b32b7e1657f45,134592
239043861e90d3141e16d3d4a0fc4ff94b178733,134592
951eb8612dfacf53c52be2806e1c34aa0e9eda0b,134592
f81700cb931466eda05ae44d26e785201958a1ea,134592
3ce3a6b8e263fc41e8cb73cc167f5c7a50128169,134536
a03767c116f659b006b5df1b84ef7507e8a11b98,134592
a509851d05a1fb1e66b71f0889fb01efd6aec429,134592
cd6d687f6748fbf173438040f154020047bba4be,134508
2a0fd7e50ae9c7f3bc4f7aa4341ff466f3de5461,136248
81b59cac35762a3e464bd62c73c8276a620fea59,134544
8ecbd1713181e4bb0423ee8fdea9466a1796c2af,136248
a570052b3f24020fc80a2398c4f9c7250cd07104,134556
dd615f32ee93c1205d8088bfc9be7acde06c1f91,134536
196c874b958cb7c5e1298a28bf45d59b909cb5f5,136248
27f30b8e4bdf2f11b2e18479c543959b7f47a0df,136248
d870bfb2d2b14382506fbbd405d195ddb0b7258c,136248
dddc6d28792a95149ec188868f7be86cb8266c52,136248
013474a74f2a766ce0cc9f4b9ff687bf05fd28dc,136120
3bdcd0d146b3eca080d57dce0aaba331c0f25a56,136248
9ff7e2a1cbed82cdeb0193c1d557cce60e8a3373,136244
e9f92b799aeea9cb9e38a748ccc009051b8ac0de,136120
078cae6bd320280d05469313de2da66413c9f95d,135648
4e953324a776849da4dbb9f1a8afa96d9274a6b2,135648
69f1ca27f0f3857c8252d0d1e2ee654e840f26b3,136120
709e5e9e4bbceae77e625ea28f065e6c1eab341b,135836
47f77ef9222766f7342fa153cb8a869d2a32e8a3,135732
7485322c4686f2217226164d6c9957041d67e2d7,135648
7faee2fbc48e555e47799f6ab086b9a48e440135,135648
e540bb16d0b34b048e7f1f42362538cd447fee76,135732
fb30421fa52d96c900409072a4e05391b62eaa38,135648
20f918dabcddba5bb41cd816ccc41da71b5bdb0d,135452
5f133c33a1819ff0e900ad2f408933abc776b0f1,135680
6064d63dd28a8dfaf67584fee7d18a61fdd0a66d,135664
bc66605e5c4c2a46c5cc985680c64e3cf69fac8a,135664
0fa2f87385a3a0380eed4ea7caec48433233651d,135452
12d2fd9ca4507a4d3c7decf69ca50dfa6617d47f,135452
1ccd29e769b51736ab98943a0d5f7eaea8df3530,135452
5a29906d3c34253c1b8112e495e22fed783f97b1,135452
113a350e034ece9838b8fea5dc0c4b03e1dc4c34,135224
3df38a704a6dc5c669578bb96022c63a1985753d,135452
5700400f3b4483d8e9a87f65a57b23b668a3de39,135232
6570fe61cf404e8f1e18d1e0ecd03a0d463d2ad6,135288
9c5c8a97b2194ecc980437d11c61aaf32ddc0677,135236
c24c33715e02527704755d76ca1f77326d62b8f1,135236
d4cb6e6f72709b74f6fe8ced18269f039087acbf,135236
4f16f7977d16c7eac90c2cb77150771073653142,135240
a7a47337f302cb95fa040db22fb077df46729e89,135284
c0480d080e934ca471d8b130a6c8807036abe2a8,135240
c9956d7a351235207c08c211a81108cc2b2039b1,135240
fd62322edbe297233866e8e048f2ccc427e6a62a,135316
1210b0318a025f338d709246548c91602b065f00,
43f82d0c8a5dc14b59eb078f0172c11274bb2574,
65b181e2e48a54aecb33701076300f727a519d8d,
ace87b560ce993e98fcba79480d8d54c72de9a36,135292
e226a84b0ed2c074ab30f47bc5f95172137cbb24,135292
134fa8068ced7c07eab792fe2889ec9fb00135b6,
561bb427f5f70a36a64045cc35267f95fa68f6ce,136372
b82296d8f0992a156d152f29967f4f404772d61c,136380
0f760cc2361ed8962d29e34c3f70e81c095e126b,
26581b0d5576e9522265a77ca541d72b673d974f,
27a3193ce3d87677e931273d0e314368d12a8886,
909799f908f3d4f53a77b386c76192a53270a302,
916d69eed5a3171c46a71f939efd270a8f3142ca,
d9c349ef0f118aeafc73ccb9095aec21b25e5639,
1ce88ac477e9a9ab277886510fab1bcb8e33954f,
5b6fa707573d101dcb02d8f923756fb5b142fec9,136240
70712d573c7e52ee8c96dcb1e032b7be479daa38,136348
804c1d80a47b964b204934592cf85e6aeea148cd,136240
f4abd71081659abe97da9a8bf2d0d6ee21a26490,136348
158afe374e6b33ed4e54edf0bc98a2b2cb365840,136184
447e6daa0e6f658a259f16526b29fd9a2686e274,136172
87ba2bef3929ecb56dcc9496e04e4227cc5f8661,136172
b7bb52a9905e95e6b24be6d392a4817818618c34,136168
17b0391fe879668fd084f19aec5a48a8fc6dc962,136088
72bc4ae5487df44030d1f2977937ef9a6d0798dd,136088
d3827331bf6ce84f95a8b23f9751f6325bf8da5d,136196
246f9804c5bfb7a5a68a541844b56326f78f0ace,136088
45dfcedac0ea74faa48bbf70b0ecaf3b9b02546c,136088
4df5f395f368ead58136e41834d52adca7a04dff,136088
babe70688e93a8b0c8ffe776816077a5d13c509e,136088
1dc55825a8f7142af2d97a7165208e00525fc9b7,136088
7ff0882422dffb310244f52c48681010240ca458,136088
853fbbcd15a91c04a0d0de20e6bbd39e70906fbb,136088
9831a8ee0c71c01333ddde0b1155087b5a1d4ad9,136088
b05c281d095f81f2a1c224504225053376c52b71,136088
cfcbf0d7f38ecc1421b29203b66fb11b907abad4,136088
61244f59c5ba1e4f99c1c703ca879be7a976b296,136088
934664e179167e4d16cc49b9a6dab57c05bc620a,136088
bbfccb29b91f92051b120bbbc151acf0d2e93a0e,136088
df6de2d1e70bf855b862d1543a854dd94b8153c3,136088
e69573f4e603fd8be7e428fd9ddb42aa98070587,136088
eae07352ec42e995427da28638f342dd93bcefc4,136088
21607308e6917fa2426b8b24587c8054f2522af9,136068
21cbc9a82d1fea41bca5b4741de6f1bf171dba72,136068
39638aae22c1e046ec0008f25beaef80687fd796,136088
6340712bb233f5ad2d56f91023fb5b695d5b79da,136068
73675ffb6b240625b8872adccf8a6df888e947b6,136068
77205736f099824853887206fbaf0281d3e5e4c3,136068
428d645b24d791a2662cbb5bf634a9b3a07c7146,136068
9b0dab5596e0ecf35652ed22476ab6b8a8127850,136068
b71eba01f76b431b89afdc43445417a04e603caf,136068
bd0287287312f4e3f7e383b9bef8db610f6a9b55,136068
27db0a66ca03db5416ad4087c41099696c3d9427,136068
3d6020d03dd92d57123cae56915b3d646c4333d0,136068
4be905c7a29de32c3235bca37900cdfe3eac35f6,136068
6616c03efbb4f666acb0998c864cacdb022005d1,136068
baf7e55e84e756d0c14a30456b0979ef2fb07fd1,136068
da326bf200a58b3a2e626dbe627744f3623c4230,136068
0918261dd0016840605a417ef18f62166f1fa37b,136204
0fae2069290b339a1576c8f8ae303a8ae44c72ae,136192
b0a535219a485c41e27d98149e62f308931190b5,136192
cde2eea872ffff544116be69ca692d2139d34c60,136136
dc52bb36f8b9d8132a26ed6ccc76ed9d3080350a,136068
ea11439cf8f650bb14e021119f34bc2f87900ffe,136204
112db91a73431783e47183f92ecd9a8fb1238e37,136192
56c70477b652bfec4004a9e2910ffd0071a24429,136204
6ead40e17874e1a4446b4369239a106afb0167ca,136204
72326193594e8f5db635dca2ebbbda9db646ee3d,136204
8175bb6922cef9db8183cd463ea57a4983e41969,136204
9052bc7563a2a10db0c041982b9be8ea29449346,136204
3c4b1a5b90b576539dc71a6ed84ed6df43764501,136020
583a285d02905e9cbc5f133bf058953b63bf4b38,136008
b26cb75341c5411eebb543fc76491ff2ebf16cae,136008
d1db75967fcbde1a43346a7c7e0fdb8653d95194,136020
f95d9c872a33c48c402de8179041ef46c309fb30,136020
1528a80b8a82753404b963b596a020add33335e3,136008
aa3b9c0a8b374f09db1c577f620c97cdefb7221a,136016
ad6ed45ca515fc070db7e4d858b7aad93bc91ce6,135928
cc6a419d985f2b89edb388605cba833b393c44cf,136060
ce303aaf172e9497e9f273c29a09d0b5a046b349,135924
f327b4957be0e1e0f2dce583c700acec0998f0eb,136088
ff63dd3e1ec043deab0408f8da9ae1ba3fd760fb,136080
17996fef5312459c5363f78824c090ef0f8cba24,135892
306b5e4511969b9654f376f9c98e94bc4cf30d58,135872
3104c99d6f75f098d427c51c0acac1155f7a50b8,135912
87e91ad9768a15387374f8b57a55ffac26b0b54f,135856
18b933eca6236d1341081d709b74f18958c72601,135852
4cb1bbc8f7fae92712b5c83b06839f7c4e5f9bcd,135852
7a8ff74318ef246bf6a2830cbf86658a91a6e537,135892
7f8d7d3d1f7dd08e7615ba4f1a91b14ed6717220,135848
961a2de668108414b479094ec4eac8b3feb30581,135852
f86af287cd4d37622c6c6b86fe9a5e339aa5ef89,135852
0a7c88c7e3540ac89728ef7c1137db6b76fcb509,135816
304559c6afccccfc52fdac6cf11bd53d8951674f,
9d905bece0d6774186c3332b3c26030c1969739a,135840
ca7a1ac895ef673f18c09d60078a404a04fa00c4,138668
29c99d82967e4a7694fba9bed93212bf6bd7bd5e,138672
5ae26c972d885e69a96d6fd356efa5f1b2c95e07,138672
6def3e30c9ad6860ebb4eae050d1da26634b6c5f,138672
a77086aea2da90699f52ca614e291eeaad165252,138672
32e087aa49c0b581f846d42117f35ec1d7ad4bdd,138672
5515a1a95ba3f85326184ccc1296aff7b01bedcc,138672
efe86646f298125783629c6c14f8f6709f3441c5,138672
2731e63a1197443f1595c1e4c3d3a8701ec90867,138672
49a85a73a3f146217ef6141e23f94c68c8ddc962,138672
01f7bbe84c9e2d7b082f1aa82347b5a47c37fe38,138672
06cb4b937c461e20d934fd31ce0213de85a1114e,138672
4a311118c063cfbe80ed8daa9dac0d444d00a706,138672
50978a05488d87838030959eea386d53efdc30ff,138676
8570eac04ff785b3f54fc92cc81be1f0f9f47cb1,138672
e3047b23ad6b4988d941b2bd43de44cb87c44d93,138672
e42fb5ccf7dd452636ae4f6b02a8214f2e46c0c7,138672
1f8f5679b4111a47f87e2ad2f0b1ac6d777b766b,138676
54bd5c9800c2d751609921fe274adf87e16dfaca,138676
75d54e2999fdc59e57055b708f18a664830f4df3,138676
bf4451753b5b46c765edf6e426f7483ae4395aa0,138676
f4d49201f48ab5b112e9ed3c8d4431e46044c2a7,138676
08c2a77f1ed0a365847edf50b755003074cad612,138672
13d5f0adab2f805d2dd01298980ec26b1bc9275f,138508
7224cb6a84f9d1492e48ef20af6ce1844844d74d,138648
9976f4090a7ceeb67642f1e0062ead4829232245,138500
40f847c1f688885f1b578723d0526a0e850d5505,138500
aa65343a12c7591c8af0a9f1b2e847c70ca1803d,138456
b5248453160a9304e46fcc913b85d785b85a84a4,138500
c01f8517048fb0e072faf83e11b8f80cd6785a7e,138500
c5926a177e655760b078c4cc89119ad180fa760b,138500
f53f6c39f153870f42edf6cc2650a0f232fce703,138500
1aaf64424a23ac4f2cf7fdf627fadfa8bc98837d,138344
bfd30ee77ccb371d519cfe300aacddccab1f6303,138336
d5e92b46b6b26431abae0d1f9a654eec749d9a50,138328
d6919b9b05bef2e2c68a0eff5a6fd885081cae3d,138344
eac8559c8857aca3b03184b71ecda3a7bdbbc250,138348
4d68cf939dca882e1725dfcf868c9837da0bd670,138252
58e58c951fb7f409e9c54e03a653e28d61d2b440,138260
b06a3e59a51f89d44179a34b16f8244c10133a3b,136896
c6c4863bdc2c89c281ccd1e12b87419c76ae6d83,138236
d170e18cc0b34908235d78aeb1c1250bf0f4bb86,136896
48bb98ec201e505fe842a08cb968b7a615903348,137012
86ae31df9c2dbb9df10850bdf6c47b8580f72444,137044
a0aa2acb33e71327df30dcc953156349b289148a,137020
aba991ae09cc1b666170542729b09965b107bde7,136964
b9ae303ef38316122b13da94d3df1ce1e29674b2,137044
06c29791b40f95f1d4261560dc00be7cc334a362,136860
204a496a2de3d2d0a8829909bdc6bbe8a0475293,136804
21048113a39a3fe815e08a808a0fe178c9ef5c3e,136792
3422ba47b30f000b19b30ace747f7770817b3b46,136792
f179bdb92eca71245fd0fc4824cc12846aa6be87,136808
05799a680396c20b6b72253c2ee5811fdefed7e7,136792
272c5d938c327fe321a71223a78226c4399a8739,136792
8b55341e7b087445e576e4119b4fc0e13cfc26ee,136792
e14de70dad8cb6cd945cba294a0b530097012593,136792
36011b6282d46618f07d8f70022259402f1965f1,136792
73fcb20da255b40a889d35b02176ab47ffae12e7,136792
ab47dac025f044d149eb685a4b0aef99ca334765,136792
c88b93f7f3b820c6cb104f4d3e6a12c3acb291f3,136792
0cdf5ed2a583c5140d1e175726e31c7130eff928,136792
c945aec0f27c77cb713b75b035584ba79828f968,136792
dd94f7c064baa182180c56e1a74c189c31d6d0a1,136792
f47ea15d9401881d841e4a7f4464f301a97cce04,136792
3518f9ce9d502a4b1102f10bcf017d21e661d01c,136820
5a6522274cef1cd27f571f767159ee6527e27ffc,136800
5dd2f3cfe0f9cd1c65c363491b4cf1f74f311a78,136792
8997ba8a6a41122cdc1417d29379d4d947bae9f7,136800
04fe5c31dc273a57c18d7d7edab951085e170093,136820
4336902b1e24ffdf646204d599e0aa716a2f9bd2,136820
96445b0fab8b3fc0188c1c6d9184a7075c4c2d99,136820
06958b73a71a91f42ec4f7f37db6693eb41286aa,136820
14977d0ee60b14d49782735bb333180173e00f4d,136820
c15196cf00e72935d2844bbafa60e754ecbfa625,136820
dbfc3d28468479bd1d9f79d545d01d02a90225fb,136820
13af34b0880b01cae13161521fbbca3915420b97,136820
5921955252479bee0b16ef03fe8edb7a8a59f2e0,136820
7c703de055d3138fea129851fcc0804a322ad8c7,136820
962547a0a3c4b180e5c597d599824563be6a9a46,136820
ed001b381a97ef4c96487850c51db7879a857030,136820
3d6ba033b6a383f8527433bed3c434d4479e45f9,136820
676bd16748b338e192f16d156082ab049be2962c,136820
970f3abd0dbf2ab8d592f92fff58a33944c72012,136828
a7f1834cd5b8627be6858596624ba153816fe0cc,136828
b07e5c37b9ae372b842e4535eb51531a25b43b46,136828
b4f834dcb62bb2d411debe058476c5997e4874a5,136820
71489dc7680ec3eaf5efdbc92e09fbe9a74c0656,136828
789da824e827516741af5a84ec29c89bc2293cf7,136888
ab00901b2bf22831d3d13e2cfbd819176b87ec4e,136840
ca0fe9b6a93900bf0c2dc620e3a29cc5c200cd1f,136828
cd7a55fd44255a879cef311352ce233c394492b5,136940
cdd3b98662cb89a0d04ae359f9a5a23c59366bc9,136836
deff9f9f82703a6dfcae63c27a67d1fb02b6c65a,136836
0338b1db3b06dd1c5f48f6b9ab0df01981f53f55,136940
71460634012c11161a1f757c45aa8f501563146d,136940
c0a90ff6558b76be847f8cf9a757b5568ffbf9ce,136940
c288a437a0838d292695963698aed0c4559fbfd3,136940
e691fe9eb1cb7aeebd4153f6f4de87384b3962c6,136940
1b0d5649042ccc6b749850eebc36257f9f8d6505,136940
51c1f38527f6e8bee21d1946d0f11e0a3ff79aeb,136644
7937ae80f4c32452adea13fea2bc498e1fea083a,136248
929c5a200546c569c9670b4a7c0caeff4c1a72f1,137076
aa7c3a8ef2186b7f55506f7217362161f75e54ff,136248
1b163ba1a90fc5e153ad8d1706c9c5c514a9dca2,136248
1ca4465422d8ddc60680d72a5fcfb7c6a8ff2ad7,141328
4a59bd3e88c889af890b20ee3b695fd483446467,142196
6096ca5b1b26b9b032131a0c8d1b3b0aed068802,142196
c9a7220c59e43c96990698e9163933bdb480fb79,141328
7d2356f6308c573cd46628ac2d53bf9771ca74ed,141328
8857ca1c2277aa9da0c6c60304039a9839642191,141320
0e369bbd05e194e04a77879556391c8b48cda9aa,141344
421ed174f77d35a768aab5f8a3d2747a8f17e64e,141340
8b35ed5f6c89c50840b4cfee9403d424f62982c1,141340
b3b41dfb64c82e8220a72d6d3c0f1cce9e2c2bbf,141340
d8a7aa466a8ed3b74e50070f7688d1e62df6f567,141344
df80976c80df32a23204b8c9cbf10b68f3dfd169,141344
21cafc5ddd8e86a5f05ce06201410a14d081bc0e,141344
30f05cdc0941366567d68540da6051979c365d86,141080
57dd0553d33e5005dea8ed8e88e39e925c129a22,141152
7068a920083490942d5b8b230c073481e893f90b,141208
c3733814f1c20babe41fa0a9b362b11f728d7054,141080
df8f1e60f8cf7ccbf9ebdd9c216f22386f9ab3bd,141344
0009c4477289a58dede3c7da1e21db1772315433,141188
6c83eafaeb1d445c0d69579c4b5d76c0d04d6d3a,141208
82be85ef32fa4da47ba256e97b23c1007584a294,141180
917f791f011974418a596d73a1ff7a3e8cf6bb6d,141208
c0027135ff47c13b626c3696b58ee52f51247139,141256
f33b7e871c45748f3b187ace9fb3da37021fac93,141180
10a4b9df74c9877e81ad07e1c9ff5b070aa6bfb0,141248
38678180351cdfb3d108b40138e41dcb8812862e,141152
812ca36d2f410905a5dda5d07b0a5f34d5945ed2,141232
b0dd0662b7d853d1e066241166d4dd27b763d45f,141124
fbb1af2dca63557e5e2093e261ac0afab1a23b5b,141248
26b631827fbd20a1218de06030b319bd71953735,141104
3eea698a3980352742d82bcdb8a2ac9c493183d1,141036
646ab02ed17341520ed73e2d3f6a594d4a07bdce,141112
665a9c793b5525ae57c0dd8ebe96dd4319475d55,141036
770dca3a656fdbac9567b062e3eacee58337a092,141104
b7dc572448c9dc43e3081bfa68bc711aef76673d,141036
f298ee7aed63b7581711a14d596ad40616953935,141104
0493aa535f5753acac33ae76a06e61554d55c599,141036
04f9540c54b9e22961440d202f693cb35b4763c5,141004
81b5177c55dd5dd3910a3748939c0c187875e2fe,141036
b3e71823875944f3ded5b267e0851f0a81705baf,141012
f77001583fe27a06150c35cd5625f6b1e8cea1a2,141036
039eb05d389d7e67cb0764fb0ee25a849424210c,141012
0e5c503c0e941e153fe264f2a882b1e4815ce5df,140928
7fa8d1e19036119adffa0fc5af33ed399be2494c,141012
86a2ea96b127da9bc28edaf945a39f510aa9912b,140928
a21478158c55ebf17fab00822ca1c6a40a31e5fe,141012
f2c258a17195fec7e24e0cffc578a36c3e0e6541,140924
0824795d4d7d93b054cf950cdc0e782cb8f490e4,140936
80d9231155cb53fecb227db6187e2fc586c86083,140896
88bd40cd6a619055d326f9efbc6773465506bc3a,140924
8a0c519ca3627625bb491f3b84c850b8f95766b4,140896
7a313bb391e8eed5b8aea06688b7c33d1a1c09f7,140872
87210e236825a6bb91a8113be43513c112470ca3,140896
ce191a54a789c717a63835842f5e9933bbb5a55c,140872
4c9f355ceb1878c37cb25e7a79028183b91c4a37,140872
76e2aff21c51115b27564357d0d7e0733911c1b5,140844
9f64363e5ac6b2200c34d912d0b3551ae340dd85,140872
ccdf806b96f2d70c9534e43ec0e162a29db148a6,140844
257de729d7c3b40d80f8ff8290026d4c4a0f002a,140844
8d7e9452ba5625f78818ef14708812a62d6991a1,140844
969677deebd78a5a2c4677e303b4bb111d9e8cf4,140844
33e0830554a78feb5e5acb68539f0a5aa410f95e,140844
b00281d16ae97f66a1ea27bfbb7c3b8e2b11f528,140844
ea5762cfea3f6ae0511b9cf740084266af63afb8,140832
ef7e1cc8b9a097795823e055b93f3b033c57eb19,140844
059275c173453462599e7daa5677d7dd72caf977,140740
0d3ae7949b22a8a8ea9ed8712fcbd3dc594d9f48,140740
78006ecf484075b3ab3cae046c6810bca1519bd9,140712
8d845918540563fac6c469247d22cb23a91dd64d,140720
4b6a3f36509ab10fbc0a75bc72a8fcc89a7ecaef,140584
88bb6e1e00f69041f6f6f5443544d80fa57eb381,140684
dc8fd61cd0006e573090445657afeeecca1b112c,140652
dee0d270dbc9b86d4df4166ed3d58f1309e82ee6,140548
2a2aa74ce0f35a6bc562af3065b0592a8105a612,140548
702d08eb408c4912779c132ae1f018b940a39a97,140288
7a89e0cfa5847a407fa7927444562bb489de37ad,140332
dc29d387d35ab057f2222e7aaba42b508dede65d,140356
74595ec340358bea1f6b9c79a7db63742d6ee2a8,140232
75542a9e8e45676ba0183e1d59f98deb732e09ee,140176
ea4e3519fe72832e98dea63e983c030cfe45c51a,140172
efa7235f89cb1141fb2b00a058f0b78ed7ef002c,140176
fc926a8f4702e6a150d87572ee485775a1cd41f4,140172
2b3c763167f7e89890790a2c1c3b137b5cd3b870,140196
40c98cbaa9f57ef1403f87aeb17b6a5fbb720b03,140164
d89670cda859991bf15d9f9d38231971cca70c28,140176
f3db184f7d3f01391ee915eb8e6fca3e5d5f6faa,140172
039807f729a1ff029f00aae58b58f84b0c77e8b0,140196
1cc7239f9a10cbaa313613cd44794849d4587ed2,140188
d0b7f2cb9c413c891d59e3d78d62074a163bb9de,140200
0e8daf8d2c152e0dde2a7a7ebc32f17eba47a58f,140104
0ff976dfb0a08377c923f212f5f6b033cef96225,140104
436acbaf5b40040b7df66e8341a6e98ec7024758,140196
5e71c93057e36076092d54e4a524b5a707c68389,140196
6fe8bfdf5f44584cfeb625eff2cc27122645394b,140128
97c074d4275b42290c69f10a5a8f80c3f03db87d,140112
3a490575e9035140178661392a81782b6070246e,140104
7dacd2c2681501f2fd29258f733645a45bbd9330,140104
b25bd9e5cdcb64ecd88e0827b72b8bef4cf836d7,140104
b7e59f2006978e4e9d447a96fd7b26a99ddbfb16,140104
d3244748f0787d54c2fd6cc8f4fc56b1434e192e,140104
ec6c131f3fdf9c4ae89e13ee608f2ae6659ad64d,140104
128df599d61fd97b800bcd949b55f32ee01e16f5,140016
1406b455142ff2c0382859d7fed59376d263a508,140104
3abee6962f38534444ab65eced2a631ab82ddf13,140104
3d5f382d9e5a2d5347f8770d18cb377279f1debd,140004
926d9d8d0fae3c9b54e2368e03b017602fbca15d,140068
c969390b4007dbc9109ba96706eae1e984000f98,139992
e5393fbadb5f996ba525ba19ca8965e08aa14fda,139988
1b0d812a6d1300a473b4e4ca36703c2f67a36a3c,139960
44c0991caf58375f46203c54768bd8fe887e6059,139960
7d28b962056eca47db1fe2d9ee24023d9ca23c04,139952
8923a10e923f1f2075777fec0a1c787fd8198354,139956
98930f7846ff8ae2435435f1eb226831f15bbb85,139952
f0fa7262caa3518b8b62609a978a804592effec5,139900
1df35662464eee39a6223f1ebcf5c2095892cf92,140152
57c4e3e6b9b1573d4f66a726ad25eb5e9160f4c6,139900
62999dab4ea9f41f7b415df173a5768287d1a947,139980
708070977e1d7c49dd244184d4ec35393e303a64,140016
d1a7b7dca822aaf5f7276f897c420599f4d8acf8,139908
25a910e2199205c27138f3e2f25116bf5ec30a2d,140104
72d9109c60565a44b0677bc448af2adc7213e329,140108
81d6cafc54ed5eb5eb51c0cd2a40dd9323287de6,140108
d45612618fb71f83bcf72ea47fffe07585fec5e2,140104
ee4d361fc83d0b188bed7a560a32af02b31b3eff,140076
0da8db7d9db30bdcbb27505fd2758038253b2da0,140084
3624cdbace071fa10ded16c50986abb579523239,140084
67322957ff3bc484d03255c41a35226d35e05b99,140084
83fb57c70f6c84601f266555106527cd5625a522,140084
f7a112afb27436472e2afdc2fbd0465cfa4b6fb9,140084
5cfe78e307292c581fef38d124c6991cc3999256,140084
65ad3a053b40699c3cc20b5b646377686dc78534,140084
a8a3072ed1eac648257d18b8e104097dd83aec1d,140084
b2e20555c1bd50b5f8cffa03b863e734ffbcafab,140084
dc5784b912899dadc6ae6e1d8caaa23128217405,140116
60d9f6a1911bc7e522197b9adccbe7cdb75a4f17,140116
dc6e345fa3d5ca4eb36b774fcf7eef64682ca701,140116
df2ad5dfb49f46dd4d810b8608db340432c4a82c,140172
e2b9158b81dc5b2ca9cd15ea752df5d148d23796,140120
b03d6951562238c23ae415c6ca215d684fe3b88a,140268
bc40a8bc81789f5c1ddb6cb2f3a9f7429aec52c7,140268
c5a0dc1290c033b04cdef849133b3a2255944765,140112
d970a924b2bc3e7a78f4f80d919dff9286e88999,140268
e42e6371e2199142a35125fd248c032a4b4cbe71,140268
174c09e948958a1d2dd66f163c4f41fb21c76d1e,140268
35434ef151963e092212eae6b8e484fbed978ee3,140268
d929eef41c23426f60c2779c6f3dddb86556c617,140268
07b9fda9e1b79426ded90aa90b064a2284896806,140268
9db52c404d7d016bd8c0b1bab0ce5e62eb53eb30,140268
a0d83c2419831ab5fac6d52b06c8a0a98388234b,140268
d68fd3d42f97df7a795ee22900f0a2ff1efa4e36,140268
32740d99e4b7a95ddf5dbdec3ca0a4d655b7d2c1,140140
a589c11e47aef77fa3fe0a75517955c33628e2e1,140248
a654032205e0f9998fa1680c950959d7798abe61,140140
f894500de8bded76341bdbf4d79e4d5fb2e542f0,140132
5896667610ab552862d9ca53a076c2cd7f191535,140140
60087f01f13611243bc8f0a80b7c663a66258a36,140140
9f0253cf7da0e522f9a2d579cb97181f2908a84e,140140
0c834106f05d51fba57154185c1b42a6cdde5e75,140140
e2b2811056581ed0b0dbed14f9830702b206d2b5,140140
f5eed3404618c65fb4b327b989c227ca3d5917b0,140140
0574b2e1e534e435a13afd97b8f31f608c39f791,140140
51e9d427cd2ff3abc95e02483db9a5c4384071c7,140140
94d5e791e4c03a6b7af0e613813029a0252b2d58,140140
1db4f2eaadaa7073a59c6e58a456e99f0c672d93,140140
5da9fcc7a9e76426739cc7fad121b19a43170499,140140
b2fe9a87e1abced7daffa5e50da95e32fe84047b,140140
edf6a7b7bf5267c3fbc1e3e6b86109ef21005b45,140140
5a67c23b371854c6687d12ce32ffec7e31a933fd,140140
9ce122c8b6bb410333b177328bdd0c425b0f7370,140140
f59e52468f64121b47eb81a6752d6e826d063aab,140140
128ff12a512074f7649ef38852b33269198c9dcb,140140
4ce14cc2504d1ff86246a262dc377f3b5775d45f,140140
854b3505b1fd7674d688cc3b791b48701d3732e1,140140
a524b097b90e39c21e314c1740f71cd551b38ad5,140140
45ae3e0600d91ec4cc70eddda7f10e191cdde7cb,140140
698c5e89632f24c3508e704a8a73e1adb15f6bf2,140140
74fa86da08db547bc97b008808b31c351dfa4648,140140
96092083d29cd328737c1b6b40d91db2a5b122fe,140140
a4b155aeec3202cf6a5dda38551144fd96932820,140140
f79306a263f3ec580029c9669e5388f92ffd05ea,140140
7af0be3a3bc77efb4fe9694571d3067e66d08bee,140140
bc51a15e6ebf16a2cbda912e53ade7abbd9cbc65,140140
e3f6d6b03bfbf1fa212470defd698e45a0c24723,140140
e7e4cfe315735857422386d53ccc17076463e836,140140
fd2cab7c04c0ea3fae387c2de8d58c872f881649,140140
486a5056ff550c4c2557976fb3633c67f8062b62,140140
a544a1540e7c81e31403553695e2ad83431d7889,140136
c1586fe3458bea687519f15fed7ca75861333ca5,140140
d59868537a5e0f95694bbf788b0fd60e3a8d1284,140132
026d9d566671175449df6884b841098a1ca2d6a9,140128
6cdafc25a8f1ad4dbea9826f96146c6caaef2822,140120
ec1cb25c304831097cee31f7c975a1e312c71bdd,140132
652c44beb18528c30d0926327c1c580ff6829108,139984
6665c2d3289c87778a96d4a39e25440372dff858,139916
8d29ba321d5ddc984b0b73d8197a98bcceb2d7e0,139996
c40ac2ddbdc8d5581765aa2e9343e5df926c4709,139872
d398b298273872e882e11f798c55754705d3d0b2,140064
204a0b016d65fafd2a9def1f41c66b8621f5a4bf,139852
2770358d7d2226eb6ffa27dd5212e659dfcfed4a,139796
dc73ea8aaf1434476635d1d185ebb095d011b135,139852
4c4551912c0c369463cfe515000a6fbf14cfd230,139788
77e57f931797c1e1fcbecd200b32f8e74b270d49,139788
cb6e09db5cbaecc2f762069df31bf03b656d319a,139796
fed4427ce9eab0c50c46628ba5e6266eaecd412c,139820
d41427b7e39b60f21bf5838d43be4d93b45738a8,139748
db4922f147b8ded8f9f0f14ba7bc2010eca6ba58,139796
6eb662e388014faab7aeb07cba4426fd71840b49,139712
acd578afdfc7cca39d2fa763aeb95f39eeacbcbc,139712
fa843b4261cc316ca9a732bc69fd9287c72db1d5,139724
42aa881cbf2d15c63e82edbaff09fb9197c761c3,139712
440d64ed3cb3932bb43d887631a8ab4048fe4763,139712
652f050c88f74e52611dc35fde4d813162e73fd0,139368
e0185e613fd930a3d3798ba2aa8d6d23078e6763,139408
e5adf284e5b1800cefaef784b17c7eed1042b870,139456
09775aecf73f5b39cee8fd8537b40b122054011e,139232
60e21dbf5d1b643f43cbd487024c3146c3fb9826,139000
bbce825ea15a32e5ac4e10559861d9c34cd7d96c,139248
d3f8c30a8d95bd0ca75066110c888903d8bd0c00,139236
e3cbfff1ff085a392b8b66879f19d395dca70218,139004
e88296ef55efea4433c3ac224b2fc0a7dcab35ed,139360
46f82d47a60bca85f44fb936ba7ac4be605ed70d,139092
7c4cf43a648c975753046588f5962fd55c9263a7,138984
ae8fd9e99b9284579c622a1faeccad153fd991f5,139052
baf891897b10812fe2f7c2948150d180a9d4c5e1,138972
e167402af3ded5e3030bfeee4811ac7cecc12154,139084
3363992bbb6c6a1a1376f89d5f6328cec9165064,138972
35bc425a66f29d1226bc0edd96a1fc0a29db3181,139004
888675b105c6d72d6dd17781a60475a35375c38f,139000
aad070bb8fe5d1cb10e54bc8b5320a87cf33e681,139008
e11c3abd30d9c33bd15f49aaa1574dd15941b22e,138984
5fc09f94a86a56a1df0790dc609d3d176be72a57,139120
8f2ed58585c8ef1430e5ff5d3f2e9dee80661b7f,139056
98f5c01dfcdcd95d3a6a80c05447a20fda632158,139120
a535ef4e0b25ea835675c4a87de0f8c1fa481f46,139088
e47fda5985bc0f73ac0df963030876638e9b68f2,139076
3dea653aed53bbe7fb0f289e032ea31865497d0d,138972
478ce1cc7725c1a66d8bb62f9af5552a65e99a9c,138980
90318b427d0a9000fe99d236ca0c51c4d6a8c48d,138964
95eac4ec46d6fe97e385f8c8e469cde6daa59901,139116
23371c04d86269a236fa7089d7fe155518865cbf,137972
6351a82f35e57796ee7e86801607d5b3b827af8b,138928
6610a2ca582ca90fc9d70afb22d96b6ecc6ec52d,138856
882e59ebd48347a7ef18760b03946078e4a1d6d2,138740
9f6a6517ceafaa63fcc00035a94003cf08166b8c,
1e42aac566b6305042acd55c94dd2213715a1c65,137972
57d2c69de7a904e34c44dc32707bd034ddc7e410,137896
6dd71e2e6dec0f3b374ff2b02afb97ffddec54a3,137912
972b00c7719214c5e21a1773f817f094331507dd,137972
9fda0970e60a61b4a7ea4ee83daea0dee3ca62af,137896
0192b7ddeb275dba984c30074d1ddd63a3ef73a0,137896
0842b99a5a7695deac8ceeee4cb5bcc9af0ac537,137896
53ce046c316a6102eaa20484b4be5d0ff0b0f349,137896
547171c91f1e87799195337c1cab56364f0fccce,137896
86c1460513004bea24e8393449dc5a0a3e310cb9,137896
3029fe76a8ae9a37cc85bbc500fa245f5b28ff74,137896
41f463f3754883670cecbc2626e1d3bb30defc73,137896
8917e71bc53c793cb22296177ec2052dc5e066a0,137896
ec108553ab6a057ad50a8accfcd2121a14fb6a36,137896
0dd1cb7e203880613758e16892206029f1e312a3,137896
3dc7db11e2fc45d47e9800f961d2a3e5075131aa,137896
5b0e42a7d509096b3bb59097bd636fe4777e1f70,137896
2f7b6aaec09fc9dbfc8ae462638d2c6dccfe83a9,137880
3a196a8890649d0c60ecc7539a39d4ce19f1c6a6,137880
89478b10cb7589339050305533daac7e63005979,137884
8a8d0fd619b28e0e6cabe4ec4681bd026c3c7a73,137880
cf1783cdaec2eae88cadc4a4f43332484b49334c,137792
d996b43c7dc8df7e2c0965eefbadf0551127acda,137880
fc828f941bee2f93f02bba8313960741571719c6,137896
4f85a8e74da2b31c1d8d2626a8251ef4bee6b324,137276
52e0051f2a9e766461e77ac58d8b0455974e8a1b,137540
b6a59adef857ded76a59429b2610a26f8d024438,136736
b8406fa083010f83be8e8f8c6c6631ed86f59c43,136736
dd071715d679afc12310708e8fcccc67fb336902,136976
fdcf9292bceab6f08fcdf64196ca4b1682b047e9,136736
43a9f88883b6e4fae35912a1560421bbaca9a00d,138128
557eac73cd841bf499f5ee3d822f960efa841ab4,136736
95582e0401d9226546544c33200a3ce68b6b6026,137156
f1036b7b3751d0d64cd3fb87e84987903e16d688,136736
3f860840549977c4324d40b172146041c3486b12,138080
50f8ec6d7fe8904da5fa64813b74c720d8ea03c9,137852
b3153a652d653f882dd57d8ed1aef6aadd24cd90,137852
cf52df70a17305ce8b3034ee79a22fd59b90d676,138264
61b2f525ac90dbb1ad30ccaa61de1dea0ee82434,138132
810d5cec71b6837db21fd2e013c19dadc82e4c20,138228
91b64007bd61aa1c9908565bf9cb862740099a16,138260
ccdc8001620e50cf5c5a2c49cc29f9b6337f1c71,138260
edafc863e7fdd2d12df61e30ee6ae2d0574cbdcb,138260
3c680664ac994c8fb8ab06416e371d27a25780b1,138644
a1655c765b62531826b3aa74a24d4ec33f533f13,138508
da6b12211856f34d3e85a509631aa995ed43ab03,138360
3d2c6dc82e96a0c34969b03a6b3d81d9d857d647,142264
4c66f70fd3e3624b47ad6d30618e897bad864313,142264
6ba9b4d7f773c1363f9f0698c465836802d9cdf5,142248
702e063a39d3f3bc70a31e15ab110510c732658f,142252
90ca65430cfcc932cb670618c285e17ad2b0fd57,142692
abdcfca91dbea6d25bb70fbbe6fd6b0e28fcba00,142692
21d7d2a6bff1bc5148b1affc333cc91e4bf5544e,142644
377dbaa35fb2b87394bb424cf0d7b12c60be58a8,142640
672b49392b909d9a04919433626e96ccab94dc1f,142500
f727c1a87bb9e337c882c1a702a072f4b9b4978a,142480
0f03812b26b3dc5fa750a183b020f3ad98f46ce1,142476
a698e10dfcedfedef910709da958ba137c2f6fd5,142464
a7640eaa53e79af31b99b1ab35a577187b9ab5e6,142472
ca65b2f055ed269ef65285520a8a2275a3b723cd,142472
f835c10154f9bdc9b57c203bf59416e90317b72f,142472
f641da15f49a3cb9776841d0c7735ed58f8ea8bb,142452
7fb897d98d59af45cd64377d96677a29b6d845e8,142444
01b9944657d594918709ccb8e6c15ae24728de26,142444
184538534f7280928347e486632079ce6d56857d,142444
2b2105b9f9a5afcf4ad9574ba1120a24c786e9c5,142444
940ba83c8ce00942e85a91349f300386d1d9de78,142444
cb0414148ada4be2c537ba80ec4ab0a5f532097a,142444
0a37414e70a7322dae85a497100fd22a35f290a9,142444
23775019f2ab21453f543e8b0c380bbf6d7c41d1,142444
45a3cf4a9ae0ae5ec90e0d295bb1a83663639235,142444
79449809378b0498fd7298e29cc21a385de12687,142444
589424da801c1e0c5a5a2806fc166fb360fd20ec,142444
6e98857ee2d3a9dda9c1f8c43b3a88e227546123,142444
78bbb028f7f81511b2e5a8d7edd6181bb53e2023,142444
909a24e9c042bdd8e14ce7844fc86abdf8c97cb2,142444
9c4f5ed4d21eb3748fd6411cebc4698957bdc3af,142444
4cb539f3cfe7a0f02eb20d5be9613dd8da8230fc,142444
78e784c9a6f45e0899e07f8c79d9f357ab48973a,142444
9dc3fab2e17bcb91baedbcfcc45cc4e9beac3786,142444
ef16df681a9afea34ca3cdf2565d3507bd9cc11d,142444
f8c63afea68bc5f3783304e9ba760d89fd659989,142444
38fbe20792e8f2b5fe653cc1f524eb6a0eb01403,142444
98d4b0aa244927020dc9e7a0ebef6d732972ec4d,142444
db51a365dd76b843d7d903f34a55afd745ec959a,142684
ef092078d686786b5828625aef27d352ef58805a,142444
f1310bfb9a23dd559f32b7905c547fe5739f6444,142444
280a304c4bbb2ef9fd93e6720a6e28c51b5a3fed,142588
2e4cecf69629c5ce40dee16f07f99fbaca1ba0c6,142604
a6b90cadc495e022fc28fec325bbeda73c8cee83,142604
f2cefda2b815bf8007a37cb0aa9de6e9161cc121,142604
44d0cbb329913c90d6584a333d250bff18d09e57,142468
8627bc20d83cdb977271ad749a010766b9a4ced2,142580
b8c2e0d931d67906ba4415f4c8e3fdea1d803251,142596
dbd606d7e798ea8738ecbb341b3bde082bb29553,142580
e10481ee684d823cf22376e23eaec51593f434fa,142580
01f66139fb97f5bd09e5c06290c9de62c98e1767,142448
079afd0dd8ba8f6ab5e14589fa63f71034d31495,142708
0f008dd409cf9f215f5180ba7aefc55fb12d4264,142708
833d1217474e94f35095257c5af2329a4dfd6140,142384
e99ba9693053bd083652497e0a96eaace37e4ef3,142708
0f133f3310a00aa0fcbf562fbc3be8891916a338,142708
275cdc9960d326357f2b58ec3525a50080340784,142708
324cc2b28021eefcf5d86a0ab4b1baf1a1817aa4,142708
8097a97ff70d99e3b0e356aebd2e6b624b7c60f5,142708
bfafde9ed84bf0539fa5bdc854f2517d12ad692b,142692
cb72ea556407d0e1b359ca760662cb864e782741,142708
0909854988754be9f792f0e9563328293542f3a8,143156
49c0fcb93646ac236a5bc01a3bcdb7b218ab4fe2,142692
842fff39d3fed1eed14dc8646f315f3d1ee388cb,143160
d293aaa43e9224e88361339e6daa84ca82508798,143156
d416add3c5ab2e1eeaebe5fb9541fdd9e15a16f0,143156
fd3f09847b35c28a85711e37c8e85b9e7fc9fb1a,143160
03d3dd17a448e6be91103b31e283102af7442fa0,142668
144d28bfd766775fdd8670a02f7bd857bd3c17d6,143168
3e508169b09c7cf0a8e70893b28b41311112f539,143140
87ea3ad5f9ce8bac9eb11e2c6c0c398abc71f3f9,142668
9522b9384c43b84bfa3ec171bfc6184c7548799f,143136
167cf3b7e71d6d11018710f26e01814819a36314,142632
a4c97605bfb389aa4cb5c649e8c2b0275f09a008,142632
d7c395ad09c2534a9aa511c584bc8c6a193592fe,142732
df74eec9aa3d1f43f254e1b3648b15e0267529e4,142776
e4ac500a71d562209235a26078496a99ce5f6762,142804
166253212267cfca330d15b94e68e13c1dc9c012,142764
ba5fb2474df748fcce6423d76eab25628ef210ba,142784
d7f7601bead6ffd903325523be7c51c410128d38,142764
df1679fbe925a93ecee87cf06c2747cbc1e82cf7,142760
ea81b1a31585ca4cd72d9b4169f57d9c417782b5,142764
3f08ca2c641420015f15e32127d55515cae107f2,142808
6c4d6fa89eeb671084ea69c8189d37d3ece31326,142808
98516b71c5685f315a1950ca2f682f8d3ed2caa3,142808
a358dce3c5f60c625d7a5906beabfbdd27248b3e,142808
a814ef961b13ad95fa215baba4f6eebe9e7f58af,142808
df97a7c29eafeb9c6d8893804762e109a9e40403,142808
b14675ab257a6ad3b5aee6e501de0b19c02a28c3,142656
ca1bae01ae8ef9f1dd5c137c72f948e0e5932fab,142768
d526348080936814ed0770cdde0737810b056fd1,142808
dd8a2e156d92723bb2aff9367dbbd463efefa066,142676
ea2f69ceb28a048186760c058709251499684027,142636
15373cc62ce367dc49157aa3e7dda947f464db5b,142920
54067ad6ec4cffec737dc61fc6a683d26cf787df,142952
7505b12dff9331c68431d352ec707ce8ae3f0236,142928
76d0612cc6b53e6316c5c5a2157cc0a2ce610944,142920
011a5548570d467737db0338c6af2853c829f0ce,142916
45ffc693f666cc9cef1976baee46539f4ceca917,143156
73f64989e02c93e45bf8c5a348445faeb841dd72,143156
c065aabf01a0af0f0bae736f0a0b52e4e83ca38d,156232
233709b155caca9089b1dc95b62d9f55d30eb6cf,156232
019c2710617e32b91329b95d60e5c8b38fa8e379,156224
74dc1258310944ccbb6e837b78c2163d26b9797f,156220
4d10f8657e33f27320a42ee6686f11c23b45b783,156236
eef19d690c5c958a1613f13bd2f92f25dd91912c,156200
793ac0d1fac2e73fbb5c5c90085eb77504fe673b,156116
f099dc5fab83d2655d5b07898a99a883f236a7a5,156100
4fe9f0f2bf0445e4598bd26635269a8852007609,156096
6766a7bd7bf82bb9e6c97021102459250cedd9d4,156096
793bfe416cccd43136d2b8640edf4b27533f3aa4,156096
ebe6bc6b3ab61a2d73cbe655b8c42f1a74b5ebe4,156096
02bee7f07c898775fec1f402fc1971e95d936d1a,156096
815bc41607c93934bc02f76ac11d67bed45485ba,156096
4fd6c3cc9f1fb06a89811f0bc85fef03573c2cf5,156096
cd66c7b9d2c7fae2266946e56698901d1ea31e1a,156096
b6c59d5e3c020f0f484ce354ae7d27b9e24f5a80,156096
1a2a9b914c2497194beaa9583e7e9b2e46ede772,156096
64db116dbc9e3496752429e9580416f97cea52b7,156096
cdd626896be6e6ca8195a2cbdd140597f5834842,156072
bd6eb7d9ef7e2a9a6114addd26556e986b8ae734,156096
047c46bf21f74f7788c6f26f412d6a105877459b,156096
b9295f89033f70cc59e9cf42966563e832a1451d,155824
b7b466828184456deaec105fa2f5383e3a1941ed,155828
0665a273e978b1b6762be759fbbe3f986a3f2972,155476
689f788f611dd5363fa184879d1960a73724d803,155476
f1aecedfc67bb253fb210bacb61a227c838ea361,155476
559c64f168d7770b08d2fd8085f2d86c95f934d6,155476
c7408423b298d4de60d49da9f9084a31985879c6,155476
bccb7c3835dd2db31dfbb06201ded61eb3a50e2d,
e757bd82ea699423b4492a6c2d4472604038b479,155476
2e705cc5487f6da64a4f555b21e7638fb833c8b7,155476
1385bee6476133f3bc6c652742ef65879c50081e,155476
fe7b9d1c978bdb49820593b2c910b3122f655952,155508
5b0be4ecf4b72f2ddcb590f31b4d0dc309e1cc29,155508
ee678d637b7efc6025a54cc67396829064894e1a,155508
cc2f9c2ce06346e9ca89aedf265c31057f7d7e46,155508
383786b252a6372308e90a0870d4ec6893d89b0c,155508
e72966e49300729aea6486c4c24793859c79bc13,155508
71ce8ceedde55b34db4f5885ab44ec4720cf349e,155508
05b616ca86590ee22bc1ead8946eecf012aa2f49,155504
62ecced801d980523041d958730a6b0e685b46f7,155504
02115c650bc1023e23a24e36a41e481cec283c32,155504
aa005be9402da66b7f67e0e0be7d0b42a6a5e103,155504
71c42b8ed010282955f199ed0f64a196daee2278,155504
1e063ceb89fac9cb16a675a8df89fbd4eee37b6f,155504
9d51ca1ecf6ccb399981f26da69ef1aff38be48b,155504
38b57c7e7683503140c8adfaaf95e006b70251f6,155504
88b7ecf6a6a8ea9281e912b2e4bd8533f220272f,153464
dcf191750ae7caded1fce341b6859696642fd5e4,153464
fa62d1f67420c2b82e682074eb4b54e33e74a47d,153464
5cd407e7d74d7b59136da36a861910e91f709539,153464
30cd2ae8897dd17baa3c2ea2d41d463202d12c49,153464
20dfe64d03f9d884a7046e168f750adbf067b682,153460
62179b7bc95971605477cb84dbd95755fe9a5898,153460
ee73045b74b94aeee5dc002496f05f35d7a82b06,153460
b26af594f652e78390dd4f8b90d665d7c5c37cb9,153460
81f9babbe660af91468c0a21018adf2f29e0c863,153460
d1ca7f386868eb2556ff665f9e92a7b6e8fd7318,153460
2da00dbdb97912e346dece7425806fdae0882b74,153460
5448b28d3cc93b5a00079df173251ad4d2d61199,153460
b4f6e1288cea9a35a9bf8a37ee05aa2e177807f4,153460
c06b8abbc1bf4dc0473c868f855348fe7889a8a8,153436
f17b7d1334580fe9ec48968b10ba8b6a98ab9f5d,153460
cc12d11eba024e051920e9c5da2c92a0fabccaeb,153160
0f9e704e7517241b44484994bef8432411e4ce5f,153152
2bff13d6bb56bad660a4ca38485404b249d39ff7,153116
a3dd87251da6a01e50e193fbdf5800a2c0bc4599,153228
6ce8afcaa1a23e2655fa27da80423931c44c31d5,153204
2bef6cb5e7d4e385a4dd6a99a2c69607e0906381,153232
eeaacd4b884b37702d5ca8708d026c281a76055c,153240
af67a2a86973eabf12093adedda55b3d06dd2e28,153552
11f6e7ad980d36975b457bb5f9641a7cd39bfee7,148672
dc920ad13ae012d630ea80bf75077378d8238f29,148672
89bf5d59ff7e25bed6a3ba53c1b112e99cc3737a,148676
6cd52d916450d97a206beec5b10987089de450cf,148676
4f5de1df6717794973720a8a7a0510f9bfb8c5de,148676
53dfa8ec3984948d5c6a7d1cb8c21ac0ea4db9c7,148708
b173beab17fe5a76d994c5d7e5b9bb9dcd091c18,148636
83cdfcb311bc1a98dc9fbec75b6fab51725ac6f6,148636
93efbca71fbc8b2c9d60b48d87251af660beb430,148636
af76e5a8baa818ff5d249a3aade1c4b9b5b1151b,148636
a02b7968e84785b66659d960a35c3a119fcb5700,148652
4b63fc699f28e862727205cf1ee217e5fb83569d,148652
4de3545b4e933f96c38d30928fed7cb72a118199,148652
5f44c58ad77936c4322a3ecf11db0960fb48e4e1,148652
9692b1060e1f2eb9b43d480ea649b0f75ca06ae9,148716
041184172b9ea76022f6f2fd9e14e6ec8fabb9bd,148716
dbbbbc72b0a7b1f2c4174cdc675e3ef340a25d4e,148716
ec798b9bed138dc8db2d07fcf7024ff46b76fb18,
e03c7573e91dac49fcf731b583aa10ce9b3cf0e9,
15c0ef512c4d6aa20f1cb222d1c7cf36d87c7c2b,
61073db969fbdef864d2cb806a3d84d705ad0db4,149952
b2241f2afe87053bc553c433d0b5a313296c3514,149952
9b1dd98b0be78719ff1a82569bf3ece79ca651bf,149952
6e6153cd62dac3382a281c5c653294f71db1d1cf,149952
3fd83459f761bd6bd5a5d4c765b0cdaa75a5c6e2,149688
ce105e810d0e3685edfbdd302eb47af2c0d45794,149688
6de2df11911336817abb03659dcd3b1ef420ccb6,149684
d0905d80290c5cf1d8ae021835067f1f8c3db69e,149684
24a1eff6a1cfc885f714f260f0dee3c94ec008b6,149684
6a078df963977b23ca3271d4ff61691f2c3b7d37,149684
ad45a6bbd8211777b4e60f015c1415ed885766b1,145556
aef5235183386a65523b1e488155310cbb27086e,145560
ad44e13d8e153081495698b153e5894805b658e2,145560
afb28003b2e72fb4d780f065aa0712ddcdeaa90c,145552
f46c281957d51d1ff3c108dbc812ffc3d90a7a65,145552
d440fcdc7fd9fc3844e80923c05815b456250139,145540
24fe6982d4c5d357b5d887c89e482a0a2fd88520,145552
e3ba93c43ce4859225a8b72e0d8e50d569753a18,145536
8b1dfba73274563b4447b0cc887f6d5f9b2ab2b1,145560
5c302d917a1fa69fc13aeb2ee44cd96b99c91f33,145536
1907365624c559d817629ac08b083d5392df6448,145560
6468c3ab62a7467d0de0aea5ea4e5eeeed52bb5c,145560
702717182705a728bbc4e208c393570bbe160c0b,145560
ce545e6552c774ba19d497ef0359557203235f9c,145560
b43b0c9267916129b3667de1832f20ba978bf853,145564
36ea8c8b3778ccb3ce1a83590b287cda10abd187,145624
fb5de8840b76e1b0b58b03b4413e6dd0fa71d749,145608
51ba27491c4c73696418b5007a4628f44a23c54c,
a59ebaa119e5b6dc138ede24df34c352eee48a13,145624
e1d557c381e6f40dbe344b1c6bb7ea6fa2dd2b98,145636
9c3ee12b5e47133c6e5044b25df5be12063853ad,145604
8d2a3e5e4bdd64d3dc953bf2ea465f0ed8a33d88,145272
2adb33cf0d75ea5e580c6ea7c9a80da9c448b366,145168
8144796372d7665c6ed69f06de96e373d84f2a23,145032
2e3ed40a9c333b52e2a698ecc4b7f78fb8e679b0,145032
0d45677c0b797f78b295e1af28ad17e710c23a82,145032
31575126129fc27be06ffd808bf3a0086f029464,145044
25215718b905e081384ed04a566c180109501a75,144676
d5bcf2a43a0931c568bfcfec162c51377106fe01,144512
8a923c20b4802c902691ebf3f459fb90e62709fb,143588
a75708eb5d350f37d8981a6df9f0f9a0ddaed52a,143596
595220a13bd79e33843f3606a90da116d58ac8ee,143468
9c2fb7efc6df6f5f7ce859ad1ad2443951f5217b,143456
72603328056776a219fe9223e058c9e97ff7d6d5,143440
cbf112608f7215603fa318c542641e618cb29c5e,143440
63b427d4ad34149d7c6052c99547279173a775f1,143248
b1472175f16858409d80444eb7bb2ce53aeb3567,142992
db0ed5d2994154eb074d35f66c5dbb58ae28ede9,142644
fee639df9b75426944adf8cfa27f41eb075a6073,142440
52ddcf8621578abf84db2c24d3ca2fb76c006f35,142464
0c8b2283dd7dbbee4aa618fcfb680fd286add8aa,142464
330c39319b8324710f71e50864fd46ef432506a9,142464
8a9be36696de8cf17b6c2bdd79f5c30de6252304,142464
6c4b4d76a13344a8c8a7f5551c698004c628ad64,142464
312aa7912e88f07076de5cfa0b1fdfe4bf3fc03a,142440
b7afd0100b002cf7938155f36c43ad1619388a6e,142400
6d26d7f2cd2928dd9194870e4fa77a24a44a669e,142408
2f42cc7428dff29f265992bbabfa31d15524cee4,142408
6e36f1dc0a5846415485deaff4c7b11b0086307a,158460
9d63f7cb430411c821597a4aa437ecee83a6df25,155608
d5b819b7b91aecf692c334c4052dd383dd31c504,155496
5a0c3ae7abcaab22cea32eb50f91d453e2c57a83,155496
85a56c842c5efd1dbf78f309a0bc81be921d3ee5,155472
3f3fab0404d6403e7deb5e6db4d859846d1d682a,155496
7b2cb3bd772d130b5b425600fbf22af6712140f9,156400
1590ff244e095918a5167437cca1aa656fb07c3c,156400
75dd240680fed2d63987d351205622227fd523f6,156400
16bdb65f1718f8b525f981c2ab929dc155fe332d,156400
a78a4c9b0cb1545b79491305a2e75cd9b6b1a6fd,156400
fda2d1411ed0f5a038481370c6701046c293ecb0,156400
a1da67558b8efa34f1b6374188e51a4fc74a967e,158460
334ca33b8fd171aa9c2da8dfda2ff9e31e6d2753,158460
6e70b9458aec785c18ae5754c54c78922eac8c14,158460
145e25e6614d6ae3a3f146461f71d5f343d03d09,158460
017c2fec8c0dbdd1027d540d96850427ee733ac7,158460
6bc1ba11651f7d9de0dac526ea2c8bfbaaa41a09,158460
dada7861aa63cc082f2137e741c7b2bf5430b8cb,158460
4a76b242480dcdd90105aa92fd63b3d395cfda87,158460
387aa129563a466a5f200e61ea61686cffdeb733,158460
589b7f4fd2089c183b59cf53c7b5f271dddd7282,158460
b68280ca8622e083c98ffb91e653d4e101c34b8e,158460
91a688b02a5e6659cd866e9fd1da782ad38004a5,158460
c6ddac962ec8cc938e10282b0cbd90a358be0a95,158460
47bf3fa9b46b8a6f4208a18902ab252cf5ebbdec,158524
b01ba274dc6750be382c1635f33520ea96fb0e72,158500
18313a1c93b9c1cd10e676fef66f73edaa0abaef,158500
5b12403bec51a67dc5e2c269999c49b714823a49,158500
aeeb6b8f49ca9bc5b4794f88ef422427d47ea6ba,158500
b0fffa47cee3b62e99fe21654af3e5f0e36f307c,158500
b1b6fdc0864940b0a9eaa82dd10b0cbc63695893,158500
48192ab69e9c912e0b20bc83f0d8103b8cf76353,158500
33d833786fc4971846ed5b45c59b29f00d5c3d62,158500
c146f78648106b8b4e165dc998ae9214ad01ecbb,158500
492de75875b9283248c2b94976b90fd6e87033ce,158376
3abec8604d7310332689df577f39086b8e814f5f,158328
029b67c420d8ad23c441fa464de34890d970b737,158328
58a5df523198ad562535c05031f70be51a422aef,158328
1843a22a8379752048f6dbb513871fc8d8707f74,158312
61f9546c8fd09b7b8ff5b0268ccfa2827694b641,158312
406f7307a9e32cbc98d2f83ba218dd49a55220fd,158312
503b98f9ead007d8dd97fa40451f3fecc1e454eb,158308
022bec71c18217850745f08f9e8f051e2bcd67bb,158292
33191c7365f71b8ad987b6e3de0cc3a4933fd2d5,158292
cac081f95cbd5453484017b0261375469cb6637f,158108
df7e7d6936d31d34bccecc5e8ef0806b4525fa3a,158144
c154b8bda91d0cb7a3d2df265f8e5e355d7e7245,158144
f6fcf2e16fefcdbd59e2626fd5147b7ba99e6a8d,158144
3bb895049d608cb0e2672ec4b08207c4962c802c,158144
6548a8e09f618ba014f4310d9220f82112527031,158144
1c2acbaccc7fc13ec20229ff6d0b971c5e73c43b,158144
65a9f82f9b3b7dd1b14280a93211948bfe2ea2d4,158144
c7eef54caeaecc2001c2ab6435ec665d00e9431e,158144
bf7983ed0cf10fa17733e2be1ce9e19327e1aa30,158144
f78b59bc56f140283812d755dc5456139e1c55cc,158144
4b9aecec34ddf3c362df339f2f5c343f2165c7b1,158144
c78b0248ad746333d16656db3965f8a6f7ba454d,158144
594b5b846b3df6a2e5b610bc5a5cf8f8e666effc,158144
fe29140a2997df69860d7a1499cf5af6aa21a455,158144
2f7e713fa8ac59dfbb76c3bfdbb25b873e94bc54,158144
8db28617bfe94046f8d4a98d013b73b80d6a872f,158144
927e9d0a515ee5e5eded9af0ebe6c69cdd493548,158144
ff42419581df6c14acfeb89377d09b24b21808e6,158144
4ece80ca8d2c17770e7dfe84b857f41ba8b9cded,158144
ec32cc1cf6089be1a6123b8a15e1c0ba4685e57c,158144
7f148e735ddf15ed87267e70a7862e4c1aac3333,158144
cd7ec74d143f8abea6f3fba54ed0d8a0429fa539,158144
d5ff8c26f0db04464e3a8e10332d1dfada04e298,158144
5051ca5ef50a1f27824bdd3fdd17d63030c99507,157952
c712be318d466ff26b0ce158afe96a528631381d,157952
806ddfb97fc25164a3ad4298b90a5e659522652d,157952
a4505d9f37b064e1e0e272a428421661631ccf92,157952
221132b8ed7ffb61670480bcc9ce159c4f00bdbe,157952
bb6b98dc9da45350ef488c75094e8cb87b64c018,157932
e680c749dc197cf398362bd810b7c7186f475989,158356
af142c8437383653a13f596db0e3b7fe02947526,158288
b816de42aa67ea907f089735b6ecd654d024154d,158244
2c8f0ee9ed4b534f5cd2b1ecd6dee07f6a1aa6dd,158208
7f4ee46951976c8ee793ea57fe4abdc149cb676d,157972
6ac493ca8b81ccadc6d7d3da24549157853cc10d,157972
34709f4ee64a2ff186c73ba3524411998f1497eb,157968
4fb66f45ebf360b7d958167875a541e659e065f6,157968
adf13fa20fcffe2facfd997e79bf947dae1ee17d,157968
111a20ae6b77996d6f848ee2f38abec5a28e1b1e,157924
6fa1fc414a9c4dd4724c9185216272056454c7f9,157924
78ec6521f93b5efed031591467ccee42441b1f9d,157924
8c0b9590954a022a8ddbf79350347fa71754edfd,157924
5fe46ac16f4eee18ff37bcffc5f8bffeea26f9f5,157924
f6674f375a1f57be2042b05e2f41891ca167c002,157924
195e393afb143c155bcebcd0c28f72f58c0707de,157900
39ed24e7065eb643446de701244579575b612177,157928
7539f356ea63dea184a6986fcebc5dc6eccb7cf2,157928
712f8394f58ffeb6d6691622be37d9388e6073b6,157928
7453cf8f6a7df2d48da4632ac29f7a328795d82a,157920
58101c3d042371fecbf0209764e402f3e3e42d22,157920
05a3e50f53c4a0549bffdc82e21855cc431587a0,157956
8b35da388a00c89da59641be7ca55f2724b07e70,157956
0aa99697eac76dd6db053c33cc0b98f194312988,157956
9164d0bd160e2292e36be53d1694805b4ce21c6e,157956
23c47ff993163b343af2bff0efc1006b1e1141a7,157956
bb17c7262a79694788d7c4aa36ef6ac164f4e345,157960
845d1c1e18945b19dc940209bac2ec541052f40d,157956
971e192438faf42460dd9e65b50a23dddd320fbd,157956
74e00242738017588c586d6a1b19f0f42ef1eb6d,157956
7a518548619e71e1fb049194c7503373d5b8b5cc,157956
b5b6df3404443571a0a1ba45e40d844b03e5f0e9,157956
0c718684aff28b4ff980bfd58194eb5916ddce57,157952
a3392dd52322d908bd35e051c39ee9a070122d0f,157952
36ccdc19df9848dee3420ae5c291a4bbafc2491b,158044
8f7b3e2153bba6acfb297a1cf513c4672285929d,158044
ff703813bc58f47e9c98abfeace13c7b0ed1c61c,158044
9896ed215e78ca8abf3b193c2826f76d538dc44a,158044
2251b516728fba6f01085dcea718cc795231e94f,158044
a262744b41318855e190710f85eddf22b248480a,158148
adae90b0b20c6f1db60bd4840a01f2c93e643e38,157912
caa818b7d2b19c8d06c6ff5ab3532efa17a50e8b,157908
948ca860ba4808e8aec3021aaa9ecbc82592b5f4,157920
ea88de58a64169f1d1c01ad6dc7e7c291337a629,
efea3524dbc2997c9e08c993c202454d2384c1ed,157916
2b95040b8cd3dfa2d952a451c64da8c5f57cadad,157916
4e9b2a483c2b1ba98da0dfb240c75f752cb69d83,157916
cc53f6d5352db3bb41aa6cb37abab6e833d41593,157920
6bf14c298ca6a3c9f78d454a4b9e2cafa3a3c8b0,157920
ac39294e263a13253ec8ce04414fcc9ab25fc3d4,157920
a1d5b1c745c505d071cd7f81ddd4b207b728551c,157920
b10ecc68bb7966d1aac5fdcccd671ca80362c441,157920
43df1df4228068926ff46c56b3720178dc7134fa,157920
a2fba4e390830bc936f65831512d70f90c040485,157920
5a5ac99a6d954a3f5cc675d51a2609ff98aab945,157920
6e34dd042b66fc4425bb77db3f5eb0dcdc1cadd5,157876
47bdf9fe9508032396d3df4b80f2401872bac080,157828
b257f1cac7f84907cd437e55ac7e868ec9b2c490,157680
69c3522e69e499f864f74a8c9c5aa4cb3b8abf6e,157680
b50c3bb67156e0a0bdc2f1f2909529699804d6c2,157680
fbbd95a55e75d2dd52af2aa6bd2f904fd3adc447,157680
d7f77db34f7d7a45ff1eee4e85239c74830cf9e9,157592
d29f323a21396da174d6fe45c85c46cb4764b745,157592
dbc61f0e0b7b9e2162f8d27fbee3c5ca7dbd253b,157568
214518697266c06819e0af9353eec9fd3aeb15ce,157568
18bb2930ecf5508973e58b31166c621a0711ac4e,157620
e8ec5ab52f3e960152d6708a3967845db8166156,157620
d05e11c07f3b812379852fdf62f9cb506d5f4725,157596
b66d54f286fcf9b839233ef986b3186dc4a7639f,157596
db518266d6bdfa2bebb04a1951d974873b4ce23a,157596
9d95d9a0c0a50662f8f599d48ece348aecc38ff1,157400
4a68d9a7e2974014e24c77b374ac3c4a266f7f8e,157400
5abc5571884451b793fe6630d75662da4ff14fb0,157392
981b05950c1e1d8789ddba1821d912558b9fa0e5,157280
d16e7c9d61d48c29bec96a4c2ef3b31cc365a513,157172
8f6af09be071de8ba00cbfc6529c2d04a90d3d35,157156
dee40bae80adb65de0c9e2abffa058b01132c46c,157136
a260e2227a057649f6e02fe18bad128fb9c20a83,157108
ff61ee2e1fbb6ad508d9dd8badd00a424c768f7a,157072
60df93dea770974450ed77e44f41fc815cba66b4,156976
d1d205114fe389ae17667cb82461b55364aa531b,156912
b9ae63cc0f0a5c166c1670937efa04ac01403943,156728
a7159cc9c816bc5227cb9a3df9a33314d13df2ca,156524
934edd16042e65195971529377879eb529f9ee58,156492
216e209d3dc379d244c8dbab7bc701d074533eda,156428
75737b43e5e0a8c33d8f3c91837f8d56619f01a7,156340
fc658b0e113cfd8472f2deb3650926147aad277d,156352
e32af2d167b3f562f7053363d2e8ef7c60081966,157056
75f7fc9c2a231a1973e244c51048ff8eca9013cb,157016
b6949b2c5d8e5ff7e31659f4da4ba7386aadc50f,156904
6bdaa19656b677f4ab4a3e3b031a07b722d9d44e,155804
27acc5cc81709dafde3d18fb2cea5452532fda01,155608
7824c06b903db80c0efd5a1e0bf548ae0b483297,155608
6e821ce4955c11ae4008aab12dbfe06d14713902,155608
32670def8c22577564d08c3e55353c075ca6347e,155608
de5d9bdec329b64eef2e5d89319a67a6dd41d607,157640
e2d15317bb4db4a3925108c89d2e3bbe37848c36,157640
40315882305c51121598cd0ee9b7dd6d47b69d2e,157704
baec561adb9913cee190cfa131ba7b4485692eac,158460
f95b705d0f0bd2df92c7613f94d397531f71b263,158460
d33c0506fcc4c51131b6641fbc65841ac0deccf7,158460
58bbd7a2a6e84aa80e698c791a1585b7088ba8c2,158460
cba718b4f929cad78dcb741a037603ea396da5fc,158460
cc2ea9c76e6c2f9f67be9f514a7ff4379aefa73e,158460
fe5f868eb2b66dec0fcd30bd8bc48f17250065d6,158460
03dffc94dd473a325ed00252b66eee20dcbe77d1,158460
435cec23e7c70438296bbe3a0780a4cec16f85e3,158460
51cde6a1793976e92817cb592026395ad35e19b5,158460
f5616e285cb27b9c990ccd17d83db4c47f69d6b6,158460
cf55833cac8869786f9c38399d6726a8f1954f00,158460
f445738a858e8e10658b7d2e3d7ce5b318f3c278,158460
92cc66926985bb67b558841300b331455093dd6e,158460
01ea500c060a51996c4278144df9f33057a29a69,158460
a6b3fe7f3a776ade19615f27c6de0615e0587083,158460
775f6b2a15a41929f4386f30ce2a024dec2842ab,158460
dd9a3289574ef0999359a4d4d0ea339cf9bdaf0f,158460
18a33dc0c20f2bb4b8c6ab8d0d597e5698298f02,158460
e11239d1607978a0e1853adbc81fecf46ae2d057,158460
5262ab899bc37f89d6785697049b96f859595cdd,158460
ad7fe194811a474ab2eb8c087cfef40e037ad0fe,158460
ce196c8b52e3de1e8e883effa67f8ab557fe36b4,158460
723ded5bf5430dbfa566cf66463d9b5beadd06fa,158460
6c09c0d9429be7e4fc21cf4d8fb8a28880e6c0b2,158460
2f6afa32b6ab175724214efd9ba13e284b07e191,158460
c3521bb327a019d335ad6687b884dc8ee9059cff,157832
ad27a5872751d8ca453551439276b6023b79047c,157832
9fdcc9a6a74800026007f74e06ae2420e90e9ed8,157832
46da41830ed7fa66b150812626f3c6aef581c47d,157828
019bd01cc46f4429be5fdd0722ef0994849cb981,157828
c8dbf08c0ba69f674456320585f53f04e34cd026,157972
5a55f8020c31ee6f42971a4b1d620efe9e23aaea,157972
9144f51ae8cfc0e01e57add26ca5ec44bdf4d450,157960
6fd42e8073a2da7f6e713f215744851cffb903b2,157936
423f8b83217c74b3ce63516bea377e96f97cd72c,157964
22da7fda81fa4650571631ddc3260acab376a0eb,157640
3b77f700f0b1dc91f3ac5f14b9f1fbfe07f8b074,157640
b50ff0120f468bd3d2bac93bcf3d695ee18d7857,157640
439b7c0adea08ed42faadfde8e9b113534afdb01,157640
1471ef6503164938879bb4be3e699640dddc6df9,157640
5b5135dfc286e8a3b637e8d950a986b7536052ed,157640
bdc8417c5cc190090b12db892d3bf20520e7b658,158392
579db512f44470962f2737969b53516339746f1f,158392
3dc35fcf4a0f3adc657a31fdcab683bcd89ac68e,158392
c43465c33b2da376b18c5cb9b82a507827b59159,158392
f367be64eb09080ff797ef0d5ad90bee66c73dd3,158384
79349f811c0f267e889a935ce8e1b429976ea228,158384
7617a6a828740adfef1e92ae790513a4666d3866,158384
dbdc5c109d7e4cd15c5471af168cb04cb62f1b4c,158384
cddec37366e3a8815b01700a995d3fdc920f39a0,158384
41c041aa31aa0e7c0102148f355afbb7e3eddc89,158384
b400f9a4e41728426797033265b6760078f0cfa1,158384
831a6870a56ecc676a8f2baec75f10ea1ff298e2,158380
4ecde1e4589ef5d154868b948c1c6ee6797ba52e,158380
03c8469e9a19e94d5d82357ba2e31cc0e5638f88,158380
969b353a6bb5174a5ca110421e3cc8ac08cbeb4c,158380
9b842bf7fe9e0fca6831fd7f69b3fc7269dc9720,158376
096cc887ed6a2ad2475d89240a5f00cbe128f65c,158328
89919b6b387510fe0ebe23272befe71ad090f6a4,158212
69ce98dc560022ae82d9fb940fd8b78cd06e8665,159468
d2951b77ca04423fa7f67306a67447bc5b91d3da,159500
d42439e349e52d7c274039fa2052c1287b6b8825,159496
a1ff2fd8261985c817cc6bece530a54ab6d68244,159496
2dda3d540df0c6be7fc84176e9a32b27a8e554e2,159484
6381ad0cb24804fb0a2a27f7011f5a5fc7c88058,159484
de106c3e8dbb3287e41682f5d20f57e7331abe6a,159484
dacde209f314c006b99932a772c007cc26d26bb4,159500
b1100114ed1fdceefafc8be2735662e27df62ffc,159500
aff522e68e37b92c8f4caa784e3b02d89f3b0f9a,159500
74d746b63369132ffbb2bc64624d003f941f272c,159500
de2126470ddb5b38f7691d734b49d0b846491011,159504
49f27155403cece7950478aeb2f6c5f96d751252,159524
9e4cbe91ee8d417a12e892783efc2c10ffdf8e38,159452
2de94ebd035308effcf848b115c6312e820c9159,159444
4f65b144050adde49b5a5692f905e5651261be7b,159444
45f44c9638e7dfbb86e054a724e7635cd2d34974,159444
1d1fc1f0f8d0c268949b7c12765c7a795dce6cbf,159444
797a8e6e9666e92832457ee3228064b322bba2f4,159444
4041ad2a7c1499fd941ca615f1bb2863cb7b4acd,159444
b89e2d0f9f1e7cffd80411b481b6bbdacf57e58c,159540
216d0c89d6a6b9465fae1ad2cde14849b7150281,159548
afb3ada79ce723a5fd1861404698bde6b88ef6ef,159548
391e1eda8f01a250c2c72c11c1661f95cb3e5cc3,159548
12864eeafaf7eec8ed3b7329d1dbe9153264b012,159548
5635a4a0dac35dd4e003666d7b196f9a6ea41b52,159568
521478f8c8fb77d7c753036b81cc923ad5381428,159660
429ccf1b13ed30c797010f84f7cbb345702e5ddb,159664
3ef77a0f15780262953ad94d080d74bac57ddcb7,159664
b7199f92229ac4193b5146fa9f9a0317b5ddfe83,159664
49c41cb45fb6d849ded65590d9e901738566b5e1,159664
946dc07f449fe6209a359e7a475d848a1e066f8c,159596
5c7a76cf2f4022737e3967ff5d2d5556cfe09ff7,159624
c61cf6f5c70117747bfc10e5367807ab9ba984da,159624
d905ae6622167ce735920b45a61f8e559fb66d42,159588
89560b3c4a96931a75017256ba5eaf6c91657e19,159412
b7b70e0004cad31f81c1e88fbb0616a35b5ad2e6,159216
e85142cee4cd25a53b41e98eefece77ba9dd11f2,159100
97f08ad40dc62aaff3c85e26ac527b5fd8f8b71e,158988
27600b8984618d68d9f64fb6a027d1eda86ecee9,158904
a8a5de188d5568522698bd7870872fc10056e8f9,158904
a7b9ed9de2d6230d2be3c9e119de47ba7fb8b4cc,158904
cde581e7200b2734baac79e768deb338d3324df8,158812
37e3c93de0e668a2f803314e317b84962e09244c,158812
890c444451e58589f88ad5563462df3fc97b2227,158812
054e16b282ca3ae4cec9476c50c5868000684977,158820
af0cd8a038dc8ff5e01a7eac09dd363a1a4d62d1,158428
991c5d8f15da977e5a2fb9f9ad191313ba1c3d2d,157896
0066b72185a1eb61c72db244d370edd06e400113,157896
abd6fc335c88df77694fafd5afddaa743d8b3a20,157888
739219a335e7a5ec015f2b41b875afbe0b9ddd87,157888
7fb016bc98ea0eac0997b473db1f38d418825872,157888
ec992578d6982d963e93ff7322a5b582c9769b8d,157888
bba8e44bb7205938ebd01ec7f4004440ab3c6d7d,157888
947320e38e6f439d2c3ee0b770b30b4fd7a44456,157888
acbf01e926b5d340aaa864075a7b110ee05c3059,157888
95e3a6f7daeebbf1df4f446589795dd55f4718a6,157888
6cab31a791e1729ddf0a3c189e9dd6405863a0c1,157816
436f677fb0ad80f789e4368648098717aa3a0f3f,157832
65fc21060607361efa4705a66439ac59c50b10dd,158384
f5ee3f084ad9be42b92b3718219a6fd829dc65ab,158360
0e43b995336ac8cf1ac8320e18814ea33dd80192,
030dd66fc0066290a1ab842fd387d11e8a8a2aac,157740
7650872b8cf2eeff48e5d9f7de26963704fe951c,157720
5e7a3bf88b5e5b436d4d37d3e0654205866e8f1b,157612
9b84f4f79e23e293ef9953322fa659c6fce8e652,157612
91799793ccb2050f51b6820ec812cc32dd1e8344,157968
dc22e367dc639b7850dae33067096fde30152a43,157868
d0fde869ffe8dcca01eb1e0b3fb8d2be7697e9a2,157868
50f91c4df42a444cb7ac8a72d4d543276d3e1a46,157868
9a92174544229818370fbb2ee93fde93685e49d5,157868
a6461f4a61ffc2fcea92e6457d3faa846cdd6876,157868
71688a0ba4162e51e1e4e32b7dfb339054ca129f,157868
45c3816f96490c16f5a0e017b96e0f84234b222b,157864
f9ff03a25a2dc0fbb2add05d172ff320492d16f7,157864
71fab3c1e3177e851541fb38b9af6b4f1c4a4590,157864
d443267a24fcbb8fdb4da9983508b94ecd9c0acd,157864
3f8879112d3a1c31e410a1c77202e6a8ff25d7ef,157864
a4ef2912d90f9720867dcf9f5dccfb3c2beff40d,157864
bef32796ad7cead7670472aea85911fe0b324c7c,157800
1366e59bdd8b5a55c9a138f3320a0b3bd961cab7,157668
419526ba1eae2fb17ecbd4ca76ee1256a76ab1b7,157668
5a3443ff81dd975c31e5249fb51a2d9f895ee9e7,157668
d00351e140630df64e0c120913d3a57d422d7fed,157660
4ba2584cd7693336f67c7c4b2cfa1cab5f79357f,157652
d32711076699f75bed117b396f60a9a869f74cd1,157644
47ba4741d0d9101bb609c215f9e5352ee468dd50,157644
2885d02e99f3d11156325e8f1634d540a9c8827a,157644
34675354369d48bac9b285acc6df72f297473acc,157644
368b00de7d9d8f6f39d8a2839b979b286da3a240,157644
c19dfe4968b29f5721071a096548c48cdaa7db18,157644
c67267dd1a83e19a5d6b8366314afb18d72c7b81,157644
5b5a07d31ac3ca015fdd25c30fccbd475353ec58,157644
ba92bbcff879367e2b4535ebad525c776e0c9a09,157620
64e9c2c86892333ee4c53bf35fd4f4b56c68492b,157644
b6548a3d43bd94dfb88dc96991d2a7a39788ae2b,157512
28811e73cb20927064c18ef0b553435b48d3f1ff,157500
16f1ee967a60f1f9509bae040eac01c86b7169d4,157500
6074756a94d3d4644421c71112c0ee1fcf09da49,157500
262a54d53c6d4a8945b579c20eae583251af04eb,157500
607075a910b3521ac8ceb18e31c0816407987667,157492
c465a34dc1bc60adf3c676fb1b998db47bd9a156,157492
c16a7614341fbff0b46c5a4c677650084cbfab51,157492
d4c7236523a5aa3cd45c55b600e19a5fea8abdec,157492
33a65a08962edbc7db1fad99c63d7da87793f966,157492
0b2974ec1381d259448b5b55a5bab149c96f10a7,157492
c9fe5d421fc8a8f1900077b027335ce8ddbfbb4f,157492
6a43a820a9c69caccc24eaa5d08381a6514f0110,157492
24beac0039f08c97690ecbf781a470d7d4e10701,157200
0b26878b9ea32cbc9a4e259ffa97c854a91e1724,157200
2c097bc3c4b7348770aefd016684c24970e75738,157200
bb4c2f1660304f7132ff4ac56680de18d8c7727b,157200
c4d0bbd377155b6faae138de31d681edd72ab2d2,157200
56f94d01ed4950d4198854239f48db523ecf92b1,157200
40d6c9a891dea7a37e70ce2a840fc8464778ec57,157200
045d442ed345564b7e6aa890f9ab84dec92e9eeb,157200
0b2917a8babf572fcce0d9c0a8381efc18909600,157200
ade7ea87d19607c9a73331007375681c944dfb5a,157200
43bc8857fcc5978fedc81e10783edfe274048b2e,157200
5e2439594e93cab0b015d4be47bcc5ea8a56a305,157240
ffb91ae334b676ff27d79f65feb9d2c0d3aedd67,157240
3999a65db8afe8bc5a980b94d8f1c35460bd6c8c,157208
619e7b7bd371cfba439f8496a2e93bcd28bfcbe8,157184
0eafef6cb2decf4eb50e954504ba73caa3fbf4cf,157184
83125c4277546391e37c9b0c74435bfa2dc2b8da,157184
bc10353c4569d7622666b09905a76fea8fc93a2b,157184
6fb111a320cad732a3234087a3f9201d2081f9a4,157164
05755f267917ce8a043afead726d7dd996a77b79,157120
a3cd8882299a548bfd8f3244bc5c1449767b7f65,157116
963b458125024502adb5e791586c3e9155ca5130,157136
d5f69457aa4a0333dce803923efe8eee0443829e,157136
9d4673ed1de2cfcc5768902dca02ea3f54502896,157136
4fc6fd906d14b31c3af2974bb1cc0a9d33736989,157136
a03fdaa02146ffe810474fbb05d7ecedb2eb85ac,157136
61f881c5be5249f6adc5757fdffe42029bc63145,157136
e47f95b8ea11b0798f8d58e5697274bae741d9ea,157136
2c5f7aaaa6209cce82cb59db0795f4d379470ea0,157136
716dcc61a3afb24d0f2ef05c51affb2c568d11e8,157136
635d38ad460823d0c7abdc0500c522b0ee1dfdb6,157136
eece078ef172660417de95db0bb21c4d020c0670,157068
095bf23a68aa5643471a7d46d6a80567f0c889c2,157068
6be1104166d7e52513746971db3ac66c532e6905,157068
5ecd87eb1f2bf3825057adde18b1b83f975ea9b3,157068
d4e298317d7b862f91482cdb3e03e2d19a904504,157068
b1732d1968d63088b58c6ed416d27e2aa56d2634,157068
468ded3ea68a9ff6fae1d36a2d1ff7c4a5aba4e7,157068
38978713a243a54894ac79e210ca4a72e0551c7e,157068
0072427319e05a001715e13bab9c77cbea3a714e,157068
3ea3ba209ebdff1f8ae5f8153c6338d75fedccd1,157068
4deecbbde9991c2072a3f03d2742fc9f76ef7109,157068
6d748a30bc4dc2a182c871109b3a3a02d29f9ad4,157068
02e775595302b37decbe5893d51d59946d8e04d9,157068
a33a428b893e992f8325b53f328d361585ef7cad,157068
2da0762fca0ec2ef68c4cfc089a840a2d05f8a73,157068
1ecfe6423341e3b12aca111bc178ad02e193eb76,157068
2541b8e4491889492ffeb68b8a869fbf77e5569e,157068
6946ff9ae9f8832f3d3407ccec4175366143c58c,157068
deef5c978cce47086cc629dbbe9aba39b9b2ca5e,157068
df3dd41708656f22b7fafa081f2ca5ded69aa0fa,157068
31e129c7d9877196a3cd27e76d533a93210a14b2,157068
173d6de1a18a9ac37be185d250acd6728ed6464d,157068
91db332607d3d7f3b5a58577ca99b6da1b3ed9f6,157068
729791f0e1362f5740b04c591dc7d1e08b13ffe1,157068
93a9c269037f12c149234c6cb033c699be12ea42,157068
72d66d9c9c6c3ce5ee1128556cd2ef84e93f20a8,157068
9096f72f295e17786153723871b1f1f696f369ee,157068
158afba5c5969a0b637a52aed21f7c9a289dfa04,157068
d70297f2a47846caf38af45066be04d4b575a575,157068
6c8a3f8a94e962b227e7289447ab6bf972fe6e8c,157068
a7a2d2c1770dde9795cda38f2ccbac95d546e18d,157068
e928da034e4ce5f067607230237282ec0775cf9e,157068
e1f176d761ee2a5f15ef0416b6a41f0dbbdac6d1,157068
183d614af4fbdcb8239f41c48d520aba4a00de12,157068
31cda21e8916abc87b811f235d6d8f62c29d1970,157068
814ffc9925c5ef165bd90d5c86aa4ad385530381,157068
5d7cb33b5c6cf25e69a60c55c95bcd185d6f3547,157068
99b79936dc53716db6c66b00e3dfabfe7fc959d4,157068
66aba03a8d956c77a2afb477c326c157d7e266cb,157068
90df82c646e74e728335dcd4a7ef505aa68d3cf3,157068
e5f4151342277285d486df8a5b63587db0bc3c36,157068
b65657b3457128b4891f3cb3b36b75e976dcf5c4,157044
0a25eb5008c6062bded41ca53e921d9ceec08088,157068
74bcde39c8cb27df22480f71f25cf4afe575511b,157068
5f4de9731bc1b7462d5d6227a367c5c230ff648c,157056
6f97d802cfc38d5b650f05278a335006db0836ab,157056
98cf6955dfe267e1ea4a8444519816c1ca2638c7,157056
d5df124ccff5ad49cfaa7c177e08376356a7f367,157056
6eeb48fb27af210dea28fc300567b46c3e4ef345,157056
d09ca3af9dce626420329af52b44b3be311144cb,157056
f759d15a9659c68bcc9edaafdbebd3f57039dbfe,157056
6b48ad4aefaaed02caa90748e891db6965b594d8,157056
9765a7c317d98b889a1809f4661af8ec8eee7264,157056
462b20c52810505ed96005d76a9e3a29c4fa116c,157064
0defbb9e3ebd89996e1c336d1564797e02eda6f1,157052
78fb5ed4ad2f3e4ddb1313667320ddb7fab2c34d,157040
e260b30a0d4d11ea5c181e8b46965f365f149352,157052
9da53c2035dc230c540f82a4367e250e11c19643,157052
0b9b18a084ae72f419ce06b4168bc0dbb12d8a94,157044
f702241031d663b1a3a382401f533a67811e218c,157036
baeedfee9aa7de8fb7b90eb92bf2a0da3b3c4e3c,156976
ac872a8033404c79d85512defcc53694d2e6b30d,156960
8ac6d3a271769167dc3fab3a58af91759ad2be01,156880
443434fb6cc486f18c0ce9cc3a5f745dc16a50c3,156844
22f84e680cca422c6f6a7a6a3aad1c7d4f6c7a14,156800
d85dd0a3870e3b31c4b5e4a235321dd09e5fe732,156784
b257e4a9a00b0fed170cdff70f0325054943868a,156784
a9df12b51a55660ffdce80b0d88419377688376b,156784
497af5d67345cd23c944614d190b7976e572d82d,156784
1b5838a181684be3fe89835cbca295098d8c8a71,156784
f99391eb7f3fb7962c3aa6b05e434ccf777d800e,156784
980139d961ca827ca911d2fdaae408400f6c67a1,156784
59c9670d705e0e5634fbdebeb90a8d8df05b5787,156784
51eae987f48d527b2eb2368d58852b4690b74ec9,156784
39bdbfebc486b6f5679e44f9e588792a12173682,156784
6caf504592c051d7b5e55c10a2f64fe3dcfdc27b,156784
6cc0b77f2c919fa6e49ab96d6c260bad3f60fe63,156784
2fc5959eae83ec88aecaac027519151fe71e6110,156784
e1204a38778ca8dab91af592b059495c45564ad3,156784
fc257d6887f611f07b194e599e10111a3f3f0282,156784
f45333e76d3c946ea1a5932745fe76573263b9d6,156784
c5c74cec1db38e60417c4cc7579055a356e05385,156792
ae882b548f221abb3762787a992afeb1fdc1a35c,156784
44a01fc570d1632b1e5f700e99a2c1efb24613f0,156784
52d202898d34a6ed12cfa60ee2db7cc8d7be27ec,156784
8f24485a39b81e00d03e74be258857351eb62139,158384
47013c5d4494d3fdfffa114a49abeeeddc5619dc,158384
d167efaf564200f2d547c8850dd6b061f2a04bd2,158384
32eaed9ff1368abb7eb1e9960a7b1ad45abc4cf4,158384
44e924a73176df290ffe25e6d0024fd2a0306d3c,158384
77a386a8a5b79cd09a878d1269ae32b37962bdbe,157728
a042f5af8edd61fb9304cac528e5cf20a6c15313,157728
b3773d024973193b536d9ca1265a0ab941e72c9a,157728
78a0ec2de7799c02e49781bd48504cf507e63d92,157728
c696d845f5609fb0c9b13fc13c610dcb5fe2b055,157728
7df9e32935e21c96e07feebddd627aed568f88b0,157728
7ee282186224c9b180e3b124908b0b4cd3752367,157728
146be836dc4e27029c44f799098e3b2a98eec71e,157820
71f788fe3951161f617207ff58fb9c3fe1af0f81,157848
ef9863cfed1ab7562c456c871fd79a9628c3abb6,157840
cb67a77888ff6e5292d1536f1997de51e4275de4,157840
1ad0e2783a12ffc8f712e59328ca5328af48add1,157844
7bafb58295e65b8363fbaffae58070b6e721d13f,157876
035728545dc32f62482792c3890252c8758c2ff2,157636
f8866427b266ad6c3cbda2e924fb82208d172a27,157876
d8177a2b961ccc250ff274581fc970b1befcd9db,157636
510fb80a67d738a35425e8c70c7f782c1d4e44f8,157668
3a25aa6d36d5713ac194c1fc2ed95a027777387e,157668
ca2e46af59907750d8486a4a2361714d0d3c3627,157668
9395e54fdcf9201d3c3235c0d3b15e46a4cf3c9c,157844
8cfe4b941b30f6eff4d14386ade8bdff2902de78,157788
916eb81ec10a588f7368a3fd29f8d92d1f6936b7,157852
007f971ebd8f42b69038d099e83cdd13f3db38dd,157852
07bba92bf5d2ea2a3796c02b0b8ae6f5ce685105,157904
29b37e8f189d1d3ca40a2df9b237b10bb6e6c160,157940
ff95b6a7b9f6f5c1bea9561557eecd116227dbd5,157952
7e244d5cbd926d13b4c69f3b741804e7dcb54178,157820
a5acb7eb8dfc5c79612cd17599703fe78c55e4af,157820
d1e8b599fc91cd86c2c0d2208241298df7723327,157820
a8e678a6442365849efd3ea7e1d3903ae92a94fd,157820
d06813480642fc9ef8f4d77edb90da1c2dd14fba,157820
a1efd133f062c22b9f5474c5154f5b01cff963a6,157820
f21ae48e7fcb4dc8a0e0deecb60f0680691dd0bf,157820
201417091a8d9a938d99387a2a95e5e70c373f09,157820
9c27409db515a9ee16c092df911a102a42367ccf,157820
83619b8209dcb4178ba94eae0f7d06fe211b6b36,157820
4148faa34147a6ebf3ed785cb68295d30c84b36f,157820
8b2849920945b15cf4ad406170e558195332ebbc,157820
78069d257d45ca466c86a4622c8cd57c1b6e6de0,157820
97ed222043577543269f64ed8f2312f12a341b48,157820
e178c85aae12fa3d939b8806f0f497c9c612f647,157820
4ec17c8f2bae07a1e310ab843915a44a07f06092,157820
60f33ea785d30dc3a2e116722b40a4d969d5efc7,157820
72173e13b32164e7a0b989e1077ce80fcadb0b39,157820
dc686935a8ff92551c656dda17e57a2475883bc7,157820
d639c165029356d1041b3ce33fd1e2e80e9d25ba,157820
3688a4f6cf12f8497ba008bf6718afa10b7204c0,157820
1633daac2727e62e0a4f10d5075849a051449eae,157788
91ba6cc6f40f66ace0e43debf9efd915f1b67ee2,157812
44ecd1157b5260245ed91f7b24e0b5de930900d6,157812
f6cfb72964f60dadf2d735aac7f5f545c9f49edd,157812
144aaff1bc93f51ac431b04dedba74f983cbf2e0,157812
e20c978eb873c1f65f474c9e03f4dcbb7a0f3e2a,157812
1497aa0f14d381bba9168a6c5b26b5af3636cee1,157812
81dfea79b16aa3784327d888a2822e0f12e004bc,157812
66cae0ffe9001de0f9da201505f625281e0d1b14,157840
c4626e541e1b9f3eb8c4e55a8d13fb5aae1e4f2f,157840
8c3bf770f4b8569bb5d3806413a9a6454a540328,157944
8bc0e0e05487ce7042f6de0e34e797ff19207647,157944
e34adeb05d3ecd95ab1bf4df73dbecf23d6fdf0a,157944
e642a1e2240b3029cee2083b681c3cbac2725e2b,157768
b1a1e6325af93d8e785a6cd73bbe3656a220af98,157768
1c31b7b9cbac3c7cf629294786ef467bd39ce234,157768
5f17561f42d1e71fcdc4242f35bef32e1e4ee291,157768
9d3ddab55aefc19788108b84fdd3fbeb620efac4,157836
20d89baeb640db236ac4e7a20200609020ff3292,157836
641953574fa3adc9777f9cbe06670b9fb217c8a9,157836
ab782b6930d4c6e2f4a74a9f0e42b68f80d5b953,157856
0a94469699f85ebe21f6a4141b6bd8e3a2bf8bd5,157856
d27fa0a7f72a845af7d97f1041fc7e8abbc2c88a,157856
6cc8be9368662519394cb7c7d8dd79218cd7b3d1,157856
2eed6b9ae5947fff53fa3f41db82f16ad0945517,157856
a346eaf2d1f6b8ac2521e07b157c415344b465f5,157856
f455dafd629c43d9f0375cda65344e4b3cc172b0,157856
1df3eb70063d56bf7feb162f4087cd55156c2317,157856
112a0b44880b931dd3c32eead47369b94b4f20e1,157856
aa7645bd3c074a27388a46a69ac82ab269328adc,157856
10b11d5d95954c22c77d0dc8c5f66acaaec3d04b,157948
95d484f7d868bd5b28449ae5c8778f1f81330ff5,157948
b782eb16547ffd83df1900495dbe75c330381064,157952
09031456b199b34e2f5c8b541df1935ef9ccefd5,158036
edcb960b69dad6b68576896c56d73f87a490d662,157960
76437ccf86e6ead6f18241c306efd340982825a9,158036
a7c951732e6312fb43745012bd706e31923f8a86,157960
08401fa2ab5cf0ec2bed9f28254be6b03a0d38b4,158036
27ee1445d1d2cdfbef5a405b1041463823c75464,157952
84f5c04e75a1f13a2f90c3bebeb969f8b360990e,157960
fcc2c724f991b97706703091ed7451b42e8f78ae,157960
e24fe096193a4cb3ec5ab58be988955d9eef75f8,158036
a2babe9d76d574a16281d2a8d1ad0056d79b1a1a,157948
f64b33c5b02befde7749ff46a9c3c1416a417d5d,158028
bfa1c992fd7ef1db0d22c851a0f672eaf6e0116e,157996
c48935774e5fbe4835908a987220fa3c4ec591b6,157996
f71edca660e2c446b3e2a5e03d398bce288bca4e,157948
666d030f60d800dd9b632f4e5f55a1d02540b51b,157952
c932812e290d16184fae5903e9eabdeb9542a97e,157960
b94d5f70a4a259220e4df243aa7ef08dd15c3a6f,157964
d00427d55a5253df654fb70d48886d5bd2a4bc93,157996
2be5800f47ed44f9286d13c3d662ff237e5f4395,157992
bb4ee74c332769156cb9fbb2f762a8d1b6d9710b,158000
184d900e56d9351d71ff057c4f39acf45a8a080f,157948
7e1d461896b34d56d0e632877f182146dde2ec1c,157964
b005bfc5afcee2109df5b5c96a14cb17f94aa4bd,157992
591dfee83f5cccf6740eefdbcdd1de6a9efa4194,157992
288fb9db71dfbdc37eaa056281925175985f6604,158064
73e1057e0a829d50cab235f3d7a317742ba9b242,158032
5b85361600534da9da43af0c8324899634686b15,158048
395d62b69e5959d3a807dc8b45c526decc523705,158108
1bc08933544d580a806728289d0da1533c20c1d3,158148
bca7b92ac49d45d4a3a14b18a113b03086442e45,158128
79bd2187b87948820fca569c7b3bf874e592fd9d,158112
d2b2ed4c193a24a2f19b1d485a6650141a254112,158104
4eb323bb342e8fb8ad2e905073b8f84c1fa39ffc,158112
c1b590dee5aa3875fabd3cbff9a8d12ab3c06bb9,158112
23a4ecd826c8e21d1e9d70e2a2cff45c7cf1d0a9,158112
da4237eaf37d6641a1c7485cbdb638874343c9af,158052
85c68fe6a0111bbedcab479f850c9e31010cd659,158060
76c5ca56cf38be602750f7780bd464c2788954f5,158064
fedd924619ba6785a3c45ec6e10c9de3c676c27c,158096
d8a4dd8b3e9b66c6f0392712209ce126ebf6abe6,158092
8689812b2226ddeae1d1e05f39d79ea27bd4af62,158100
46eb1ba22e15fdbab133e89c292f38c30d829211,158100
4955bb120236a698f4f054a995f2bfc4e8369275,158108
efe0b855a084b5870d3957b9c226b1ba7756fb77,158100
d0e44099dc436a08a69b3c4faa2724e628a4967f,158116
29f2e3d4c850c0759a2cd6c177cc9d15409ad8fb,158156
62eb37f40662ef8101808a8ec0d53bd408b092a6,158136
41d48f40b39b1a0868afaa201c8e0ac11c2c9e5e,158120
cd0ada55dedad210238c2b6d1dc92bec9c98c895,158112
908ba82d9b0893233368ba66d8338932c46a91e9,158100
7e4967f60dd860634e3c8c86debc99128c576b06,158100
8f6422a5a9995912f80950490daea946211fcf6b,158100
c431962cbf8b980219c6a8748ab8d9e5701dd582,158100
ac8de916694bb07ec423888272dc5e62b871b8f6,158048
524f06cccfd3ed5ea65fadcb0fd910936398ad70,158048
ee0622b498ae187b4923e57bedcf386ad9a7fadb,158048
04da0796056d4397b53f83c71e50cb27a7a14f84,158048
03c99eea335313f60978523fe8fb60ae9590f9a7,158048
88fe2d3aaa93a05fe304a9498d39d86bf717c8e6,158048
9c8c8b80f43ee4bb7d03ce38f373c89050bf86c7,158048
ff598180785285747bb6a862a1fc743b03cacd2b,158048
c7a53552ad23728c7ff7dbb109e9831ddbb7fdfa,158048
10708842323eabffc1fbb4dee3ae85322abecb7c,158048
f94892707e7cae0ad2faa9bdb7b68d4499175bc4,158048
73dd4ebec43dad7029fdb7785628de03d2a2f4dc,158056
11a7ecbc760694172360a60b708f101573d83cc7,158260
d590a50b92685ddfe91ba74c8697b15f81d0047d,158048
bddc6dae96bd0ca67a4f4069dd8e64602176802c,158048
aeac9a689d58d112c3d88d7ae7ed3445045ea7d0,158056
450eeba4a0316cb0092b14274eda10726a1cb9ab,158264
89d045aeb4ec37d48ae56f6f287beecdaf8d9227,158272
11f6310db07b76b671068e3a5869026a6f61661c,158276
0b06b7de555dd77d887ec5059cf3a22b6823742d,158308
41f96816026ec2cf3ac8943ffebbbeabae03f7c4,158304
2486c6ace13a988f78e320b265a460a16ae680d9,158312
42278ec23e3ebbc953f4d80945e3baa34c6e8a50,158312
e11da1ecc61e9b858bd1eb4c8ecc8e26a1cc6462,158312
e254b6e5fc58b3e36e5349d463c65716193253af,158320
af84950cf7057f6d47a25fece66098fe09064fab,158360
1a3c9a54b0d166a680496eff077f5feae4769b1a,158340
b0d89a931dad0f163a235f8c69f928391a2baf82,158324
30a0a9ce1f1182f829751b84e4e79fc646f9013e,158316
ae130155a4ea5e66dfc085138dad50b0af83ead2,158304
5cffb55f6d923c4fd2b910038f31c6bbaa33fc2f,158304
df9eb3c18de9dce4deafcdf4c5fc959c0e410391,158304
ebea89a30799a24ee8523faa836cf5c3d576c307,158304
5e0921e4ecf8fde9a9690a12ff16849814ce373b,158328
1ee6c418e5fd412f79c223324fb712e8009db370,158260
46d1da0e9ad88fe30ede3757b948f3acedf9b92d,158260
2c0e5f4580cd854ce6f810b44c4b8750a91edb21,160048
c02a140d133a076f6e18bfb0d0febaf306312f25,160052
083e7abc63abd19042b87a2023b8d9ef8b4247db,160060
a7ab0fd5725c1145b7dbd2388faf312cb6ff168e,160064
d6484494432ecd1f94743bc0582fb9384673f754,160096
5614675924c43a6e3b0f0fb54002498a0d7708d7,160092
5fa19e48f19289fa958979017b53cec8a24a1c73,160100
a8eb24fbb58538ee41aa85c1a9eec8ddeae14822,160100
f2663cf9798d1a9d45ba6354f9bcabb5b19e9fe2,160100
90d1e69396705eda96a78097c4263c394ebc84b5,160108
4f82e902da30beac071719feae6b524ab5727ed4,160148
48123f8c74ebb951a8546f030851c86c5f9d2f58,160128
7f748d9809eed2e0ad47f2c33e4770653d870290,160112
ff148d3a2b2843252db212c8ea6deffe316f5a7e,160104
07242559be0a9ece96d537c8e1f3200c9bceabc5,160092
942cf7c891bc6d2e80482b4cdd58ebe8abfe5447,160092
9d18538a4f6e7704b75ddc03f0e353ebc152c66a,160092
fcb0f0431806a71c5469537d6411563549f75d19,160092
1ac7917d761640e45318adfed7c84f2507d4a3cd,160116
2dc1dceadbc225de8411516a64ccdb55e4ceb2a9,160116
fb4cb8321db792b1194dbc34cbbd8cb9aef6ee06,160116
c9d20db95cf73a67d5edf4e9b836a4a0ad7498b0,160116
3c41bc822d8bfcbd6fe0330f4a99c84dd726ed76,160116
bc2735a52e56a302b4581055c4950591abc63309,160048
63e5f33356536c55dec312e11faf007cf6b26486,160104
3747c25c34027ea9af02ea9a525cc5b6d30c5fcc,159864
2174461de7864d7ecc3fc27dcdf1cb4882a5211d,159896
d4025373d651a95937ef40029d492bd477e45233,160176
8435adc99afa813421fbc598f453cc1d4395bb80,160120
d58df2587b54fe1e40542ab3c6cb9c559eae2d83,160196
0e9ea67eb5bdb91f0cf4b58840079d4b22934df0,160196
e28c3c014a102b71868176825e0ef72f0ae6c681,160248
f7ad0f15ca72aaa82952c6704e6420cf39f992f6,160284
f63d8b8887935140dca30a4fd515deab5605b449,160324
0717c5b88de9ec44d2794dcd81171114fd592c14,160144
597bbd9d68898ec7ad7809a57b594abf00892e97,160160
f9eed10e7eab3ce1bb7bd1ecf9dbd2cef59951d9,160272
cadf84c329664310b5f152ffa5a40f918d2a9133,160352
17c5f1b6d19420c27a8ea762a800131bf0f7bd37,160356
ed9a00ed759541d14ecfd2ccc5b1094981ca4e48,160396
7a1a418d58bab311686f953a6999377478ff0c39,160412
e003e13b7e7f2e94df7b4bf7fcdfc171a4e8c93a,160440
8eac75b260f83c92390a00538986b1561a14b856,160456
6b64f391378861c290a91bc93dbee25a3dba5d1f,160480
15d87ba81728c5c4a928a14b9c81f6cad8d84641,160424
86a9090607881f5d2b4e30925705059a41584848,160748
2579aaa3aa31dd73c222df832ea25c24b8e5acd9,160748
087cecbf561afbe8e8bc15c2454109b591db1c47,160748
deb44fcf73d92c366ab14ad283f1e0d1dd86aff3,160744
78b0d084cedcf7de7ac49b7ae6a9142eab8b8de2,160880
961dbd26ed452e8da329f7d007b699982de8798f,160880
ee225b617ade8ec0ac86bfa360c052d847635838,160884
a146005e8efcd5e1e1cfa8bbfb8097841efa9e25,160892
f3660bb16d612a0267e0a6f96d233f802f22abf6,160896
870e0a57a843c36e774ccb0cb35b229d037dee1e,160928
cf7a61eb30cbf87ed0801bf0119122c3ecb5d5c6,160924
b395c6e2cf0c8f5df22ab26fed6deee86daa251f,160932
e68c2ff6fcbaa534ad8a2bc3c24d08e2e0a435c6,160932
dbe461294ec4ca2dece28de57751756549269e1f,160932
0a4fbbdaff995cae60a9ba99d05da0445e2a93c8,160940
6deeefb47aa4d827c679a6a88d3c08178889060d,160980
bb281e2506b94c335495567196bde3a25467dfc5,160960
b1cf88527f858736720877776b901cfcb67a7220,160944
6d41dfc6eb55921c44b90204494b5f4aa821c8d3,160936
5786600ab1086aaf34bddc685217a371e6f24aef,160928
956133bc4d180dea543f9b16ae8e7271a9f5bf56,160928
9b0eebf6ecd5af739e3c763592d52b23a8273d4e,160928
cf34e5f5d9f8e1652d15a4dd680b2c310919072f,160928
a02503fd653c1d9796d68e2b495ad6a74b0f8e3c,160952
26aa45742b429169e0d33970d52d211769e5ddc5,160952
32df4fdea09f68755b7eebd9fd0c29892d9e9b51,160952
95741ac2f8f118396a517a38f4d0f7fb92136f82,160952
a61a51c12ede917ffaa6dc5c6476cd4d27e25f15,160952
79a33473d4b25aa1bb2cc62c20d0b0ab8ff717f7,160928
64620ca43fab27e4590507830872a92cb850a4ef,160936
fccd9b59a31166d2d757a932d1b587c3f2c8bae9,160944
9c9dfa26c3aa6008266c38d9e683f2312d9ca282,160960
fbd13cf5421bb885835ee775e5b55f65307cd9cb,160980
7c03a67f17e9d1b98765159760f27565f0a84c70,160940
6307fd765a8d7d0db2f5b781eb4b8ac1ab072303,160932
be2ab77a141b8d5dd65a7596a45c4ada89a052b3,160932
0f65f4b4f6912dfb207372941b65dfbfd06e825d,160932
31dc10207f7333b1fb868193c6dabb7154b2e3b8,160924
cdf872625ee1327771f67a4d3c9dbd5facb2d71e,160928
3baaa26fe9bce7c6f3193f01137afc1b77f995c8,160896
91f1a81ff1d368da73e239e0efdfa6c76619ed44,160892
9cb947777f6e53ec2794f401668faf5a7c986d25,160884
0d296dfb12de04754a3b4cdcdb0eadfa21d00259,160048
353bc09c167209724125fef00eafbed7ef9b0756,160956
09110c8135d5ffba71b46f4a40688070bebd5bb5,161088
045eab2c7ea33ab7f5c6b66966eba519634c56b3,160988
2e6d4b8ee3bface521e892e44f86be8f6d208652,160696
2ba85be6ed71df2b3a0373055a263e946cef6643,160868
c2b5cbc06329a62746b8dff47330d8192cff3322,160748
e1106b15260ee28c5a50897ebbccc422900c7adf,160748
a3c559e7e5716e887ffa7087f1d5f0d41cd361d9,161004
6378ad9082735606c8cea118215dd68a64923062,160904
1a1b2448cbd5914913c18b2f78a687ce74b905a5,160612
65f4b8fd0f59ee4c336d2e3ef98664e029d801bb,160636
adea06670dba5b9532edeb9a31796612e5e2706f,160700
50f93338a93e0651adf3f4048b5054b60f67f814,160812
de97adcbbe50a3aa5184bad45ee68110c9a27fca,160756
c895d0d5cdbd742a91e7516dd872ee8f589546f3,160748
ab2c9d867931c2480d2b8206780a8796bdb45024,160748
a13c75515b20a0e9bce727c2ef14644af4af7ddd,160748
abe638110f62791a8b368dc0e1b8ac5869e5a400,160748
bec4c19de7257db3a4ec2381854a8728064ed6bb,161012
830088efbbc06c88b395e065d2e9a88d319700f4,161216
909e89ac54bc81cacf164efc82e9adc7de7900b0,161300
6a105b3f0d05f587f93442dbb1a0fba0b06b20b1,161300
a8ce8427e54653b3198bf9cddc3c2fb1affbdfd2,161300
b5b855c60ef391a0093f5bca79a1d4ac16514ffe,161300
3f314f905206b56c7fb5c7daa59b05ebaae89840,161300
90a8fcdccd0f5eec9d145f8fdee56bbf1170449b,161300
d425121adf56b62d29b67174d46d0a8e07265f09,161300
3a071427b3a2d97267ba4acdbf54a42eb0dad197,161300
8b257465b0824fc0a09920610eff48be71eb5605,161300
f94ab4e3117fcce2815e0b5e9460c2e0a3dfea47,161332
2d3410aa2b7018dfc5f523f25e43ded35e22f34a,161332
da9bd26245df03a21181e762df3c4052e13411b9,161424
4d0e68f52e08697456984233b41b5eef480c946d,161424
77625129ae0c9911b3e8d255bd028b80ab4385c9,161880
14654bbaba54aa18e48c34a81b42e8584cd3d24a,161880
220afa2f55d52ae049bd77329e38ff1572777f0a,161872
d2f7e65ff2f72009f87e9e0a71c9829c55aa6b26,160872
882babc5b8c3053fd0a53561f756ed5d1206864a,
6dd2db226cc80e2117c9c11a33ee497bc707f486,
a40310933f1a355be363ae36c2e4fd9e73ae5c56,162052
82f65ae8083ea27ed10cfe444a63437edbced075,161916
6a785896fe4f18a9ddc8b65ac48c926b7d5345e9,161912
ae80933fb5162235da5427920d7de3b49fa6c557,161884
7ed4c3d254415013e54fae7c8ccf6f4acec9ac65,161884
6280433db4643628760a7e9575c112baaf89cc8e,161888
836e4163d4a29b92034a68391e79231cd144ca02,161876
b2374b7e55ab841043b48fdb65f387e243a47122,161880
f674b74cba13b2423802b511f5c83526ab45f705,161904
cd95029cc54cf125d0be1a2686726142e8b52bcb,161876
87a1c216b00674ef76a594369d5e2ed6226ba4c9,161880
39aee900030cee34b6ea42f6c8c2ec79a9d96c52,161884
0e5da6c46a6bb9fd7fbde9a3f390b339f3d6298c,161708
cd408b41c5f3042d202a527f9ee4589a3b283f3e,161816
dfb940da2ab20705692f6da27815a9970638b2ce,161860
0dfcc3248bce125e4ce8a325a8295dc85f4e948e,161744
f923b3fd8469aaadbab84dab9a05af66fc30dc7f,161708
7aeadf0ec98a828cce7433c2bcd89fc203fcbd5b,161816
5ab82ef48a39258c7fc18538e95c5f932a20d69e,161860
2219d726009b023216191a525ac54530eefce4f2,162032
e1d00429d7bd428c56332a5b9aa0f665c13ccc44,161884
45e4264386f189a2d0db7e09b0360ca28628e82e,161872
b094823a44aa76638785867ae978f7c333ec6957,162020
01f1e17d8e1136bbc4d525758a3d90ca71d2d20a,161956
bd1345523d5b88457f5ae03c54df8980b5c18b9b,162024
58e79a1350419b988c63d33b7ed99381e379f344,162024
15afee83b7beb615694314cbe807d51c6735b8ea,162024
6719ac570f8c4e9b9d55881a38c0247812a9cb45,161860
d1a2a8722e0aec1567d3820ae34e9ca296162158,
ef86a4a27ebcf850c2df6e5dacf39a57dc354fc6,
38dde337426aef27b21307fbd3d4266747fe516c,162024
bd72d4d3197417fe543747cb93a662fb76ae4078,162024
20d332e9be1703d5558ea4eb81ed2e8700c8fe2f,161992
2aa1cfefc2e5fd22f47ceb8e2f837edd115cd713,162016
212d1b1fe4f09a37d47e2749c55923bb04843be2,162016
fed2be719ea6e896ca3816ae1a53bd05a5a5e17f,162016
ba3872514ec65b466bc786d6ad9d7be7dfa649a2,162016
8d6e41cd30ead45b54cad2ceb6b741f835366dcf,162016
d7b74248f264c7853037bcf82e503d9bfdf5ca7c,161948
e6d328783ab9402ca7a1d6c0eb640af35500b0a6,162012
97e3745a3b2e530c07c3361892c0035c0c5f03c0,162024
74be1e5c9ebb5daa09e2130763eeb37f5c58d2b5,162016
7c9c2d68b1c3ba2436f6dfba63f4e9fd41f8c4f2,162016
c9f6e7c902399e830498ba587e0efdb731e6a7f2,162016
935f42d7cf07ade8e2b75c1e2fe4fadd1b4935d3,162016
0355a1430075ca4599220bc9eaba98b79aa99284,162016
91069aceca64b137c9cc1184f51b6b123745c411,162016
e8b0d293ca3ba36c71bec815e8f49f6f833cc00a,162016
be3a4b08afc9c48b267336a1242619a6efa4849b,161840
9a80bef65d7c884d3dcb4688a28c4d5682252525,161840
23eb030dd61b7160972acac21da2754596e85d32,162016
56398e1601d9ba0ad194792a0bc8ce0333e6a666,
463c9e9a4ad5ddfe24046f9818ad3b0fa7f97af2,161848
4ab8f11996f468ffe8a81bc569d2e8baa0e593ee,161848
bccb8ff035576e5a93e3475872b33465f807725e,161848
087a11f77cffe0efd534925ab3b774533dd472a0,161848
76e1b5ba0ae5cf70834fe285ea00b3ad9ca0563f,162024
658daa6cfe85b045a327eceeedf452704a7b8307,161856
a97569e84742f67df92c57d3bc6360914e786f14,161856
8569b79579cd4b7d2ef720bc0d53f7609b6f5673,162040
0c7e738e879b47378bed8df48336610900d23d08,161856
3520d94ca9c0598a8e66956abaaf1774ee593dc0,161856
ab73631bc712e120355b57e4df4ee0aa99d0ad93,162040
80284ec0176d1959c23def33b09366f1df5f81b4,162184
ad0137a2958b8fe93f8e70d2438bd28449bc3c23,162184
b22ad155d56e272eb846c21209cfe7524f17da23,162200
dfbb4be0f5eb5e8bcd0e8697428f8837589bf886,162244
7fadcb346121f160261978f56c55ad957986e043,162244
aa64061e7c216538d9cd619039b6513c7bd7a011,162212
bf3072b6f7dd87b60e50d7c2130ca3c393a5709f,162392
dc7727763571e8d25e3c11a9a5c086b6c1f6990e,162236
4c063358321aa1e47fce24c201b0d8fda85309ff,162236
0e53dc145c89a989c4442bc3c11c945ec9058423,162236
08d1d2490e1ff7f838b4fe5daf6941363a33ff3e,162392
668d5b803d83a01409f7ebcc9b27ebe88b915ae0,
9f0a5eeb9e776330b7903d1488f6eaa539bdf5eb,162236
20ad7ccfa75d0f54a5f9e7a48fb12b0be6752642,162236
fbab647309402148a9ef14fa2849b1c1fd1e131f,162392
9fc79e687841ace1667613ec7313c80f01f55f52,162236
40cb79da9a7f1c4d15fb797aac75d3d17022d39b,
1c1509cbb8efd978d7381b9ebc873eaf3e289f22,
76085dccf792d32c25bb71a85a85f3d773978678,162392
3ae2842452e9dcb323140f143249e781b95a209b,162392
935f7f32f00b4c5ef7a92cd4ef8200832e5deae7,162392
8e54d3018efef7742cb081b2cfdf282c0c9de074,162392
2bb577fc30b5554c8b6e1b4ffcb33e21414a5a54,162392
6c7888ae487505fdf0aea231795346f5abf6f482,162392
d4e1e1e1e42615ebf7fca08c06dce1af42ae637e,162392
36b34986360582acaf0c58922c0826624cb3a4e8,162392
0eb347d9172c12cbd7d4956123a24471b327de5a,162456
a4b616f783d0ea4c462a672f8f030013e716c5de,162456
97ca7e5c36359c9e9c3fa5b4bfa937cf0523df1d,162692
576d0897e1886174c9a0e237e9f768abf2c9e9c9,162736
dc92847bdae747e1e376b7f95c1f19d1d5dec4d1,162720
c2803a34449c10140b4945009d8d4b1e14907a5b,162724
084a0b82e6b915dfb54fea083ba47777b6947b2a,162764
cd910e0612ede15ec9a580064950532a62f96f18,162740
8f005e47889899b91ad5380a93d074239ac16f19,162768
46a3049d4515c20b13a43e1b8642f1b840730ebf,162760
390045a2c595a37eb64c016db2a8f9ec08e879b8,162784
fa98166acb7531e1f16256d014fcf247fcb3ffbb,162852
f7cc248700781adc705a2490a73694c6942936a3,162804
84a69707bcfd80c7906b74f1e3dc22a3572b97d6,162880
e9bfda8a08a3ada62cb446d4dc37198cdbad4a9d,162896
0ed19d61c12667936296b2db9d347f048f210d1e,162700
f81823ee5b0146560a65e1b7a76dc2a0e0ab2310,162924
70e3cdf717e9de7670aea3b47ef278588b991986,162776
c752c24a323399cd13435e9182f3c7a6e9f86101,162744
869bfddc3cbc8a2305d91008bdd799c2729f94bb,162860
2dd6231a704a1bbfdc448e799734a8c0f11660c0,162820
845f6af5dd800369f71b325a3a4511789fe09892,162904
7ad5bbd6bd9511659cd54d6a75c774f0bbf3e6fd,162740
919c4623e69192a7d9c8302d5fd5f3fe7deb20a7,162756
c5aa7ea40b0f9c7b9080c799b0d1c40c28d9e4e1,162776
746501db0f13660539b011ba6194cd1aac9af2b4,162868
5f1738413cdf23434efb64bab991203943da239c,162896
773e60f36ff42490b12e2fcdde906f87496c229c,162716
dcec85d98c0b0ec136caf1025ba0c34190423858,162792
ec55b8224c2032442b5a8aad7de40727d0b4b918,162876
a209efed609c614b9a72d0ebef48b1c7ae921793,163008
fa90fd898f1c863044e2a97d1b17dcb67dc25e00,163012
e5d0ec000862ea8d4c5215c31f25e29e6751a060,162960
ea959fcaf02b4ddb81907ed0979e9173845fda29,163092
f893a8b07d101248b38be94f1b23d8f8a0c035c4,163092
0d6046e960926ea47ebca13fab086ade89402940,163092
e491b56f5163cd569b1396d2725d280a633986f9,163448
d2a809e353834e2cfed4c5cceb429feaa800ebcc,163448
e8881ba35c2df01e706b48ced7c8e7b516484187,163448
dbc75ceb2b044fe927c25f96676ab3fe0af30df8,163448
199cc82ea63113cceaa8e8a2999f4217fe8b6eba,163448
2962253f9ba1becf148fb8f987a409f2878b0feb,163448
3f23016f0900a56b334ef3291993df92a2125dd5,163448
8bcc16377fd0eb71451e296fa0041e89ab3a1c65,163448
67837ffb891817f73e2789e19df982dab16329c8,163448
d09ef67d4cafa1edbeb4f23982d79b39550da395,163448
e26c5275f896db995bf08ce1d2a3c6dbe6fcdb3c,163448
ff4909f857cda6f7d48c2b11b3ffb172d6f073f3,163448
6dbb17e622bdb6063ae002d5f76b34e89f1e64fa,163464
e3374b041bff4c18a07cc9599d88ad567d150e78,163464
0f0e90421452cd8b488183450a5cf7293f3e0ce6,163440
69f954d46eb314f05da7fb3e9c990db782e01ec5,163444
d72618a4d9c48c25aac7b46d128e3d4fc2aab005,163444
0f7e3e959910d0b1919735b92b3defc36b04e3d4,
f06bfe2e189d92c6363becc33d8a8ef8e41038e2,163444
a66b7cfd423bb13b85fa012936b2f6e658eac6fe,162972
0251115fdcc21ab06d9eb98b3ab758aadc3555b2,162972
956a87c27bb2d6a61c6f562985cbb76b8bcaa0d4,163444
474babff81bf209ac3a82bf32785da4f3a73a7d0,162972
f7887bf9e59186bc685eb0297575a0fc67053336,163444
63c0abebc4675216149bd18497cbc30d53bf20e8,163444
58f568ae7a9b3408fc2ac594f8cca7508b84bf48,162972
88d604d88c17130ec94c29f9011b0a9d11359c8d,162980
30ff9160f87a9089b065baecddd96ef562702b15,162956
0072f4ec6609c6d4086d1d802b8c1728b97975be,162980
db873a7e3646b50f0d8abdd4a530bccb5eef8ee9,167696
284b48439041e822b0787b9bdf3531c6604686e8,162980
c4af5d764f169d96686166ccc3ab4c0a49741a1b,162980
ba1c3fc1af0c3afddf7735b0ed3881e8f01b881c,162980
be20993cfe0749a8fb3db66e039b5af13d6d511d,162988
f43eae697564f548bdcc79adbd9239feb17600a2,162988
65b8ec05153d8f6c67782249d20db5f03969dbb8,167696
ac8b23e339d2636600c00a01475fe0bfff8a9a1b,167948
ead6a1560a918ac80d206241a9ceee1256a47c5c,167696
7811625dcfbbaf0257d4a8d3bf55b62a5ff278a0,167696
35a8af791db0d5bf3900cc2a8d9e4062b9633a0c,167632
f2001347ebb79e34dbef6c73201fdd9c5d3a8765,167632
c482f6cdf97b73ee77b4bac5beb7b4b0d72e0f20,167948
903faa4c5f7c216340baf5f1c090b68172e5fa56,167948
a1b41a1b56133653d11ea3c4795c9128895105e8,167948
5aa02542031f74d5c76a825eb4445a0d43e7f571,168420
522f167fe5410c4fe53bcbde82bd80e18ea95d8b,168420
e7b6928adae1b1e4c1c610cc1abc1a48f905613d,168116
01641dbe32a8110bb1fe288ab79a43016adce8d3,168124
77edc54839b9e79208471e3c8e30f003979b4dfe,168420
19538995898cf5d83274fefb52e74a0f1043d10c,168420
6516d583d0b51b47065a68183daa427996dee336,167776
6032f6f329d7cb0c97695f1f5441b7ce30b645fc,167776
dccc5926ad16ac33737ce0052ac5e44a73fe6357,167776
91a02909773e72e4de7c8ec8447155d80f176721,167808
76b88cbf0ec582d4e1f651f1b3a0797463581eb0,168420
9f8d3f94b44332c2eff4a08a7cca673916307a31,168500
ee72d13878796e328c86c9cafe7d528a534f0b7e,168500
1acb5a453fed4219280a59ff4af8d31da1df3294,168536
c170710dd47e43d82a3d13c5a5988a8394d9f247,168540
252c5bd14e207dc9e007227ca80ef469bed720ac,167660
48ec130cd1e549dac4138b730de717d5f0af6075,168540
55ca7156b43bb79d28feea98f81a385808a1a1c7,168504
36953519daf977c1dded55cc1c6aadb21c5691d9,168540
02993507e07794070659acf1565cea76e6b04a25,168540
79c88e104c2627c1083f05d05680e565b0c37729,168548
bcb2511b059ac8f9d981d321b7780fc6c63efe30,168496
006b8edb7e65178b521cd6794ba6608acc9c4f21,168328
de3d8530b0eccf1443b49daacb642e68e0e41657,168540
92f2843265070b84c6770b9c0a15e36b64c184b2,168540
711e148b799f8bc19f1d3ec4447bbde7882a37fc,168496
44fb2d2a860bd198a451ab5cfcae9e2dea2f4c3b,168328
a017dd695e85084de527615eaeadfd5143394308,168288
8e59fef16856ebf594750f067f17623f5a1b6bb5,168468
e6717225e819fd575394c71c4726ee914bae3ee7,168304
9feaa910fa8cca7d6683a19a7aadbb6f7a90e391,168292
61f129ccb4cf6dde9c97936d94042f5923c973a8,168288
a0dde8668942b60dbc4c6c82506da4954151ec2b,168468
ebb67064b18269787945d0687e96f6cad2ff2518,168468
97be33d38dce14323f5341dcdb6516d02ceae27b,168432
5fc581ce981f41af044c9c37b2d4439eef667eaf,168468
ef7172d3fd77c3a4fa6a255e6bc8ce845845240e,168476
10bc268d55ebd34e65f20712d609b036fe1231d6,168464
7cf4cb22acedeca1707e63a1f9d64b712d8a27d9,168468
58a744095ebc934b551d74b482c546e927e7d05b,168412
b4aa99100ea937816a15b3412a488465077945c0,168412
66860c9beb40a9303a9659337cb8ae94e746afd2,168376
bc06bf9d1a8f5ce986d58c3636eb1cbaf7359afb,168420
f7f65ac2f3f0e33374efa7718f2a6d789aa94619,168420
d0334b448236dba9eab46bc80ca43ab68b2ec0f3,168384
198cb423813b238c15da1c8cf76186978c033037,168408
2b1483903c2bac0131ded93b1531af3ca8bd861c,168956
4ea21ab32663b51c1b74d6f37c1aa94e7f615b6f,168384
95fbd83e1b8010d6c90d3446c7c5ed43912855b3,168496
1d2eaf4118995fece71de71ce13eecec751d8c28,169044
d947896d59d915e2148e0ca5c350382530ca9467,169040
ef95a10803be9b862d7f810bc9f6953a27f810a4,168928
934354783ac1048c00b8d0576da38ad376e3607b,168928
3bdd23eacc1cd07b7d732aba1533fc8cf226f4f8,168928
7fcd2a897eb8baba49572ce69219d9fb42ca10e7,168928
b172152714571781a97fad94c7d6a133c8242040,168928
c49a7af12eb42360f17dca92453b1376d50a1a20,168928
0ba83f3f4a376f105f1a5bd7b4cdffeebecf1ae2,168928
8e17fa2bcc902a772d19682bcb7b3f8d64fcf36b,168956
7529dc65018fa5daabb6a5ae43354ac4c0275067,168956
67ad2322980037ae2b339a038422660978c2d0f1,169040
b9b799d7b32768e76a2cb07bda6e1b0aa020451c,169040
f10bfad62367e9e71ba5084a85a09c707e4b654b,169100
7a54a6b3d3a4994963e460b71d2c82ecf828ed6a,169100
b933bf2f2a7fc3cccd4491c87701da109cc8f2bb,169100
411503b18aa4aa145f0c79014eb48f2ca321009b,169100
83c85b693a468ddc9d2272683464e7d05707520f,169100
da753bd49955bce5ad13481af1748adda542afc3,169100
4dbdaa5f76263647410772885b0411e4e0f536ea,169100
2ba7b2069008a4177ec42803e32fe04eb68209b0,169100
c70233b1e8be43e5d61f84e40e158726e916a1d2,169100
fe33e7cbf0f5e23ddf809dba5431562c7dd55f10,169100
8988c2f42adbfcc4f857712f00a6da240bb9e067,169556
aae125230660bca07de4348350b7379f1731b1d2,169100
c395b35dff300ec7c5417d30412f8067016d8755,169100
7278c997c0e623d56127ccebf27435646982eace,169100
f61215e8ea3558c6234b9f3d3cac7008ef984ff0,169100
3b1b2d61676e767a72fc1e2b18b48cd944f393eb,169556
6b332185e8a6cd5aa9da1afcd7de351cc4f7bbe3,169556
96fe5d547484d9d56e8817daa8782465badf8e54,169556
3bd2f525546f5e4de0d9a2ff66253bc85608995f,169492
8924f20cc3bcab366778c2a6d0dc95d885ee7350,169492
52bd9f2b7f7196c44bfef0822bd89ed7a15ceb30,169492
673fcce9492141bf8f1b2415b7d4b6a1b8d24255,169560
89dd1607e0a6653b780ecc8a84b5b881002f8e3f,169560
d3e431f1403b3e4cf3857930bd1aba590e9fd91f,169560
ec40a3975e39fc86948c4c9ac4b70e444045227c,169560
b3c2043fe33b893ef4cc2ad01dcf6173d8bf029d,169560
8457b0a1a74475bf9e84fc7c8ea1c279209b5a4e,169560
28927525655bc74c8547cb5f0676113e443f4d60,169560
02314876e73cc0ddfe7f2c569eec6e6bacbbe4a6,169560
196be06a51c46fcaf7e86f667bf17caa7e6f0098,169560
38628782b55a1eecc45e4c1e04454cb737ede2dc,169560
c5a5ac462bf453e4db0c29e5070f05e631f15c4f,169560
1a14579035452976beccc7d0e8ce3831b992783f,169560
d6d305254da5be12bd94cffa207cdc699dec61f4,169560
6c3daec843b75a67290085983242e361d00f8721,169560
842c69ef05de243a8f40984d2cc6b182de9584f2,169560
5de74c41cdb1023d8a6617be9b666bfeab0394fb,169560
65cdf4c112471f65918e920d79a1729156699f39,169592
1a02dfb706df5df10bba5a42bbabb6c13bbf9eeb,169592
5aa6ac007f35b4f42fd5ad0338824b50eccfe9ef,169592
0e9e0b63a4cdecf66e1aa24b08b96a5a71bfff03,169592
f88ce75ad1b129e3c6c900f70ed90d1e988ffc25,169592
4a50b52b2cb95d7f32642a7b3bb22bfc22058dcb,169592
567523b42b55d29eb886bd99d26bf272051b616b,169592
5cf5dc8245db7f6753c3dfba1edbab1f81b286cf,169592
8626ec68f21cb37eb6bda05d86cc24598f6d3e05,169592
0482122e4ba318cf22c0add81cc345b0f869c052,169592
a0856ec1bcf035a62102ca1c5d0b7c4bafdac0ba,169592
a2b630fe130416d24259302c1ccfb60af8f825a6,169592
b661ac07e1d3a2d0e3c4841f20bde582f08224b3,169592
28b5413c2b41283a5c1ea3e8cccf4a2900dd7fc3,169652
b4b450d3570aaf5443f8b6f6e4e4c74c32132538,169652
e519e1a20349fb498fc13596a8027f6e9a66ace7,169652
1eded09f9b728f3b6db840504b848eba71365741,169652
c089d59da754ddd76b2ef2d79e893500669ae37a,169532
8666a7411f68fd0840ca1d3b469bc440fb59c8f4,169532
155310d048ee0882fcdbc90719591961936d2d92,169532
bf4bf0e903a73b3d2ac52a056db2e95481770608,169532
e5858276e2c0c6568ae2c8b236381d76530e31c6,169532
8f22a99551100e66ddf08d014d9f442f22b33b4d,169532
6dcd935b7b4d5dc85ae133ee0b36e76344c2ceae,169532
2af69cd16d6a65dbb455247c623b3dc6757bdd03,169532
c3a76f10c8fe817f1d112423c504992d5ea9ff31,169532
4329323b671b09b5d94eb67d3cd5d1158f0975ab,169532
8f61ad207ba9023e1387465f6564b466aaa6d665,169532
797d0aa26cdca31f81692c3620ca806ff44f5379,169532
d1cce9a896d7c3147de33f1dfa852dec6ae7259b,169532
a0e008fcba7bd86ca34c5baae9b281e62217fe02,169536
11f19bc9c24fde66aa8ad42233a345e6683f5beb,169536
5ee993f72788af5c889f9e676084bd65546919b0,169560
727ced5d6a8c71e1d087e0b519517fdd21483b9c,169560
ec830f7d4a57ffbc4e6a4271f09380d186e2f44c,169560
f6c617c313072a34d2b4b535de9aecd04100cc33,169532
fde0584d32d5788c653e0f1dd9ce92d2ffa0bedd,169532
93b680ab337d41844fbe2ec5c61e56df1d35249e,169532
8ccc70e4577ae969ac4b8d291fc567f233b73e54,169532
1b2d96a69b775872c32629afffde756706dd1eaa,169636
aa0a3e8c87ee5fd7c5ca930bccbf7772a0f17c36,169560
8fc7e0f71e1c4282c848269b65df822b038c19ef,169560
c378fd5dc85078cdaf3cf411e08dae9998019a10,169560
6e6ea3876983e254822cda0b7cd7cdc594961712,169560
db8d6fa312f87a70171534c7ed0f387034d50d23,169504
05200ecb8477ac33f9184dd98f9c698b40866105,169584
d08353c1ab15f5482ef3663aaf644e337082bfb0,169648
df58a575428aea579638774b39beba1992ea4a14,169684
ffc8efc5795012dfdff9507d2425fa1b6e58600b,169684
d205b1826fc67725dfc8b76a66a2855efa71de6a,169684
d03684c38e5373ffb165e4cb687526b0e0e1d37c,169692
fbc744752b04d0e3c8e86bcd31a9062123f56ad2,169692
7d1418263a928a41bf7f7e352bb812287288c0b2,169692
c661f6daeb11a40760cf5b878d9fd4f461a43126,169692
7b3d1b42dfe7779287b60e002bd8546c5b46ccc8,169692
212b55b573d6512b0be4cfeb59db2977754b7a66,169560
5cb9e57e0b73232577ac8173e27ab55dafab1031,169560
d45935bdd3711262b8d7c94d63beddad01f3893a,169692
b7b8ab8da73231046681b5cf6219bd77798c68c6,169560
c2ea82062c23737bc48a966172e5e8108de79979,169692
8b80d6c3660aafdb39cc6cb194a4fa4e4d1c0983,169560
21f22c6de6d31e028844002c1220adfe9f220547,169692
75c5eca3f300e2789d13ff1b5561bac01e42f8c1,169560
ad378827a4f0efc0f55369d36cb646055de323fc,169692
03b69591935c2aa018b26664daebeb286d9dbc69,169572
0ac473f9a1039ebf78212531e30b9077eadfc9c6,169692
d21c4ecec89363ed84470c2a1148c5f5ce0ebb24,169660
20aad2bca0ba56d2a8212a3028bca6996001f295,169704
fea9b5629972ccd0f4502e94e3a95b0e1379c21b,169792
fac5822d6c1a706cfa8905bae24a69b1ded27b6e,169692
e334cea59a65c7eeb5292c709ba33eba59bda937,169692
1dabf120634039ccd7b2ff923d12cba225f9ab07,169728
6398ebe9eb35cb01a43e2232bf07886fb28465c4,169728
b593e73fdbd25c89a74bc51618e230d2ed5aec0e,169728
fa080f7fada43046e03481e281999d4a67e71473,169728
8651e538a3a1da77f6352b41fbe11e55255e2254,169728
f42fc451582fddc1d80832d5ba4f8bff91b8bd18,169728
22ae12711e8876b1658545fe09537d48b8dfa6f0,169744
8d0edb3614879f5fd7a2f450ce62919806cda6fe,169752
a5f1605a38f2869aeaa0fefe70ef4113dc78453f,169744
bbcd158ecefcc0e6221c66c5c3b7193583f09a45,169752
f4204d38790e797aea3c582e93278004d1586e8e,169752
5d46ab6a665c080dfeaf9c71b28961aa2dfd04c9,169752
084f5268f2c41fde16e5bd2db17aad86da2dc6e7,169752
2c8288a1683336e05319c8d147039ef150573aeb,169752
fbe7dfa2e35d9623ecf4309ee990edc5dc7d48c0,169752
fe0c796e89abd5628e26145a3f67d21c6df99995,169752
af348dc19e2a959636c7c7769ccef3ca2bdceabe,169752
9475582912cd0a81d2e64f3b169f619ed6a3e4cf,169752
4b55beeaefbd9a96136f87849be3c4986905f41f,169752
ee05dcf803f681b6d92e0c9febfabd64f071afc4,169752
039bf5f11091b5ce7df069b0426f1de6b052685a,169752
ee91f62848c383511d03dab9206495251ed71edf,169752
510419cf6b5dd693ec67e15fceee7974c7802e0d,169752
e12937760ddbd1df3a8b3ded4974c54565e0881d,172044
427f5567d4ed371520766265dace965c15002aaa,172108
4999cb86370d3949d8f351a9aa2b9dcf92392ed4,169868
2947eb253c96d6ced214fde04795c7f9a59b7fff,169868
6ea10b9b11325f51492942bb6fea656357108221,169752
1450ee08cbfd95c0a98b0ca00a71956072512b80,169784
547e81e009ce5baaa57c07461d154e7277601718,169884
16cc252ff2c5cf5efefed5dd60c46bd871e3e600,169880
a07a11387efc0f8094f060cd5a20dcd83bfe7ea1,169880
1e300f4989b3f1af34c727c5cd554497beba3354,169884
b6ede77236590624fe87c9e37c5c6fea788f4182,169884
ece223181ab3da689651eedc071ec91c58de450b,169884
6b9dc86213832973e60005fec962c79dc48b2e55,169896
fb0002a220e05fafe86c7030d191fdb1259c0d5d,169904
1f7a75a4518ea2caa9a5b2694b55416926a696e3,169920
14cc76e68ed434adb1a18efa7b92e32d67680c01,169928
b46c98c1522e2edf1a04b48c98074fbbd51c16ae,170160
248710a0ad18e8d4c00abc86f1c87bd924c94ffb,169952
b56ef1c24719dec6f32ebaa3f3c82f5be9a89911,169928
46186a79227a0746401a8f5515e0b4f452957438,169928
31433465310cd174ca99c03a3cbfcc5fe9774c54,169928
12fbbd95f45dafbcdf2abcbe15a032889985a678,169940
e1298e35a2db03f3eb9a23f3fddc2a109d2693c7,169940
5bdaa17734ced4d55a1a82975f777f25b1c09c79,169940
ee9aab9ec69a83fb66b54b13b8c1686ac4ab9964,169940
075f4212e4fe3df96daba6538a2691752a06bc06,169940
77a74e35f61dc4d451d558fcd4d55e6c9adb0cba,169940
fbc734ecf47623ccefbad1db7b2ed6a617cad6f8,169928
80a19dec91ec8fbbec7b144d6d19baaf5615329c,169956
8af2be1729d11869035af32f8c8228ce3b23aad4,170008
eceddec8fbc9ab7d57b1b1ce0f2ae077fde622ee,170008
539229c7e7af7af589f0d8b502003d35e5d8849f,169964
38b490303a3a4a1b07a14e4c4d2ed22428709ae8,169960
f9109789d8f047e2aac5a87a831257114fd6e49c,169964
f128560ccdf354140c386306d905fe22162501fb,169964
ed9321931682dfba55d9b35038acec17a75954dc,169968
5e0dfd3e5fca4cc94e571fc3facdfa83c5870999,169968
8fe7eee404d96ecc7172aaeb7706e7ce4b37086f,169996
64a10d21707004b45ffe373b43b5456803109474,169968
21e8d8d9d5b337a699e1af044ddedf14d964046c,169968
f12ea4a5a75bde4ba0855c65a78f44e6b7ee7a77,169968
7a37fd0fb82370a68a44af880a08dc186aa77153,169968
a61a81341b2fb8731dcb7c0a37aa8c024c517e7a,169968
2505b6d877ed94d8a48cc0337158a7a141a44568,169968
e25d18ad2fc94662aa32275bc721d0b20a47b0d0,169968
1f833557a64dece1cca16159b3e956bfa64e809b,169968
aca874959e79e25bbd06860a602153ba445b143b,169968
b139c019efca3a340a40ad1582300a247d217d5e,169968
6027c7edfa128ab173624263823d51bbb1105af8,169968
a003dfa3abe68d0fe571249d52e959c94eff7d4a,169968
3a40b592d9d3ab4d1ee3dc0ef158aa7aadd541b2,169968
2666a2f2cff3aa47727b3f03fcea4379743bd492,169968
35a4d802cd1e558402564ad62629e4e21a59ff0b,170036
dc40b76e0d5306a556771f56b89c0d1e50f66dd3,170036
328f2199dfdc6214a819709725dc632cd9c95c52,170036
c835655f99ecb5e431e98b76c4072cf43895051f,170036
40a8f8f0d96a5112d730a4ea076e2bded9071d5c,170036
f0b80f96ba356b92205a94ab6520e805f497f63c,170036
06064c4545b2d5279bf20ffb6099d6ec9eb2f68f,170036
a463250890261e2a42962b71435de17dc11921ec,170036
baada4898735e87ad5d58b7fc535dc0f6a478671,170036
206e00a540285d1402dd958fe0ab1fd55075460b,170036
9514a7ab4a2bf31c9cc2ed44fcbcb4684a26a450,170036
88453605b6545b00c7f9b45396f53d2e4576b29a,170008
7dfcfc5332b7e9b9a603cae1f6712b004badd3b4,170008
a8f73faadcd4b0107a1a983c705b24344727718e,170008
d5c2f715477204b6a022c6aadf39f2ab196645ee,169952
59e52467f8a4dfbee1ca299dbca959ab6615c20e,169904
d0044a897c09aa1a1bd152787fa25601392b4bf0,169904
26aa23a76f9f04837b141c25b82a9b88c7d56b35,169904
4d1788d2022b0358d750cd29ffd7250bba7b73ed,169832
0f80a15ee7ba222e962a818e111bdbcc159ac0f9,169832
33c2d5ee9d43f4651d3082477d3cd77bdf984f15,169824
db79fb4b766b2d25289efc2f2e44db3bae8f1607,169824
2334ea571cb1c5c5bf0b607b1ae59f22db64991f,169824
d827fab7a3a274719152c3cb8f608e1d4837b5a6,169824
1c5f141d4cfe012b5262177c96625a8a92221c6f,169824
4dd018f562d8f30e1c9aecada94f96d418c3850a,169824
018a22c255fc5d0b296f357e17238c7783459a19,169824
72d27e11c1f83372b550d1ddacdf74c8bfd63e4b,169824
0e106d37c09243a24a07d41f08e1a6115e86dfea,169824
01a591ffe5646498058171e601d5836cbba05b01,169824
a53788a2f5224914e940942fe5f796bf6fd40497,169824
f351c34be9d3733b3ca35db2d127df949d6b1bb9,169824
fa08cb7a70766aef18aa8cd4e22ecca5dd1149ce,169824
4d0f4bb8198cfed458807e2e88521c814f9871b7,169848
f5563db5ccf3bceb614a16ef405404a0ad2560fe,169848
921bf5e9b012e5ea4a6418d57b4338d8989866d3,169848
ef17c249d5f8fb97da12154f70a435096161a0e8,169848
e116bc8023c9e951ad7f004e7a6f4f81a8688f64,169848
052871e83c40183a62e5bef7fdc40171b8a88a96,169848
07cd87b779dafab9987a42b652a9f36d6071e56e,169848
4586da20524fb28df5573505db63ab5f2326930e,169892
ccdb9ffd09fcbab6b036825cde5d6ef2c7675073,169892
f38c4c0207631ae835610d175948e74b0785ca68,170044
baa5e2dd2456bf61256a58db0b2fa80c70a415fc,170048
a42a9629ff0792054500de4d0c9e5b1f86b3b5c0,
61f452932cca099584f44a61e14c538ed65abc39,170044
08c93a9b766aad32a948397a59377035edb2276f,170044
64c14c32001ec14762ee81fcb556b87ae7d53475,170048
53d49742fa059b083ade800a64e6ceae818c0f6c,170048
79a483999c36f25be1578e711d1cb3ee5b82800b,170048
210ecd2048e5bb7fdff53c80af1f95636e710a4d,170048
494dc19892af7b43a6563ea8bcd4aedf295b1c33,170048
a3ec727a130266198e3f66a0fcfa9a411b59e6cd,172936
241ca92e2370b5d5b5efe91597b1bfcea8d070ed,173040
78e224c9831e3510fc585d73615a35b32058ebf1,173040
d31ff88a9d1e4603b07dfdb3aab6ddcaba19fd34,170048
876042176370dd5087c5f2c9055c8aab5ec9c4e6,170048
51a061780ca165fa5e2093748f91601e211da40e,170020
78a3a6812775d86ad1b45b38f22c2bf31ef10a03,173040
4d9d1f35fb9255c7bcebf6cf17aba4c2f78b4ad6,170020
03ace308b55dce3592cb3308cebc400c136d3fc3,173040
fb45198376d011f2fd902d57fdccb68b6ae0f2e8,170140
90d39d03fb675c9dc8ad350671e6d581b168de93,172936
1a5916de149cc02f4c15133f2f38499890ea4b63,173040
3f346cde1eca67ad528b4d68950f2692852943da,173040
038c484b1e8ac42c0959c8fbd065218514c417d4,173040
be5718f39e8b4eca7a29df161d16d2e814bf8d1b,172852
a60d009527829d350d73e5561c31ffb0672f5b6b,172136
366b865de0e00974ac3e3aff59e09ea39af7fc49,172160
65c1eeefbd5f6a49a23270ef0f169f9a99ad431d,172004
27c9c7f4e91b538c6d2f3065a4ea04fed8883adc,171776
5d847aa995e13f218d57b95a6ef052769dc96037,171956
2b7b9e0627d94c2c84e9c3e44a376dd1387032f6,171928
041857669b6189076e1d382a96968349890ff4fb,171936
c1a18bcd0b4b5adfc3fd244f8a042c009027c9a3,173040
be960f28b239cbbae0f8e4c2a5b5113676f17d43,173040
e2b9143d0316397f38604a3fbf96c0ae6744f57e,172852
5fdb4c283f5f558bb4c2131de056934370cb66c0,172136
12e888bf183d62e4027f9243a718115d124770cd,172160
726f029affd27413c41df7f79f810338c4dcf25e,172004
8bbdf9f6b757001fcf4811ce29a2b0f2b74aeeec,171776
25ccd5bc68d1dbe35642fe6b02ef538aed1cd810,171956
b1b298604654253e98348367c15cc2dd0ff306b5,171928
70fcf1f27accb3b3850cb9692e51c793d05e4abe,171936
cf0dba3c14bf4da5948502324f9461be83f822ee,171936
56b8cf548972aa73a402fd008084b21b7ee03738,171928
f1a78f1977f9df2ed3bf6b5ff87613d234069ca7,171956
eb08bae192a7d89029cee707c92a6fa39412995b,171776
5201e3af1f42d3b50a02240084683593f769c096,172004
799b627e2304428cd99e81b1e6a12650fd7b5396,172160
dd322dffe126a188e7e3a4038361b636ea5c6671,172136
58f533cb07d9b1c26a5b4044d748a50e55441624,172852
5908f244cfebcb908fee20a3d1599c70fab4f610,171936
6e6bdb0e7e216f41c624f4366331005d366f4a9b,171936
e17e4da327f4dbff594a561b2fdf43c950565ee7,171936
a8e5372935e5f59e660cb6c96fe7b403532b1d3b,171936
3dff7b135b48efa37a3cdf3acb653d27090a0ce5,172064
3ab93aefc29681370e12f3238dfda3cadbcdf63a,172092
243d775b02658bcb36fd5b965c3db517954f2ab0,172092
3c5f49f7efa280c4a9c975aafe357515ab13843f,171936
6859f57dfa0fff988c24ac1b084f3545b0c53f79,171936
bdfb7928b76888720bbaf47dc41e1eb075ec0f3d,172092
b7ca154bba1e8b7315f1af157064480f215400dd,172092
2b430724e0130214b1e84b8bdd602ec647551cd4,172092
07938caecb3d0ed557fce5c25f65f419d3d5f37a,172092
3bff5b39b5760b6591cb4670d3e4ac71958748ab,172092
95883860eedc3255a5d42e2f88d47962c1625437,172216
121e3787699ab77a0e30270439b8609d294037c9,172216
219b3cd82a42c8904f3607d9b661b152901256c5,172216
32c00cc609c2d18414ed7385eaefc709332e0172,172216
6cee08eea2ac7c76a6f56c5aa2d5c34c317be795,172216
c3f79479e9a9adf01f9b9a0903bbbd84962317b3,172216
7fe0e06e270a7dddba647910d3c14f1af2c8f007,172216
434d5999cd80769586461926febd7583a268ded7,172228
1473c4ba649fd38d07731c6104f66bf43b083d38,172264
21d98ad2a53bb57a40eceba604471b45c944caad,172244
fbaf8ffd113de790b88e703f03d1a54a92350936,172744
8790254b762a54b34eb2ec0f69a8c2cc870f4dd1,172536
c6290e6ad3b311b1e6e4f8deccaaa1a0a74faaeb,172536
53646fb7197a7d926a1f7d37b65985a0abff3a76,172244
6483b73f348facca17fd913477affbfe210f9e63,172744
4cc9853c0438c9f9f8508727653e567b8314e87a,172536
38f25703a1f5ec0541c44c758e157ad5f3f47b6a,172536
f5f62020f6c06620a96e2c2ae74af0525b7e7a0b,172536
47b2a3dbf07b43e50d3fef96f6683472262d7314,172536
96ffaec1602217c23df270b1fb68322d3b8bda15,172584
35350e1f14e0a5195be448cba738e217264c87ed,172604
49ce606fbcfa204169108353d982f145654eede0,172572
b2afab98545d7f6d72d2eb983f801777b09ce9fd,172572
8879002764f8415a31be28bdee43e4dd7c7709db,172572
e6527bba680ee096fffc2db80a0eb4c53f284071,172572
f24e06dfe49c2aec8c2c01c1e40b88c26b9428fc,172572
00f1fbc598a8306c0319066a1672263e08a10934,172572
0a39528a36feaeb4d558d0ab58f7ca6a5bea9d99,172576
fc04c7b3674b94c52ee5369a0db577ba7f63e330,172572
c9e76bd8034dfc5db6737c87062d0f57a778c905,173956
521fb493325a91a6590357eaaa98b3ebb2d35dac,172576
15d16705c28179d68d425e81fccb15c07ef2674c,172636
65e4a6dd0bc356aecb22d3e48dc2d822e37bafe8,173956
d7a9ecc5778664d417e5a7aa548198c98961d3b9,173956
11b9a001f1c873d48758741c4a049baa8fdda8b4,173956
5ca759b099b7147a2bc6eb9e437e82dce93baa65,173956
41aea2c8975b46da5a7a319b0f930fb00235172b,173956
491fc1ca5280a7dbddd0679c884d44069851cf2f,173956
cbf11949406b9d2b7cb98b9e4a9c8495825e8a16,174000
2c68ca892db4ef7779a9a8d3398cc9f7c77276cf,174000
2b06f38bd4df011c52fb53e8c30a3748ecf693d9,174000
583bb7c3b6a9f798d36e6ab6e26931e37325394b,174000
7051e70cc9e42628ed22c5a5fb06c4942116cb51,174008
0a2e146254fbf262df61436bccdb301fe1b22a40,174008
bed9ab71f1fa6b83c9aac216a48c37bc9b518ed5,174032
29e394ce058809732e67b466d3b37e3ad53bfbea,174008
7de4629f01883fc1765f6cdff4dca67871ba961d,174032
52447b38adfa73c97fe5c9cce7aa710cff40883b,174032
443ddd735032843c3bf2e2435edb881c7aa47415,174036
33a1ad4550eaec50d3003d449ebdeab8ce1bc5c9,174036
aceaad450ca432b14000933fa12a42d1019115be,174056
de2785879c4f803da412549d2502e8fc3ff5399d,174036
4d6d172405b55807e492ca3c2c325a36d5120807,174068
b7cc5634992f5bf9f4336827aaddf31a2ce735bf,174088
2f52c34ada876fa9574b6766bd49fee27187377e,174092
156671a6797d5194364de01d35200f5a3be1f498,174068
fa7aac2ee2a49d6b5b5b24a625fc25abcb26fdf1,174092
4d7a2755412fad0eff6a8bfc4c2795d130d12de8,174088
6aba86725449f8f8f05d1eda0c54b216582aef81,174088
d73f687ce49d841b6f915624bf9b6e5d8527c96b,174096
039b7fea64718a1354f4a676e2bea2545a73e89f,174096
eceb3825f8fbbd2e3f75c0c1a9455b8b95eac590,174096
30704fd34aa0ad601cddae781d119cd4749cfb63,174096
9301d63024178c718f08c2faa9c489812ef439bb,174096
a869ec08afd2188da564fc9ea870877c5f5e71f1,174096
abe2e3e9ed6d192c563334a0fb464e9a54b4c23e,174096
d9d08be30350e4974c5af63594d1b6110fc2fb58,174096
d0d18c84768f60d332936923a1037d0c1c8b295b,174096
58e882ebd76f9fc197c74220375ef089c90e6349,174096
82b33ac07fe701549c80137e91a2796042719322,174096
ad4a528357fd69520bf6425500a2161a593ca96b,174096
3434c2bf794c195f28c69aa45ff8d8443ab94fef,174136
65191f4a8180e1fc800530b54a0f9c452519b16d,174136
5c6ee94cd991f1499d54ebc0fb8f4bbd19f6d461,174128
cf8b316f0f7f695f02da39aceeee058be36dbfba,174152
b5486d569de6a6b30818070d4c60e107f3f9630b,174152
796d2499bba97003a778f10334475f5a80bbcca8,174164
daf5146a0e11b3cb464389a9f06f9300a6013a21,174164
5536d9046a1aefa4070c617780c024ef15bd7c6c,174180
774db0c173806f4c2ee092ab7de4afc00c259b4f,180036
776001a0a170db1653c71953ef3953610fcec07a,181504
58ec000ee2943b3111d337333b7ccfff4de96089,177408
8c73f8d6c1291b3059dd2c6124b8068e1e2f6c72,178864
9443437f44cf912cd1507e4b20fa967fa7320a8b,178864
0fe1d6d44d30ea9d6878a07efaea9c4d660c95e5,177408
84e792bef628c0da31abf6e55e11aa02a461ff0e,180176
dc37539b7fe1ea90c07a00c077860048d248269f,180176
bd3cbf4ca47079f91b9c628b2fbd97cdb64e8bf9,178864
608ccc7ba11d75bda05ddbcb1ada4bd531e5ce3d,179044
d83a2253881f231b3b62c65e2662f197cb299972,179044
fca88cde1ce39269b9b75dae7777b0ce4cc78fc3,180352
4d46b382677cfc977530ba51db6072ed46633f6c,180352
f913c94c04784d56f870bd09a38a8cdffe7a04ca,180352
32d465ff9f6968a4987a4531e56c5e4dd774f730,180540
58586632c414c5e6a19ed5fec4e06d55f0809566,180612
7bef994c83deede395c2ff05eff12cc125a9cd91,180632
4e6067870057bf35fe15e36c84b4261fbdfedd28,180880
14d5d1aa5119ab8b79c65729044cbb2083e66165,180756
1468b581582431cb3ae67cb8488bb58ae8752210,180740
f236feb61db22a2c2a2674cf8d443b4ac27932c5,180764
faf4787864e50e79aba44c675d5f2660dddbf8ed,180916
db0dc229033d7e21f3b1b5a5a3175f74161b5f0a,180916
b27e1a6468e7323397d5b940a2a3e539b1fae6f6,180740
07496a577bc047da4e5a0944d27e5f5a77b9973b,180764
7abe3cf0c5cf3bfd69791a90b711347a53356d32,180916
3c27746277f4c7662e42e2d7c2d19401c50f8272,180916
4aa573df36aa833bc439caf8ae006b8ab4f1ee88,181008
1235b35f148900db131bf946e54a383d2fca6460,180924
450ab1516ab1c476f31078602bce26eb3af8279d,180896
2bcf69e8df5cae1b1980c31d48e32797d09510a4,180920
01e5776a20904448a42e9b9cb3288572699d63de,180924
97b45f98257c2eb16ea94c84bba13090c04c4993,180924
c5a1d621fcc20a58e8b8c9238b129e9d4b174d47,180924
65a54b226a7571e7c927940da37c813cc598c6f4,180924
7e7f3b215783f1b88a21853027c2259c9f385e71,180924
413a05459eb7bb69482a320d34a193cbd6a32174,180924
7f0a4a5e2ac9ef9eafda573cfa266898f04206fe,180924
03fcecaf8631be07a3f5b1a066dfe6d07ffdffe8,180924
777fc107d36a372654d705f23e78cca5c6ba7821,180924
a42ce2a1955f17fb04d5ee02ed8cff0749f509bd,181188
e7956e808bf904f1e6d111b13f3884c5152d8df5,181200
d82175c9513eb227f2dbe465fc702daf040ca80a,181272
a319fdd52abe92923400cb826766e0d08d7b5b9a,181272
8f85d1e24b5fa92583439630fbe9bacc31a7f2be,181324
a4a85dd34adfcb419d4fefc40a8232da2defe710,181324
6df7f605bef4740be14224dac021be89f8bda8f4,181324
c20ed8d01b742a01cd43b255df3ab76c799f806a,181324
323a8919e051e467fc94b23b60f019026b7536d8,181344
37ad79674de6659a050e80c78067cc420f962f2e,181292
498ca2c5e5d324c14e78d37d7cd4bc32acdc5aa6,181308
a2b2e44eea37ee994204b662302134c5e4bcfb73,181332
25917c3cf2b1fbf0001d3f487c1541b0db8cebcf,182376
3e0173ac91c52a35cb13ee98dad7ec37905584c8,181308
9d257771ba727b8036c07515b0bf9b3bdaf757fc,181308
51bdd097e1a5b4d8152cb5a11f9e002e8654b68b,181308
98fa91c33d72dfe834af734e18e4a22679a1bc7e,181356
b5aa3e6c0730e77478a0aa278d0b92db14cc79b7,181356
1641df5c0cd2e22f14db3fec1a4995a1d4bf1b38,182144
102accb0c2111557f7d666bdc7713c87039f7e96,182152
4e75c70b2e5d29cec1b94b821683c358b7b449d7,182128
f4e3f509783be5e1afb8bc51cc55efad7552623d,182152
b08781f0983b235c21961e5fdccb7eafea6db061,182152
e6cdb563168d1b414910888216785aae8a096e78,182156
7a24497d8fea56140b7a6ab50f0f72301c392188,182156
d0c46d2209b0f14d255f15140c055accef79b9b5,182156
9eb034f7aaa952fba60f457b756372b6cc266f99,182148
a555e29495cd80cc7b7f2a31cd02f3d5a24ba3d9,182148
aaebd2958ef6df05046abb3383edea667b104e91,182148
2a3669d768d774ac9200aa1d1e0764d516e71b58,182148
fd38182e7755185dda576bb1e28401172d77853e,182148
826fd7aa2a03c129bfe390c4849b0e4ec25dd26e,182148
d717a7a14fc50bde306bf316fadb79741a6f4e70,182148
930dccf7090dc98370ef76b376a75e6a337ebf29,182148
7e861564b638713534bc2bbb6f4d7d98eb41023f,182148
baeae9719bcd6bca3b08f4ce970dd4f5d20bd829,182148
2926e15f263659b418a4854880ce4a814a3b9575,182148
ecac4a3b0f85ff25621085859b92b722f86350c9,182148
e934075df41760e0064d0413174f659d8b86ed81,182148
d8300dd8ac2a941ad944c1e9eb780aec48ec5b2b,182184
9d4a3a5145eaebc9606e141a67aa4a364f1f4b5e,182184
639aa5bce6f03900000477bb86a89bdaf6c58c1e,182184
f585cadd991b4997a33c4d4e7fc462eb56d5fe7c,182184
1d2b4956bb86795ee02a6b2aa2c3d416b442d00d,182184
6c03c1caf6c5456df158c697470e028d5b84286c,182184
126bbda90ed211d329dc8f31f608ad76f776f4c8,182688
f8bdc6512e54951bc0fabe16aba2116e90803735,182688
92c9c17252e15eb69d8a4556f0ba0b22d41ec026,182688
1016817cf3c4eec40793d752db059f2969c077c1,182688
2533f3fca17171bdc331c556ab7985663b125953,182688
d9b66323a423a2eedcf7322b6bcded9caf29b048,182696
8df4fc03635e3a940e7b11515479b4cceea8383a,182796
17ad508ae7093cf165bec15fd1dff2e7acc38b65,182796
e6d7e80f7479e9e974b4e4c03428039a87082ffa,182796
af6c48995a57322bac485f64795d2f3b5b1e25b4,182796
c4599bcd4c3eae0f9657a83c89c01770f73cd813,182796
e760080a9c9d4b6070ca771ad3a9c8d5021c9d7c,182796
e656686800bc5f994437966fd934dcbf5d7a38da,182856
0de3ba3adb94d0a91a5420cacdf32eb0d2881305,183100
b8a6c992d3e8f2fb24d268b85f419a9f5a7483e8,183596
44c16e0a57d7a8ce545df50aefebe63e27537176,182796
6c57035eb531bdc1f21c801c414657c255c61bea,182796
7a92b5b4f3d4f728481ac5868b2fab0b16976252,182796
693db8722ed14455f702e308635549b8769d711f,182796
36de1ca6bffed5a99d2342bcd55a2c4d03e96430,182796
13caf45d8e90c521e23bc983cf781d2c07c7278c,182812
af4a1d789cb28ca79e0d86251b041b730239ba9a,182812
fe582c57c02d68e9933079f8c90fb67d48e3360f,182904
e97c160dfcf8e4c99d9c1c3a812bb5ce83c0b427,182904
ad5fd6e72abe72a7485e57149b39466dd848e3e7,182880
40c8bcfc82b0eab6a353d0a89be3af817a73886e,182904
b5fd0022c7aa9f5aa3ab9d531e5055b2ba976fc8,182904
0602b0e71f01f982958d93296d1f86fa3d0429da,182904
3f0042f988127a2d88031f920b7f9c943c301f61,182804
55e7d761e248547bff7b1bb6625955e1108445c8,182984
cb7907c4dad7dd0a00db0e0cec35d4f5760c87d4,182984
11ea2f44379b87219c2934897f0be4e7eb90edfd,182936
e82dd6a2be4e378ab0b1ee7e3b2643fe654de4a9,182956
a21283c6774cc388a60efdd824273b6fd2dc3921,182956
5aa105876bda52d19dbd9047d2528b42ad06eff1,182956
59c618e536c5f3ed83ace7f6dd4ab0634a9eb208,182948
ac69623885375059a569b6c7ae4534320678b43d,182960
51cb0875c1b713856f90dbdf07a59fbf67dcc490,182960
6ae7a6ce21be6bfcccbf6b007cdbf1bb18341b90,182960
a23709460d87b034446ec9721fb150bc31a488db,182776
e6d22fce2872cbcd60b774b239d6346985724fc8,182948
bae59c0d094aa423f14935769b9cb7b5441342d7,182948
7ca4742d47c091103946aeb5227abc6a56976d5d,182776
f73d751b9067f38546e3721eeff5961b02409855,182776
63f0e0167196c73c28fffbdd561eea6e37fba9db,182960
f1ba7bc9c813c5fa805b01602800e46ee87850af,182960
28cad090739e8a6cccbdfe2e2e9662df313c338a,182788
be6379e455e0d5addb092ec51e65aa1b802ff1ca,182788
178f280bcd332b1b4f210cc91a4f2025281a77a6,182788
624d80afd3e4a757a2908819f33f5f1393fc15a0,182960
d82cd62a29dfb981178e992aef313256f26d4fdd,182960
92abf65dc7dc69b841ce8135d54a3b384a7b363d,182788
9a5209831b7e00fd3fd945a478817890792d645f,182788
f48667ab216bfb8260f489fbabe3f44d797eafac,182788
a0e259096b9739fe210c42eb2b803a0ed4e3974c,182788
4f435793ef37ce5c558b279d6d7e0ebaca0a37fc,182788
92329ffe35d34247c11815a5705bd30014decaf3,182788
f40ef7aef1e9f2a444a72d04069f11925d0ced80,182944
7b379ad9afc57b84780ab962f5f1c3ac3e62718c,182944
6293944294fcf445adb977bb4c4fe7fa8e464971,182944
d3a4e4c4b09d98dfd7da5f787b3266788c92ed7a,182960
3399e5c8785ce6a75da7197b51123bd5a489878c,182960
b9bad7646d55c192c9e40c32e6bc39b0f8a4fe4b,182960
abd5cf8bc9595e4bf6df6f6b2cc72f610f61e912,182960
04f7c7dfe630c8b62a1bd725a7633580bab5b68a,182996
28399427cbb2e0af3ecb2d7f79e4ef2eb3d148a5,183192
b149b0d50400503d3aa42d2f289d7e4f1f35f8c5,183032
d6a8344c5968f07d40fb24188b1ecbdc8bb5c734,183024
b0958832f3b7123caa3cf965bc0ec51d02f060bd,182976
7afcf42a715b814d8234ffc08b1e51c9ebe8a4d2,182976
b0fda86bf7ed94dee8bd962f8e52649cf5d1e7d0,183020
f04c4d793913a8c58be6c621f597659a6e71c2fd,182976
6448fdf401e2579cd5ad6252d6a1f10ed784c021,182976
a611f9e9bead1b2030fd4467b8a13d373a3cd0ef,183004
8e2457e03bb1596d0eeb69f538eb95ef7cfe9262,183004
f9dad5f2e5488a42f5ad2da80c2ba6afca2f5a5d,182980
5286e5c95cbd2b8191d2885c057f806579902437,182940
6c3233644057a5b31cd5e68666484de0db87a643,182936
ce1c8a6b9f85c654d93a16f154959b0b7137f0a9,182936
ddbd4292b4e0dcffa3d76fba4f5a4d65c31ac3c7,182936
c1156e09ca3cf5cbfe82501b0fc4bbc8e32bd86b,182936
f620915031c90bf4ee4b415fbec5c67919a5dcb3,182936
e3e5e18e40a4ad4946ea63f8c04a16e9024933f2,183024
2e4b36a8b03bc880f3acaf6a1fa2dabef816db31,183024
2c52d75fd125908f05f17094b9166db5b06a2f4f,183044
91e764be93b19e0300b990a96c5ef2b6bac7ab08,183032
feb1fd9bc0d351d88362234ebc12be4b0510c32e,183032
68bd943e16d3d90255397e512abc229665c954b0,183032
bd5bdd1b53dc59e7077d1f7c9c245a741ce6a2d3,183032
02c8666862c562a6d87bd9683bf10da740e56d66,182960
06ca715bcb9c926a2b6f0001237301134ae6160c,183032
45508f4884cc4cccff3ef437d40257dcef4e8bc7,183132
40e7de47f65bc6f0eee26cfb1028242c03ac367b,183032
3d890bd819f3c453dda8ee3c79c2a5549da1d35b,183032
ff6432631717625b24a800728a7cfbbc3994f8ef,183032
19672e8bd369a6741982b915e3132c18c11b2b22,183032
bd0a5d1d61849190d6d7101831c16d9ddf521645,183032
39b3dc3dc5eb7df6e4402b4537fd9185e2080923,183032
eb2875a108ddb92c631bd2433e904c468015e322,183032
24d7d60deb9227470c7711185ee98a108e9dedd8,183124
3008662663e980afe70cb20938843decaba56548,183028
5e2f24f8284c85117e7b4694c7bccd76b0d9c1ba,183020
3ea3b743fdc53bdf58c3c14ce3375e8e02326fc8,183024
3bbecef9ab9710178d90a5ee878cd041db21a93f,183024
63d2678c1ad40ec4e4c30d714cca580e77d1b9fa,183024
17f0befd167d854fc550ac7e4dfb39fa6ee00e52,183024
0c338b199750f4934cce5278ea4d2c4e9eff2488,183024
9e82e0690de110eeffda4efdcfe911c894b8ff04,183024
add031dc9ecb56dd57870b965ad2bff7fa43c2aa,183132
5d4e53c2e99856cbd3f47b3992c0b7670d12c1e0,183132
5936165aa3939c46b8759e71323a3b2999f5ccad,183132
9fb13a122e08b664898bfc6869b2981ac326d791,183132
35e408453bd4f57048c992f2af7ec2b4edf66032,183132
e2ff4dd2dfe671901d06a2ea303a8626e9358284,183132
d4bac0332962e414cd589903dc54db0215894a86,183132
7d5056d57b5c0d0a8e3d787cfa05160a216881a2,183132
5db8c9debf2327be2653aee7031e0640e2e17f2d,183132
b2ff3acdf2ca326a8c813a573b8e97ea8e6f7f1a,183132
33015f49cc5823f371c2f1dee804d23195789902,183132
16812bf65166118cf73d45db95912474d125ec88,183132
7f41a247fde0ff1cd5976d139177486b1f42a9f6,183132
721c8b6136c3362aafede3044da9a92155b0c7d6,183132
037df602c3f939055fc7aa60bb1075ae342080af,183132
8c30b419170fdef17729577d0d2013b2145a0b4a,183132
6c930114682750eb94ac7b45ad5284febd43dcb1,183132
ebdff78784590ebb29d1403413db1d4d36f2a989,183132
00bb05676d38fdc7f25900f6c8d7903f1a204842,183132
64ff856dfc1d8bc707bf60f29ff4ca84a05ae564,183132
65ae4fc788f997c7854708aa3b064ca7e8721a0f,183132
701ae6ae5bb38e100f21438c30ed2d1987c96d5f,183132
f20c99764f65d39a030f6f5eda0bc63c68e133c9,183132
21b6c2f8f08374e04d0cbe8016973834f56e1c86,183132
d9ebf556d5bb6cd1fc84ffdee1b8e1661eabbcb3,183132
6e553aa60526b9dbee65602421c7a7eaab908f10,183132
7065836adb8b2ec14e3e72850909d1501a174dfc,183132
be1cf6f1e68cfd6cafc6c3c8670e813be14a2e27,183248
ef6f7ffaa45e0b4b5c026c5fadc8322d417d6fd8,183248
eca21e1e5e51236262484b5a4a4eacf18e8b59b9,183248
7ea4ae71962e6bf68aea9bc733023457b05dda7a,183248
ec8dfcea8b2cabde247f1329d08c7deff5808110,183072
7ef28dc4c3fe11744ac2ba02ca33d284329924d8,183072
4741707fb19f299c6fd5b3a7b34c614f62689ddf,183072
15441a64b1a35b690ab4681b37958eb0ed123ce1,183072
bb706702990fd4bed4209e8508f8c77d39c28a87,183072
75a4babe0844b61182ae6578e82f4f951f4aaaca,183072
d7c172c81e90505d257170bac0908ddc502f2344,183072
2b376e9c48d98f8c6e14faafbf5b5afa00d121b1,183072
b4f5f5b2541d2bbdd2d0e943389691023e379e6d,183072
c14c88a645cf8c64979986782ed949e8b8d05300,183240
e487e17baa2da3f4f67b4c0c72eb56ae4dc86888,183144
239a78119f3b4163ae8bac200b54efbbc031faf3,183136
d8d71f55f11f7dde5c8423d002e1c5935f7d90be,183140
4b56a603201e741c85924735b86d5d57b1601601,183140
8500fa5ad0da1c07bbf52efb03402604a591eb14,183140
1d1365b3145fd10960cbdcb7a97ff01ee297292b,183140
c9c21eca38fa74c3cbbb28e16b76034192b2d1ce,183140
40d54ca258f16b3234b5909bb264fd258caa4600,183140
6ad5f9cc59a209cfd3aae5dff115cee990a873c9,183140
dcf389187a639cf533c51094c29fc6cd7378b946,183168
4dc576f5b56b12b1d86717e239ca90323160f036,183288
77aa6e043170728e1552d2c61839cd0cbf0b3b3a,183232
ffa542e8db58fd4db112ea609e3f97044d37c13f,183300
0cdd7bf0d7acf054b722bcdfb418e15dd7b63f92,183212
f28efcec1dc04bd94b0ffd8625944f12533b6d68,183172
38d168e449c0f717deeb503f1f4c871a80ffa38f,183404
d7f71f9d37b0f9f20d66215b3754d1d17c0a46eb,183316
22fa5f45d47e3e8a531bdb79cfeabc76d57b1053,183168
9b89eaeb807c914a044d62ac8e55dbb97e2cff37,183168
c46ed7d33232bacdbbfa6edcc818743824d45a84,182992
c9d0673f80028768227bb16ef5cd1aa875a7cbca,182992
663178fb9f8f07916ab0a81b8c09a79c99c52879,182992
63258daf045f05544f84e757b4dc6a30be9e5311,182992
1686d86e298c1a57c5ed36d542c133d10c5f1b2e,182992
193c322a583971d73a6ebb5d242f14106584ea33,182992
7de34768dcac5d84fbbcdbd0eab37056124c06b8,182992
2ea60ff6fd5c4efc44ef953bb5b9b72f4683d60b,182992
8098a4ed0053edacbc462c5344b1f98063457a24,182992
4ba56ea78ac4c84b38b5bf9df54c1d6257928ebd,184756
9c65f5b6226552dfba9e7a5ff3ba571d115f75b0,184756
c7a80f934cea5fcfe02c1be6871887687542aad7,183168
8e0644e2da3fb1ab5a7bb8e981726bc64f3b7434,183168
0ff5b85644b7e74f8d7fea0dc027e4e9756baf6a,182992
2e86c9b7bdf689445a68a9083c77c8ac4e905885,182992
63324a3f29cd16a3af67ac762cfe6a2b8833664f,182992
35a5372c5a187861ba82ddf19faf07c4fbc10d7d,182992
c02bdc873b81605f95f6c3f3c84962b352c130fe,182992
2db05e00844a26138ed33f7a80231b2b5cba1719,183168
98b2df5a00ac75ff28179fbced9b662ceaefda43,183168
5da2af2079a3a52a6d9341cc364406b36c19632d,182992
9e9d454902b017757484a6dde893cd6db7189d6f,183168
d0cbc590adc6fc25a672fa2b5af6dc5d30e97109,182992
073259cbbca10f3f4ab3b5f68991cfa7d39854a6,183168
115b56c68da0f802ec053e62cab642df5bb47fc4,182992
94725ce70f8516aee1ccdaa67386693df16b132e,182992
a290d45641cc4e6dae5b2833bd6bd2f80b211cf9,182992
8023c2e5a602d3e078bb42802bee65dd25186701,182992
6ddbc2b6f98cf0633aa012c7f6ff058698b4a9c4,182992
cb7bbff3e58698812d55c83c4fca7875892ded74,184756
97f65b16d0874f1c5c6e7406bd3775cacc88317f,182992
acef7fdf720a56f861e7e79e4dc2e04fbce21746,184756
489660144d022c296642171656a9af10ddd441cc,182992
29c7545ebf14fcdaf8f40b8cbcade19c58dae054,182992
2171f122b7583e9325b3c83128623a92292b1144,182992
eae3f38b00c1ba62ddeef3ecb26851b76e553f42,182992
d1c65619caa5766cced5aa8a1e4d87ad1cfdbf9e,182992
82a3b5d15b7996a6874e93ff06fb466346453c5e,184756
f38cb08dfb2033e1ff4caa320a73d31d4fc4411a,184756
0851621c23774216992381e1c9f9b1cf9512e86c,183168
96cf363e20df60a9e73e2d17ea5e1038b3916f37,183168
07e56d1e32daf15335178c275e6ba8092e4b80d1,183168
000e610bd11a51f67d1d27eab71be897ffea9adb,183168
2c0c22c699c23799898f0620e5fad91b101a0a68,183168
c556d1df1e41652f61c2261fb34984a1f9e28bae,183168
dadb8c9fa2190ff28c3ff72b80d7089d8630f298,183232
c6b7abe1813b2cb98416a45bb1b065298e0e1065,183092
91d795e3aeb2938d1fc23b15e104cb5f7be7716e,183092
f342ee28b56c4068d41dd7c9cc4ef5a2bfd87e80,183004
5c62c2ae516de6317ceffd4ecaa5baae644ecdec,182936
ac8445d329ad3e8e53dcb301ff95478a0e42c8b7,183288
150423664999e98618ad2fb0c61e7e6e1fd2a8cf,183232
bed0f98d9d54f1db1ded75ff0fae2c8db44c3aab,183092
ad8afe024f358d38b9c738d03a3f993262aa9af2,183092
bc82ee271694e1c97644e1a18d370e1755661e06,183004
0d28aa34c017b13267c6d31063e6d4fc1993f873,182936
4a33ad904ffc4c76e9fd62d404886cc927d52b82,182936
f5ea937320e87a0712a1c14371f6bd45e580796d,182944
0f5a127fdaa5ddd4d774e56fe2145065909b9f16,182944
3a0f6b452fd202da58d48c2b5a27d419e0c1d08a,182928
7dd84a3ac5525b72cf0d18fc8af4d54ce3d89e46,183940
3bd97840c3a27601d6765a850d80cd042cd26531,183740
487a80d2fb7101be2bf0bb641391d793c92a1136,183756
965707d602ae6ae2d0867ced1b10db53bfd29885,183764
988b87d39081c0097fe0e0f20495793789991616,183780
c61e1e9f69ff8739de051f217a9b73aa9596ca50,183820
9fb033d1c5f3ccc1e21128990a9971e7cd6f9e5b,183820
b0942d02088fca83bc83c0aabbc472b385a6ed02,183944
e2380590425ab891ce9ff857871d35d95122bee8,183920
e41549956b36c178045471a9223e46c8ee5218bd,183912
0618e265233abbb7c3382e207b508a3350166684,183988
ed0d562d7b9ea50f852f073d013f11140a00723d,183988
a1a0637bc7d78017ba1afc6dd0ec10b7dba3b867,183988
2b0d98d2e2a122463ac89ef9ab96146dfc92bcbe,183872
1f5894728d55fd3120cf3fdab5c631d54e4dcbb7,183880
8337ccf0c05a2895f4eb9c372ed9d71a1b7f3916,183640
7853e4d6cbfce1298f4276a48e835c757f86c447,183640
aa0a7a173e3f95c10efe3d66b35fa9c60d44ae8a,183648
7f2a41b526aa76a96c2b8b180311ca244a22e802,183644
d415be062aaed25dc5db027c14477e77c0a3faf3,183468
850974d47910225e9844425d15f9a73ebc5aa3dd,183460
47bac8074ef0985addd920d72a32e1a7a3ce37b0,183468
b2c0c4614d2082f495ad76f6a3f520eb653c8e7a,183468
742a4f62589256db1279b4b88d43745ea7f0c746,183460
b053d5880c5d8b87df6326eedd5725a540384b10,183452
dcc9fa5f42d5bab37ed869db82884a932be1a440,183572
dc089047bbebf1b3095ebf8d7df1e2072fb5404c,183572
f57e76eae0f9ac48436e477a1539c77c5eb2a3d3,183572
aa5712fd44e67f9b00a471c5ee8158896b2a53bc,183576
0a120b8ef62ec4506d52298b77b9c3d2d81b1d6b,183564
a6ef025e5798ca452ac39292a8357e5517e8e34b,183568
1f8b4f5e3b28c102cdb534dc532abaa9f3636caf,183568
417bf068b8e68f54e53e2613ad54ab1acd7585f6,183568
c5de59c1a603beb7df47cdbe4f711af156c66a3c,183568
296ee98c320d3a5008f3bb1544420cc75977293d,183568
80ce0c7c19df5a5fc97242c817bb37de75de4e16,183564
b292993a8b416c1e2e4384d98349faef865128d5,183588
dbdf6e7eaa60fba6f93579ae707aab843cf1dde4,183588
5de60d6580f7e844d8828f943bcc0e9c7b3bb0e3,183560
f65fb2835bf55774db31ee78ae0afad36e13bbe8,183584
aecba33873e7d378ce2d68af4067804588637fe4,183584
d2c1afb94c1ec729a6b46cb9153eacb8666235d0,183584
35a969e99466d1dd6d00b45dedc8ae08374104ba,183584
fb763acbdce8b1c9a4b1748cce721ca992b0d0c4,183584
fd8174f9ece38c69ee0c6e75eb3e0cbd268fd878,183656
cd45df7e9f01ff911f6df69ad1f48082588f32f8,183668
64569b36c0f05f7922624323ff5446320dd105dc,183652
91f95f7359d449ca1d9377b11ff03589c98d8957,183704
943473a4e127d73bb8684680610f1343162987bb,183704
0dc3bd09033d351d1031b2c9ecb92a37939cdef5,183712
4eb3be981cc97aa79b371bd8c467de3d5ceb1007,183708
8cbb11171227de40db6e8e886e90d868cb61b7b2,183708
d99055f468237a270f4596293dbc3d34317457bf,183720
86aee46165c958b2ccd6d6c4c0dc280feeee95ad,183740
f4ae91ca384a340a7c0f8109ca442818d59d4f66,183752
bae0133a7a7e24404d9c870b3fec08f9a459b92e,183688
3af38d6772dbcb4d7882c0e0746d796a56f60d5a,183668
e3321382214c16b410935076ba1216653eb92bce,183648
3a32ca0b7cc4354bcf27d84b27f1d41aace0de4e,183648
1a849616eb4f3b511f57994b5172f45c57f76691,183676
99d4e66abc7bca1eb705608d2cb35c90158584c1,183596
f5fed4dfd79c7389d4156079651802fecf76fe77,183600
9ec79c7937dcd924756b1f748f358093a5989ba2,183696
c87e4af34e28ef73bb26cd1bc6b46b0f305dd113,183584
386f316a46c4c5ae092829eff4babc2262239a11,183656
e21a1188490d0c79c8f0942fb74822d3cb138c18,183636
d37d140262d796cff617a5373f30b0988619ed5b,183568
bafca42c91ab982c0970fcb6ea3f9f5144bc04a3,183560
13d9a85437c220cac52ef600b5ebca0a070f24b7,183664
d5ae996cdef27596cecc67fe97d1080f9de2df22,183644
ddec7756a0e4ae607f5ae029a479a1739c90b58a,183644
c667a2e0ca5d668eb7441ce95922f130ccdbd897,183644
630debc181fd396503937e3234848810a9142879,183636
e3406ae09cce726a6ead8946db92e749382e62fa,183700
e49c3f144525e44a656393abdfa59107823a877b,183704
c6a49ef3821b70b785e5efd7be36ed8684d5ada8,183676
d31db3061a9203b8d97a23e8ba17c3caa5692d93,183668
8dfd10dd7a566f8133cccd89462a0fd89f1ab810,183652
45c42d167900405654d326afd453755b1f84fb3c,183704
51e727539652cab27b1ad5c05ddd2a5b953a3a7c,183704
8cb90bcb3651fbaa7bf0b2ecfacd7465966d6f28,183712
333365af85e37afde3ca41a2426692a8280b8b0e,183708
18b3c65d56ce786b8a04d2827b9c6a761dff97e3,183708
6598e546046e2bcd9d71c7c7f05cb16722b7e3d8,183720
ef83b5dcd469441050d823717a8890aefda644fb,183740
2096a11eef6be0ec4487b30e493df7c743701974,183752
6601a3a0555ed5f578790051ad96106cd1bb6721,183688
98137565d30c6c81260388fd3b42a67ef1e8ee33,183668
583b949fa7d7cefe353dec23f28b83ba594f55d5,183648
288a589551f42e86de3cef840df3916edea86824,183648
1222a5d723210ffb37ccc4d24a3a5c107d8cbf6f,183676
be21749816a598272b3ee34e23dd616d446202c8,183596
5b877f0e904e8711ed3a518487ebf14f9e547ca2,183600
0ba3c7fcd908e07eb9b0fa0e7ae42398b9444681,183724
db1e167a7d0f8b8d751bef9c9c0a56196163142d,183724
94e569cc46550dfd962157fbfe441d07b8f5cf9f,183744
37d9849cac4fa3897b8e11d1d43c43029d353380,183844
d2ac7b3c509242546c1864801d9e81eb707c8cf3,183844
33b1b16dd04719772c746797980e867376f2e346,183844
91c133ed3327c1c83f3be993ff11d049979091d9,183844
bb1bca3df1d2e20ee4d3f6ca4f143420961e6e32,183844
e8f67d571cdd8366c4b7ed6070342fc60be83016,183560
599d3235ee4c2034924a48bc833a55a469629ce6,183560
4a6c3fa6ae53cf6351394dde59540fb1cbf55ae0,183560
42653b8da4560b9918e497be07d0c13e94faa6f2,183560
46724bd6b663c23b9405967cb709c13454e3491c,183632
b4faf9c2df4aae882f15d315c62b66993dfb7fa5,183612
29b6fb2461afd75c89c8e7eb9c232d4cc6a9ed40,183544
a0ff25ed81b622640c13e973a698edb526b023ee,183536
7e4d71118875a6b74b0af13d9b6d820582ef4e1c,183640
e3cd62a450341cd3c944f8bdbecdeb7f46a70ab4,183620
99444064713fce603aefda9e15205f664587e35a,183620
f3c97e4ee84a7535286da4d9fa021b0504e89e38,183620
2a11941968d6110e6d17d0a3143083897bc562b2,183612
d90b3ca26757ec21a418fb08acb56065d610edba,183676
7b0aa7050529bd0d42b5ad253986c97abda90821,183680
49c3c6c3b885587b8f4789d5ac87b0f49a5e287d,183652
cc4b2b298866d897617fd81d54dca6789a0af367,183644
83b784eac46fd3df8aa1127eb3df00321240cb94,183628
17bd16788b7723ce05879ab3b6e81e29aef5ffb6,183680
f91dc5df81bb6679b22d1298a43f2067a52383c2,183680
679518348f84fabaf3789ad58a199f1cfcd01351,183688
e23c0824b8a151e665f14f225b824c13dc6b8a8d,183684
f85b923b1c90127f16571e2beadc0fbaf851ff15,183684
9a32116d2f873aa6f7eef504376cbb8ed1346648,183696
95716497ddf91672e1463baaefd99ce1a4007dd6,183716
7473f7f7fe2c95b429bc8834a9824e0d8599fd87,183728
0f62eb0997153025ed00b55cc4f3846dbcc5b656,183664
b8a907071dc673f4a1f2d36e80ba2aabad6b1267,183644
2548c146e4f8db540c628a0b7abe9c565790d03e,183624
a6b9052284adf5f32f66d248e1a0a37f41dd4cc5,183624
01e25ae07cace9411e39d3af466218669202c91a,183652
2a0359b291dc7ccf1e855a3a433a211e649d8d24,183572
1a4a1d2dff097a9a4a8f332fccf2641b44e99efd,183576
dd48642800622216ac41480e77a3c311c1acb0ab,183700
50c0be74f53be6817fa669c8ddc24247ff827dc3,183700
8e0f6b78e0f41ded1e0d65522b6880f24fe2590f,183720
27af68f04fb8fd828f93eeee980e6e8259f8b6db,183820
c222f3c4e3a70998fb17ed850c35c84e4a88a90d,183820
2faf810a19f700dc4c3d987214779b5fc72f1422,183820
0c28e83c3b28a47191ee51abde5d0b18e948b686,183616
0f3fe2b0662d9087c28eb61642a313eb6ff98b25,183868
77c06528f049db32bbc179d061adf575e0294584,184360
623e2808755f1fdb848d2a5f16fe515226611319,185048
cdfda41230205c7da5751526cbb31e98e93089c9,185048
f8b8c8de1f983b864ea0101d9d6ad46567686c31,185296
dc311ca3f3762d2e8ff75f66fffbd521c542be49,183560
5914c8a3a995721bfe0f65a10723986587e72d74,183616
53370e7f102d9aa008bde82e300af87a2091b737,183868
0346cc675534b7ed2001db8eeb5a9e2f697cf234,184360
506528381f005676c4fd967e2d8d198bd0f55586,185048
0a3b9c4ab3d10917ca65306233ed5cc90f2ab7d6,185048
6a901459c4cd84a5b5ddc7b606a16752e8dfe11c,185296
ff6d3d66cc3ae263375bcbbf6181de82fb5139c8,185320
a1a8ae9c3046c8184b6bcede28b459ed1a8ce3fb,185292
85f4a22e0dfe9b62a87eaa20a7540ff72e596d7c,185292
3e24e57269a24fe4b87296caf93c5f2dc2af48fa,186364
c5796234719346a6a7ef7cfb96913a62fcb7cef4,186048
fcb3f36d80c249eb9e23199950ca75ff3c960e4a,183616
1f0798c267c1c8f74d7989e82e5c1ff09aa5167f,183868
eb9f09a4eab9ad684b8a34891f39f30d966770e4,184360
faa1f8cfd2cfaf77b604dd4481cad458ee3404f4,185048
d1bbbac1fc18a7566576208e777a973672a5c991,185048
58e22444713347f02e3ecb17059f41f8acf9cfdf,185296
d63c778971c020dc70ecb2857fb15b6c174e6c7f,185320
56f99ea22ece666eba3b1d3421104fab9105e608,185292
8949a087b47fcec1a4240320345711fc2f364801,185292
e0fd94bd4ce589838228b72c659f2b458ff6a19e,185284
ec30ff20ea5df42e7b12f6bc681386c7594e525d,185492
6e49c28f84ebe4c5b37a7a4063bb4ffdf39ca62f,185516
8d570b3f84a39d248207a9c71c5ffd406f569fa8,185524
55563a68c9dac24c7f072d7b671f6d07d2cccbc1,186224
66a546c1dd46783e32a0c2deda922a67ff237452,186048
47d88103fb4cc78e2bfc6e32e269079a04533143,183560
616b272e04da843a97fdd956feed5d82cc1bb1ca,183560
9c4cd17159ad6ca7dc1751ae898e726137945cb9,183632
3696d159b96d411a614de393927205a336c56c10,183612
17309a717c2236e74ffb7b95617981520866606b,183544
704d592e4452c9bd86e700147856b3253ed08919,183536
7ca74b2f5585cac9d8d860189dad003bc5581d0c,183640
857093a256581717e8e94438ec75f50d7e6ace6d,183620
688342bf4bee2f92f6d85935eae1f1bfdcae0998,183620
d06baabaa43a7628b3599816726272c4c8977db4,183620
8b26a2ca696efaa0ef4a2873b7e33c012be7457c,183612
2f1ab352da5c78c8b8017e11f0077cb4f08c7673,183676
0279570a7240a89026a09d5a920f7951d3937415,183680
9e1c94ccaa6378aa1ded36f2fbe5df8d09980dc5,183652
47282e1fac14c9ec697e4f4636e2763dde95ec5a,183644
45fbbd2ec453ca6cb70bbab60c7bfba27db089da,183628
70316aa12f3c6fe7c0cc4cf761c89b75c4b29a02,183680
9337f6c3da18a06f5bad67ff483a144d4585736a,183680
be2bb1f0eadf5d28058ed9f02dc338eda9ad949b,183688
37788e951f100908b1526f7652e5b5135fade588,183684
e4c181a279807fddd4826a43df5f2abb77626c91,183684
fab67955cde2eba3bfb4f754a9a1135455cdd473,183696
364aeab745e54acac5a44b40a20798c5403a93fb,183716
528a33da8fda0ade1e051b931e072c6c08571813,183728
4d93299df919913c458fba2f6639bd958e68a383,183664
7fe3fafb4a51a7de0864c014b63e409ab37a2667,183644
679ae373355e3609cd2f5d7153454e8c45d65bf6,183624
c26bb64d6150f7e4024fa9178f9bc109abe9562f,183624
f79ef6be35bdde5433da79d462082553ddf7910b,183652
04c3d7a99de9bb454ae25110c65d03fab5902023,183572
0c51ad630797acf94e162ee52e0c63e8b3b9cf3b,183576
defb0b14f7131bc89e3c55be52d0eab2769d1dbd,183700
20fde5e0d5c4cf57cf8e61281468fc86d444284f,183700
0337d1e37490f79b70c46532754d00a5f5afd9bb,183720
59e231d64d99e20d9b6b5048bd5ca4a67459b6e0,183820
2ef791e1093537cb6c88f1fbc0e9cfd712e83a65,183820
6880321df4253b0ce92eb4f60bc40fe37bfa51fa,183820
20a04059c14f6df52708232d2f414ecba2e79634,183816
0b9d9b47a41b5a032917a0aba39f3f0a4cfa6aeb,183816
8a33bd028635053d82ba25696681ad9c07364d94,183816
b4f3815324b149195202b3d3f0bd7d8d028cc836,183816
982ea12f8016f6e1d168d83ee5742da4e555a72c,183776
896b1bd02d6ba3954de1e9245acd6ba41cf2d9dd,183824
224f6091ee66f6b7a02e65e978b632c7ce3dc3aa,183824
0cf784b9a74775a5bc5e4b34beb5444d61f7f7db,183824
62ce4ec8a874b27dfb9d4ef5a2e3ed589cebe2de,183852
78ecdd088307fdf4ebf531ac40fcb89d45bf7398,183852
6e95124993115ef0db1adca3857422a108be782a,183824
735467a85b1677652a15099eaeeb397fdcb6887c,183820
017cf58b940fa25d01afa64b76d0c7de654bb459,183716
f3e40454900eadc8c8029ce6a3ba39539de27a8d,183732
1898e8b7ec2d7107a1685906eef2422111577d8f,183732
7fb0166613b6cedb5589309c36675c6e3addc926,186336
15762044966b41a6c82213569e770cc0a40cac9b,183616
82b06c3912852d95fe94a7e0b948ebc5ff28c0e6,183868
d53a9a548d2354cd03d877ad269a3216684c4af7,184360
656ae560b07ed0716df24d3f6effa2c6ca8212f7,185048
3682bcc464f810078bf57c532d82668eed135076,185048
c41a3c9e2e96a7ba80611725847e8a778637e3a1,185296
10e257c3982df3ab94d85361bf24806ef13ff9de,185320
4f4e020a2e6235485d8ddc390d74167ae5bb55d4,185292
e82bdab1218bbb5b770e4e5dc251c4deb9363516,185292
4654a80ad6992d8b20032c5f4a8f4d7164e83a7b,185284
263869ac05d045fb7b00aaa0b7676007d73a16f5,185492
8492e6dd1d0a3472c79fd28cb741176ac3dfc8f2,185516
61aaa1973a91866b6eae63c029271fee781ed74d,185524
a72d89129e3bc0c44553bac6c372bbc5bfd246ad,186224
0b753671891f273335f3a94b74008ee2c058489f,183508
7072053014ad39cffdae7d87180663ccd61c9a5d,183532
d821d5b7111499345e9de9f487ee8007ab1f72da,183532
69ee3600c68d0bf7cf8507b624826047d9fc8269,183604
d9e6b8f42d122a3bd49d5e07eabbe3277b90555d,183584
c565f87d8440c90dbf0dfb2b99247b24e560bf54,183516
d715e6568bbdae571d3aae72af3e1afdda2e4151,183508
9c4a8827b2829c4d72e7b9c1e5e466c0bdf5947f,183612
35aa3ac33495b9309fbc05ecae50e3527b5ea5bb,183592
b9d2faa9923900030147d41df9c73d2e12db09b9,183592
36539becb64b0f53a0e969242f875389649749f3,183592
524c44e709345d6ff1fddd6f9b80ce2cc4004e74,183584
430e075b8776be8b286449d992c87f01307aa44e,183648
ba1609d67ec6d082ea8878cc8c8dcd0d91877c16,183652
0a7a32a06ebeca3f05a410d33656cfc568d8544a,183624
6ab611999486757316b7ab516244c4c6529181ae,183616
46b5f6d5044e1e18f6bf5ef53a7fb991b2d0bb7a,183600
f8a5066ecc08e6e39f9719cdb512fe8bcaa7ec2a,183652
e3812738a8c7f6e461e13da39475b992c9d7b8e2,183652
b441037d5f20800f85c660b635958725bb90c2f9,183660
16945c7994a3635db3a8fe3b630ee297fb83b7df,183656
138efef65359bb2831a82e78d0b6a3dfaa1160e3,183656
a98c086d4c8f221cf42d77de43e77f3404369577,183668
c702f7c7a60f8af0a1f3bca0715b6bc182141b2f,183688
91e362a7198d7e70795bf98bf4d8f02fe2fe0529,183700
5b9780cb78cd481f7edec4e1463edf75f9a4b614,183636
fba068e06d02ea3e572f9382f998924dc29ed8eb,183616
b316465699762073b182b291c4392ddab5bbd2f6,183596
39f4ed37be27700e666ee08bfc88e9de26b21f34,183596
e6498081d7f060dfd7d089cdb441d9f0301e990c,183624
c479e240e6fda4821af29b1e355d95110144547b,183544
0cee9302119eb5c22395ddede5068d91d7153248,183548
3d581371e54ca2c10cee054c9163e2ab380d12bf,183672
fcd91c1897939aeaf9761bccb0787bdf1c891c8f,183672
fa36889784a375fdf0d9f2a384ab7eaa2eca7013,183692
6dd045d05d56feb93a1de454e936471cfef1f717,183792
68f5bf7ff24c85127688fdef8ea30b20b11ea1c7,183792
0e7fa0590a47bfc17d04bf742cc776cd780667dd,183792
0ad7111c417bf6b37b47ef013f7a131f806230dc,183788
aaf7f56f7e29fa1a13d8a9f55b528966c3a28332,183788
7c3c004e4a5e22490ec84d39746a7da9997d3b83,183788
c55f2dd8d19fe3de27afb86a60f66cae3b971026,183788
86c02e6a9df29f660f919c3d21565ad9598b0e13,183748
9429f3beb17f7915d1e40d05ad65b15646f22307,183796
66865ca16166515636768a9fe821dffa5360ef90,183796
3867d92ddc8fb80d8d86fe9b191cda838ae1e6c4,183796
279f6d4fba709ae84443be1ed273f245f9bc9ad8,183824
d5b872dafc7e63a100a8a607630c32fa8844a3a3,183824
a61d21291230750fbe3d9ef59cba26341a4730c5,183796
c01242d1d525900b2fe5f430e007b942644afad7,183792
eb347669bbd0dc45c3d384e29dd3a7171bd2e5f6,183688
7cbeab142156cec77609dc0c07ec85b90e4377fc,183704
5bf7d4e49ca084bfab3f8889642867b8c49e7a84,183704
86db7a6421636b9ce06357668df39ed716073448,183776
91deb581eefbb0d91cd8affd5126e2dce88face1,183776
1e36422671452dc62dd0ecb3772e248343360a66,183776
145a6c7cdd3c4a4bfe3c3e5fc422c9e735345b7b,183776
05a984b02534fcff77d115823d9a03894e26720d,183704
d7534640fec7fddb67d6a121d9038548d7bba6ce,183704
cdaa65371ff6b07c36e589f85f9acd480aa63647,183704
73a265cbb70a73d5f6826aedb475c2a5071dd8ac,183776
88af91da0f605681c51c59e8fe24ec57b327cc7c,183776
44ee268a37aa8e87e13ef17c9eddd1676bfbe8c6,183776
f9bf42a0ce0fb4ccbd34bc219233e1d2427b356b,183768
460f25ee2a4141325ee36dff6993483d6ea6b737,183768
ddfd6f220361e2f3f4ef714f072f04c5b982cc2c,183768
2fc0f9eddd2ed64f47470506add298249726c448,183768
c2b10716561f60f048e7bcc6f7e8667fbb10094a,183592
f6730c9c273da799305d2e2e76bc93c610e14a58,183592
b566e774af1ef52e374b8d4232226aa1e82b963c,183592
598765c418454cc977232d2d4eb2958e088ab23d,183592
846d4c059191e2e0cd5a47a41a5caec8f20612b9,183592
e67cfd5107ed36c7866c3c3cfb65024a7a971e9e,183592
916376aa00bb7c685f33502cfb1d7de1f28b9b2f,183592
0a9d412394211ea27da17f6291ad51f052533cad,183592
d49300cc11ba2cd6c79735f8d541d09a58785882,183592
e9fd05a811fa8e947c255f9fed7c8327fe01f36c,183592
f112d10403b2573073b334dc4d3664bce3564d2f,183592
8d88843d3fab28cd5ab8da83b38f7e60ba5bfbc2,183592
36ce1fdd2508840c7f38d24fbac48b10629d782c,183592
108c4fc78f7bbc721e092cf7789ce7c455cd2134,185360
0d913c31922f22a3edacaf4736e7046295d78d0c,183592
7dede22c6931b75559de3352137de71f87154966,185360
de501233ed5c282acab8568f7a42ab496485efa3,183592
bb1ec0dca805f631b73c27ec398d511f7b08c6d0,183592
87e61417fdfe52a8d95f23b12f13910c139e6f55,183592
77d2a40a260e616b939e3923cf4519854b7c851d,183592
feec4122d7582a5e535e37124c69ee93088d624c,185360
49c82709780e9d180738c46b5d4fd3e958293b9e,185360
1e4dd56688205cbe148980737fafc301b5080439,183768
109ef2ca503a9c0159dcf28ae409fef6bb46e279,183768
d99a20bbab9b268e60d13e8caaf513833526cee4,183768
9cc5553f283f05bc83f8637fc86bde5b14a41eda,183768
a3ca695cdfd7176bbfa82395da36c9715a9e72fa,183768
663dd2158c2bdf402558447300ab6277320a39e4,183768
f42929f5ba0b15f28d450d82fd9fb9cb7b467162,183768
792b56915f280675dc19a1511f052ef5d072a188,183768
f7a33d0227ddb7f94411e5f9a2772ceb5bf81767,183768
91db938a26e6310dbb53ee0a23fd2366623ad385,183768
9e390bb0a22a0eecd63e39dc56001408df2ccbaf,183768
6b71a3b93adbceb09d7e5fc6f16ed7da1987668e,185532
0017f2c5a51c8361889202a72ca912e787807a7e,185532
89daa310a6f63fdde557bf615b8d04d89273e0c0,184020
d585eb263fb2cd7e5cf1746fb0e52463427d3ebe,183932
c3a8cae96f5bac714c78251aef6e69dc5614e4e0,184020
ad07aaebf0b59a6d77797fd7f9952a9a6f33b6cd,183932
47f7b6fcff16c4544d1331bfb3d7fe9fdfc2652c,184020
390fb19af8253f67cf24fa65ddef4a986ed8dc94,183932
8729f7c77cca6140971690cf2ed6ea473fa69e11,183932
5e955045131e267c211dee27caffe58b953ef6ae,184020
27439ad3348fa4685f79657d4aded41a3c3b263c,184408
5daf6c33fc1db654bc0a26fd49f38aef1b01ed85,184408
a1517630dbc2f6bf9be11baf90fcb9cdea1b2d30,183932
6ff1d9ca6ee9805520325cd5760c96562894fdd1,183932
1dd8d1886d52a8758ff0c71d049c1dad3f5a23ef,183932
3dc4e90f85f824cc94cfb9c46d28bd52df6545e3,183932
90718b40880d8dbd8e668f2f3affcfda7d808b4f,183932
79cd2445e106405b813a2976ae6df4772f7099e0,183932
8d7430e0e09cecdc0313f2d93ed1e8a9569c33d5,183932
6f66ece8d4f008cc7243a7f1a7c0e6b470e74641,183932
ee7de4ca837f9f8ab002a464f83e07eb47c672e9,183932
9f0cf21436378ed6b1ba457a099ec86e76eea1aa,183932
24528bc18cb5c002d6f296cbbb67869b888a7bc8,185692
351f97378a1c19906df63a8a2ddb7c23c668e07d,185692
038540853d00b80d9ff90d2adba22e02899a53b8,185692
d0f0683b424d49ae0417191a6eae0fbc612e83e7,183684
df6e1258f679ac9e912e0e15cbcfeaf016ff49ad,183676
5d239df50fd1122b02f27c6847663dfaee15311f,183684
a1431adfcfd625e714ae115808f43f932b564f64,183676
5526a7183a5ee9c2e60c5c10823ce218d4291ab5,183896
b641064bd9df50cf45ebe7d9dde377e0d3d46678,183684
36b53df4d05fe6eddff7d74bf2b79b9a15f9447f,183676
3da1061077c09e9bb9ec46ea149b6647ac44c957,183676
83713340a30529ea94b978e3b6fc207a5f9bcaf8,183676
e613cc3f160b94aa5f6cecc5659de29e20f983b2,183676
3631539ed819d74bbcf167133c365949c071c43e,183676
75d175226e666ae20ca611c5e2fce58e576cd134,183676
b749fc16f68b024de16c965d835ef4e60411fbe1,183676
c4b9e2627dd41510b5c9f758c12d94659cbe849e,183676
42f0f6df965b38b200ac9d3ebc88bc02578c6108,183676
fab91145bfec62f6f0386409ece2c8916b84043e,183676
f1a42261f24377f150b9ae709ba37296829a4216,183676
2a3bc0bdf9a75c6fa6d58479e21521737246f9e5,183676
920f0113d980eff0afd85ced78b3f0280bbc9a16,185436
f2c985877f770b520d85610c0c663c34035de261,185436
15b37eb8b16a102a6909e1d9a7a475dac4572978,185436
7e269968652eb3dfc00990596dfc7a827574f996,183676
f5672de384492c6310207dbc70a953b8bc8e1a94,183676
b1a28de12e0cf9bafc4f6bc681f610ba719e46ce,183680
74229b0f9d266ec79edbfffb2fe12482e8d7c6a5,
d4ecfcb82959354277853fde068594b167cb8215,183676
ca8959c3ad6135d7cbc0332bea03c8d3c0090b06,183676
f1942419cdb66cab5ad8cc36d873cc3694257456,183676
2bacf6526af4775705e862ee991900435b211c69,183676
49e801cfbd83d1bfa9d051d4f971b52cd260b489,183676
59ce2cf735240452835c6d63c632c5919a6ddb65,183676
6ae84749efc48276cb7cbf4cf8f97ab45a8d55f7,183676
3dc17bc6d5c4e890fc2bce732ef24c871fceb9d6,183676
ddb3aacd7a36f46312ac3ac90bd5c417a111c768,183676
382ae6fd95ac9d124ffbe7b6045e1b054ca72388,183676
f2e9cb03879e423733e5a089ab83adb182763d91,183676
e0e8674b7409f8f94a4c41949cc7a0908850a230,183676
e30da4795fa44cd82451b6668ccc3f385e18a4eb,183676
24f0bf51f2a2810bb55eacde03bc950424b4159c,183676
294ecc2cbd679ce9f2706c84b83b9fb34dcb2ec3,183676
d6b0179216ed711576cc9a4e7fa1b863eeabe9cc,183676
332fc661a0fe3b1ca64915c9082b6d28aaa7e379,183676
121d46aec441ba4bd9f9e441d2520beaf77e70e7,183676
da8fd73420ffa0950be92d1ce069e36e6c75d28e,183676
38a299c19ebd07cc780af1494ffa5f64c76ea949,183676
3c6335512ca6ae2d12a8fbffe5797dccadcf6b61,183676
307a06a00ad396b67cab89dfe92e259ccfb2feaa,183676
e48448b84790c90ea08e63122318e4c9d74d92b3,183676
669b0ae4dde9d78d70f3907aa5f864a3a483a76a,183676
2abcb41e11be7fc14e5bfa8aa707ae12e345bc27,183676
514cfe2170506319df7be02b2e192320f031dd56,183676
4f838f4a09acebee39c7c5829b13f2cd3d1f3c8c,183676
ce47193010a724fd2e68210dccfd644ad842071c,183676
c5b048e311279c556aeabb6ce70cc3aefa6003f3,183676
2adc85feb023c46d00a7f608fd3b7783e2455179,183676
3b86a799c4886e335d56c4a3e98e9da8117c9d4c,183676
f776c2d384e77aaf5852e11d350db36175c4f045,183676
42b3ca31ca8038a11947cc65f88e97f9ff84b42d,183676
4570924d479218e090120fba9b0d0c02a0a963a6,185436
90a3fcccea77032f770c00bf4e217541e7cff923,185436
06893deb75c28cab565b82b66f215330d6efd3b4,185436
ac9ae8686803aa1a5ab0dc7053cc0264e654ba33,183676
985e5b6fea29156283a4334867cbb6f2160708bf,183676
4c0b284eeb56cefbd0f739bb46c5ed11d928bb69,183676
c377573602d3b0d6d38edb8e4eea2bd30b56d125,183676
ef89bcd4d90e2297671d2402fbf6ccc2f60889ce,183676
01dd841b0e17eac768a1427493428ce59b258c10,183676
dc961c287d302ebe698862ffc62ab18e0ddb9c90,183676
034b31eaa01bf92d3e42c4f8a5d9cada0d5e2c57,183676
472eb7dc8f76005b0d02c7e246847b831bdf2cbe,183676
972d780500c93920ae2a4c33fadb785ad6ec8062,183676
c03839aefbed26d5b9b5e43d12a64cda3adea3f7,183676
f43c3aad5f9a419aabed19f1832bd22b6f409f5d,183676
d03fac317285bc1f9921dbc23d9a8317d7a14485,183676
64c994b52fad3486b390c0ead7b4e11fa120ddba,183676
556ad3568be4a702979e6f9e550abd2af9117720,183676
53ca295c4abe3d661e16ff04dad88a3f95ac8506,183676
09db59ff762280445ccb7852a90e08c14b230070,183676
0abfd2918267a4e6e7a04062976ac1bb3da1f4b1,183676
ad76c3f9076b67d04e569c9e5dd9ae5ab4ef7ab1,183676
4d1f4bedc9f3b9d2709341f7ba8f7283dfc8ae02,183680
9fbbaf5d02023b42e334f42a081d1daba2aa9f63,183680
15943f4cc9ca908326809a14719104f532c128c6,183684
6863c7f7c07cffe86f813a8185d927e2a879c5a6,183716
a28d6adda3b3ef34c1ded99976a617c0385fe18d,183704
f9c5206de2582ab35cb89ed1c505339181224300,183688
2048bba385924c2c7ca9a31e22d60d5ba257eb5e,183692
4547d6ac2bf2222027c7d5dd1578586b6ce6e14a,183692
55e070128fd9b8d47ef766b60e9bec4fd9321a52,183676
e1754c06433140fd970941ff801b5952687cb50a,183676
8913e0a59ddb53d6e85059ae7c9e48e1601ea52e,183676
5e3f2afa893f958f2af369b559daf55b38139a4a,183676
de725ff7888d2567d2c69f217a3413e03871ee61,183676
d357484af93da7bc71b9a3a69ca0aad7a751c60f,183676
0cb007171138b908075f8b6e4adc318b7d92c78a,183676
8971de7f59397e53353a4cff9663dc15657f259e,183676
b62ffc100ad4cbf726926e0321d640f20ef40852,183676
4b29eb389adc24e8b020174f2e2017311ce26ea8,183676
7c89fa8dcab756c9643a78f3b86bc5fd20706af9,185436
9c31ae5311e979c2d2fd78930181dd8a52971a67,185436
8a988ad7ae85157a08e9aac4385436154597ef10,185436
e75d2c17d5295d29f9953c9c947b0f3667964a37,185436
5bf94d925ed5cd30bfd71de6b6930801365bacec,185436
f57f3122d840b37559a835e048985a0df0bd2cbe,185436
74902b6641348aec1fcca5af1baef0e32d36d9fc,185436
b8864429cb40aa8eaebb77d8b3316cec99db44c1,185436
33fcdba7453d9a093fb26623f26bed7005c9792a,185436
cf833839117deba3746e998853556c4239367c03,185436
60340ab6db1573baf7078dcdc200985fe12c4d80,183676
72f533bc53aa7b64be61ecb171d3b8d8d89ad918,183676
8c6c3e2a3caada5d37377002b035113961172215,183676
8017506bf6ed0f321bff737f8aaf6c8683c0859a,183676
773c92772c297d25722afa2a48ae8935a8e0a648,183676
79c9f766e9c3658c08025aa48756672dffad71ff,183676
d804d6634032e9f8b35d11fe1f8e2f14be5e9b9c,183676
3f490b46de5500034ee6ec479e8670c065785ed7,183676
86b85727aa5088c46a0810a7d9d14eb2d0b4533f,183676
6826e0189c63825d6ed4ea566dbd3f746f65f87c,183676
75d6f87709cbcfb8e4a50f6e34bde63fc89b88ba,185436
dae3374464cf6513216d56cbbfcefa04d28c77a2,185436
4bc9a29f6a605addb8a8485293f8b3d25201af3c,185436
784d54e46afd5383be8980ca98ccdd42d8361ba5,185456
cc63135c68c444e7e06b8af065c085cc258f2660,185456
488ef86f9f6b8411b73cde48b2e3b4f3a0421ec6,185456
fedf09eded693e1c5f3464a351d85f2ac059d2c3,185456
d16d033f8448be99465af9856a78177ac04ae43d,185932
6fcf4537a3f070db3ba3b550cbb857355c6e205a,185456
91ee81b69fb21293ed4aa626de93da0b1fec9490,185456
90a59904b2cb6829779ba1f34eeb13ac6bdbd608,185484
6ebe958f9ddf610b48edd51fa308bf8bef8a0f2d,185484
e48faf54ef58d38eb52961565658af1e93a9e1af,185484
03083417530a4e3088e6bc968a97e4b8f9a6be53,185484
75729995019a1a1ee034fdebc77a5eacf6d506d6,185484
d30d45e4ba9d3f95acb15d8877f32726092536eb,185484
0913411faa26086854150285ea0971f34d5f7205,185484
9f7a522bcce561e61ff5b7118e8744f571ae71af,185960
9a4c2186f253d2216b8484eab3a5b8d8980e1ad8,185960
7d418c4683174bbd0cade348bdffa6a745d2c125,185484
c9854b36c69e8d89cd25df055e892a87a0fec2fd,185484
acb581c28e48b652cbef1d3991fec2fdd68a7212,185484
943762d403fcb53c3655525b2b4bb2caf2286e84,185484
324e4a6f5554bd1b41d9e4e8cf06bf9daea027c0,185484
b2cf57eaf670e0655b9a291c014988f6244e6d24,185484
2a0d63da62f0ed85cd45b01ce4ad8c6ec31beca4,185484
f62217a3a5c9b9f0c64073af2091e39be4a03875,185960
ce9df4aaf3411a5ffe0432a9365f49537550e9e4,185960
b168c00b02fe257e84d7f2456d8b3330cab12008,185960
688a694b8930df83b43d9253af4737610c133f66,185960
5cbc81afd778acdddc1750a963b5b8eec7d09c1a,185960
8b3a365b17f5f3b7a7bcc9d3ad07ff33f27c4da8,185960
e968a5c9ac823860b2b65df2b7575b60d8f1d3ae,185964
e7c2b70d871ae62fd8940014a809467a455f9c5b,185964
103eedbb65301ade4f3ca25892d5979cd2c701e4,185968
9aac53eb0a36e3c7cfbe1b5db234c124160387d9,186000
a4e6b4bd5ced8174c8a8d0af8e08cd3f04500c34,185988
8cf354aefcc965787594074cec154ec52275b02c,185972
56d92b8876180dc66bac117bcb419d7d59413b76,185976
cb5882ca0a81b2acb3d957d74d39562400742a55,185976
8d27f28e45374d3babf2bb0848169e9734c69f03,185976
c6f96f54cda307fa3a0e05baede2f36258d870ac,185976
26a538377610b3817de1d5a1259b7c70d072a977,185976
771636da3a75b2acd854a21f2dbea2512ba7b6aa,185976
e9a20efbc3d786d2b4436d87f7be861f68eae7f1,185976
1cba7db3485c336902ed4ab98f80f65cfea50ff0,185976
f4e3295371334b7a285c2d0d03f0a6cdc476b08b,185976
9def3c26ef3b54aeca154cfca54f502bf7bdbfed,185976
a38e885b984de3c098aa8c8fde313406e0494b73,185968
3b296e377964f796cd3581b14297b48a01cd7986,185924
0df81fa6d723f97b159103aa5c114217ba6925a9,185932
e07adde528f4eaca1c1f73996d86ec9e0c78edc1,185976
8cf892328bfa0afc1713de63f15e2fac954ec48d,185996
948da9585c2c3be7d5b5adf6bda5f850bc0ff279,185996
4c8537ba9ba80068e280b016ef79adc56ec83315,185996
fb388326ea513792f772cea0795d8a5c681273b3,185996
3da6447630987f6be51e7b3176a0751bdf92ca50,185996
cf4c5545c47edbe73974dce0e12910df3bc29344,185996
1381214e49d1ba8f52122564c25b10dd35426234,185996
66f4ed4b8eec2792466d3ce4798e4d85da8344f7,186000
2e0d7283cd1e29c3bbdcc95b610ee8fee15393a0,186000
82e4db9e299b065d3d5eaa11fd313f22e30fb5e9,186000
4c918c3095defbe8686b9fd5592d781e6bd43eb1,186000
a541c9a46e47f051877a230a00d471c4ed7d44d9,186000
b9aeb97e35cfce875d110ce84d711560ab7ff918,186000
c50f34a33c9022a2858d1eb325bcf0992e5d3b51,186000
d7af8d8f7adbf8156a600632798bfd7d0b3bf615,185996
cce60276e92176d79c641289895965dcc4c75f00,185996
191c15e09c88e63e2fafb5b2b76eecc5fe0bb29e,185996
8751e3f7725a8c9d573198fc438ba7861d752383,185996
92a660f78c3c619dbb7f25c1e4cc065cff0a9bc9,185996
628866b5932aba1cdb9864cfd3e81ca5f7dc8e0c,185996
613bbaa7488af354807f88b61767108caf7d98a4,185996
8661246465e49adec7f0e9f061db2a966aed1d71,186000
47f2075e5bf6a98b1f76cd6084a025330d5973b1,186000
0ebcb824377644d513c55bfef23b2f72d2d2a3d7,186000
5620e96d638cbcc67aed344c3c9185f522c0ef2f,186000
1e91225dd9a30c8e77748661f4a5765c50635f0a,186000
d666af8e73ec6866a78e4a0b057318c7f90bbfd7,186000
bbd588a1f595ba075bd6d49911e85e0f991869e7,186000
d2e8fb892b2e8bdd19ebfafa56e25388913115f9,186000
a54f7deee42c81114bb36c00149926c8d71eea04,185992
2cc5caff3548fe90e919e87282218c6718a73130,185948
9db92b1a3055720dbed02fc310f7b16ac741d00c,185956
47086b3bec7a48dae7c53b37eafe43edf2ed55fa,186008
aae688d7b04ed44d9b5376318b734ba2e1f5afde,186012
2e02c2735f2b3ff79df83b2728143b98a8454abc,185660
05c0b19bd78bb94e285881ba0517f1728780e2f5,185660
1962cc6fcf80409123b937ae777fafeba240cf19,185656
acd0c94d2aea7b4b7ad8bf72d49bea7b89c7bd73,185656
a15680afdc577ce362ff53a85c625c111230fb30,185732
c7efb8a4e1a571df0c170083eb06085896aa0c47,185712
17644044f075e9f4738fa8b176f65809f455e94e,185712
46df4b4a20c0e9199919789f4dac66e6fcf4f1fb,185716
bd6bd23120a1240382a3815e510bf0faa7506bcd,185712
0faf1f3e178dcc07cb8302ca20d2d12547ecd112,185692
b9ae3942d59cfa64ad1d73c7ce19995bea43d537,185692
734f6ea98cab8a97caf75118dc90f7723ab5f937,185632
9c02b3e479ef6d73207d808ce3c783fc50cafd4b,185680
10e4dbc9847dc2ec0bccfa2492f640ec827968a2,185712
184b01b71b49008ceccd292fca7967297b02e24f,185712
cbf067e317fdfdd17a1f1484de40490321e6d0fd,185716
2052d511aefaac64c31493525cd53384f9f798bf,185712
d99ddfe48203349e0d7ca03301036e39335d3a23,185692
f8b29861c473b183d9a07aedc4dbd6e3ba58f2a0,185692
c66cadd23297aa647b54e27f757c3937f46e423c,185632
f120b0154a95ce3d665543c29a39342bdc813515,185632
046b6b5e055050b036afcb1c2e3d5d6962d66c3d,185632
531381790094456e05c4598f41b96630a5e5bf1c,185632
13c44b7112cdcee752d642fb205453b0b76053b8,185632
20fa0cafc9462d7a88ba7162c812ed37d0cc1d43,185632
a56fbbae940f486a3e5098bc20d35901c3b86941,185632
d709701cae5dd8c691cd6d973624b63d7e4dfd97,185692
81d342d2a6714159fdb123e07e74b5b070cf6300,185692
e8846409af0b1d82c3bd66a914ed181503a71438,
28c453a95230c4c36280fc6cd9674108b90c6f4c,185696
d1fe6793a6e635eb4ae405dd10f1dcda3b8497a6,184880
7782ebc793c76208cb597fa2343a41640ce79b42,185696
1a692da42534826641334d13af4c30c0cc48525e,185696
71f7efec62bcd2de82631b89bf2b433857128bc6,185696
3454d876a7415cc6c2dc7840d393897b23b0bf19,185712
51e6020daac13aa4428aa7f291f927190ed3f3fe,185696
7670ddf2d01383f1194d9dfb97c46391b27d362c,185808
8523d40cb6676833e2cb55b6aee90e5015eacee7,185808
a51fdfd3ff76ebbe0658895b1ce1d2e83aac7636,185792
193bbefc8b2e980fca9614a0e8ba59213687dc22,185820
cdda69799e77f4119686366088214f6ed264f0ad,185820
0d66647bb4a7f0547a98c19801f7a18ce910044f,185820
1a18b2c15eb016e7a407375cb88f0e3080878720,185824
0d71cba1afd199af3fdda8569011cdde8ca4c2d5,185804
1a6438e5aae4a953cb05b2916f76328baa1ef708,185872
f8f9964668aba9dc509ad01ddeaf1b44744c6b78,185892
2aa088f12c567ba08f686318cc31e95ac66e9de8,185696
a0e63be3b82380d7e2ed2ff76167ee106d1e8a66,185696
24d549cf18630d78a3f313f89694a8353383aa32,185696
75349bfbdc7e5f52fdd5e10301d79fccdf90914d,185712
a2a790c6bdb4d55a0015e25f2ace1598b6cf4325,185696
c4f20abe6c8a7de973d93987d932823ac9ba999b,185808
be59237cda3199fe41c08040caa1f46b8582f52b,185808
3f9712c9e6f1336d7f681cfe26a2d035517aacc7,185792
728326cd8f1054b8a1ce1c05903f3ddeb2d16ff8,185856
6f45df11f21377940b61a2231f149ca9d0844aff,185856
50dfa873e67b2e83d01b8e12fa41ad54dc6f9e4f,185860
a34d0ec0a72370ba17206038544fa84d436f07f8,185840
f99cd86ddf0e642ff668a47ec1439c132f64f036,185908
7e9af2f906c18548fa361a92bb8112bfd6c9681c,185928
4de2598dae8623a2cd0b6a301e84300252592542,185928
ee41fff8b6abe70142d63109a91985601cf19595,186048
bde682fa61c6cac8b25995ffcce85c551bfd52ce,185696
bf8451346a0b6182783663743076c7522ea43484,185696
40fc4840c33c100c52103fc6e83c7f0cffc4db09,185696
4e56a9b1ccb2958b05a0b5f7df9b2cf75bec1b24,185696
89f6efd30eebf9801e627990fba1b02ca4f520a2,185696
412775f8f606e87cd5ffa09d35507ba34014ca05,186132
0842b469db9301a0c07e745d9d8c88a47221d891,186276
cfcb450989d5ebabeeb08c1c210cca75a89c2b38,186304
5397aeaec938c01ef90af000ba5c8c7b6036cf4c,186308
5cc6c5daa3436c48bfe3381788e88da21f307563,186308
db279f4e391fbe7aa1c56b0a583ceb444e9ddc43,186280
0b38ff78db2f601eac356228f300a3beef46bf9a,186280
d078a5d63ea199c2ab9e1971657ecf252bed5c03,186280
bccba7abd418f5878354f4d68476ec2241bf1d01,186280
56797b86544c736a3ff676a5d059543b732eec06,185696
b5d5557e99f7df79d1aa0786dd6c928586d11aad,185696
696f62dfd26415bbd8b505e39809fcddb2c62693,185712
3f279738fabdb9238f117ddea9419d471b02ea63,185696
a9f1644d8d88d47baac052a3282916caa34025bf,185808
32aa191d4920de5f7bfb4c9dc64dda5dad916f78,185808
b8918a620d5f30dea34326a2373d1fd0219b4491,185792
74a7c672e51eb7f4410ef858c603d0bc6aa07839,185856
8300a0804af830cd144f3ada8d443fe9a1672c8f,185856
0ff0babde6e7ab91897665b7340b2901d6234fbd,185860
a1241ab95061631f2dab176bc7c811ffd9c5b84b,185840
a65c39296151c27145f619f2a190a5bfa87f2d2c,185908
77d9bbe60808d9e7989533d41d68ddbaca77a031,185928
7c988dbd7c26529acef9e5223a7979e7430894c7,185928
906ea2e612164e087f085d5d5418824acaccf2dd,186048
b8754c39b1f37b08cb312ce9efee34992a3156db,186096
283e289082b67bd7308883cc8e02660a285ce6ef,186140
86d0b407459714e0789235edba300e49010d0b05,186128
fa37d043d7003bdb508f78bd88bf3baa2a954598,186232
dd90fa746f88098d7c4ba75509c95a18e3b81ae3,186236
29487b108ca64f61506f5f51c944f7583734434b,186236
b6e589fd4f64b7f6e8ba0b3819b1f41e7cdbd48a,186236
aaa1af69aaf46a56ed4daedb306573c8ca7747f0,186280
fc9d9baa8e4b5b4facdace777fe3038b761521e4,186308
577c77b8c78ef0b3cd46ba4aa90999e0213510ee,186312
5ec34018b6c8ac0879cd23fa16889bf47c6195ef,186312
2642a96d86638ddbe61d32bea3214846e9ed6604,186288
01d0c986b62126d4c64c3b8a8b0cffa61dc3bf0a,186288
a3b3a2c3dcfa6cb7745faff2ba0766b6dfedcfac,186288
dfae822d68f6775b127b278193deb61b2da3a264,186288
1a6219a258d8e66a1aa32f629eade01f81b5ab5f,186288
09c3b9c58b3bbb385707129cbea1738289b445e2,186288
e49d35b66e5a5eabc49c18d8448589943e40cbdf,186296
e0a4966c8929ffce07d896c400872a367cbcc789,186308
6b123eb1fa8bd3b3c3be3454c8db4ecfd3af6c4e,186308
37c990f1f78cce7c658df2bac161141876ea69cf,186308
655b085e61f6f983150e7f4bb6476745037ec350,186296
15028ed953b9fc912d8dca57b4bdb51add2a6068,186300
05a8747f81507b7e8b87e05a903d18628b455c0b,186300
f5dea07520af0878475878bdf11dc3f13d30c83a,186300
45097f1abe5d99b9ab83d5696111ba51757001bb,186288
ac1b9348f5d27a0ee2673f78b241f960426d5e38,186308
ab76c67f7c4eea55ba7ff3cfa3494c369c9dd425,186308
ba05fd173b639f21d02d8635bc6485bc093e1eac,186308
91db2c83581513391b2998fe9d925f474fe930ea,186220
374ec78c49b64c91bfe44a4eb989ee0b5b526ac4,186248
ccc31b965f431a932d54f698a4e67ec60dd33e76,186168
0816e26743c59621fcee50046f8a935863febd0a,186184
a08148e571a614e0543d94b7eafa16e2ce747016,186108
0030ae0a5840d0131b5c54ade2ebb3c8a78a0402,186104
738def158eea8bb66a5bbddde648dc93ab5f73ea,186116
4b777677e4712d0cc5818a4ac23d037a529d08a0,186116
d78364f3abf820f8cc74799775c2544fb2121d4f,186220
27b45acacde1d5ab98805b6ecd8f464a5fd4a2b5,186248
2d4b912e5b8353589b85094814ff93c9245c370f,186168
e7a5a64a277a571c6ad4a2eeaf0c18eef8192d35,186184
5362933d08ff44d209b58ed861ad2673e2f94ba3,186108
0850ad3ea3c24e4dde595864f1eba8c660988b61,186104
9320fe65e654a48598e282b6ee20d86dadcfc4f0,186308
8e0afa7bf10f593299a07b2099a6f45782dda26a,186116
12fc3872a1cdd6558dcb308d51bfb835b750233b,186116
27878a69ead3b35cdf8ff75ff4bb2debf38f5839,186104
088fbfd1c817d10826bb9757efd587c7fa47465f,186104
bd15513cde5f49bd714d35df2e890c459c03a980,186116
d5950028676a1eff452a2904377321ec0362180e,186116
eee91bbd15ad7b4392e87fdc5007c3e605d27e5a,186104
2c5e2afbeeadc8aeba968449e3cefac03f8bd0f8,186108
04f49365f7d989e3008cca82874d161302b2a593,186184
b2bad0e92515ca7da419d951bc2b739928ee8ecb,186168
8d1f93b23cad627309dc945068ba89dd446a77f2,186248
f865834f351f8bec4a9911720721a0e4ff0000a5,186220
fe2b730c749e37a02b336c076501e62981272d52,186104
6b260a45e07ed05eb59e53a0c70f9e1b0fc90eb4,186104
e8983325525abb61233d872b2ed09fc5246e59d2,186104
9e3546a43e119d138b579a95944a53d9e1587d1e,186104
158c2e0c87254bf6273c9caf103cad4ed2ef2c7c,186104
553c0c97bea79ab33c2db1bfc6ea6eaa35901ddd,186104
0ae1b413225ca0eac80fcfbf2856199ef0eb5541,186104
fb069b522bd2d1a05dee691eff6e87c5e5b43e67,186104
92b43c2b028bb77256ab8a078bf32808655d614f,186104
97cc789a4f911613d2ad682a705ea89fa4c26211,186104
31b9b0bffb96ce9fa06c0d86756aa20cfd3abafd,
5ad137772e739a5fc9ac37c55b3755359749d6a9,186104
ea981abe86ef53599a9b99764fa80c58761b268e,
ac2a9a1575a42c295e003b7b81abeeac3798f2d5,
b542030dbb85983a402b76bfc45bf14827f46507,186104
e738bda6a0579cb59c37b0182dea8c3421865354,
901294a3bd896ddae4bbab63da26d3a9d96ab546,186104
2f8bc2420a17b2f317e0864b218495b47a94a46f,
49576877d4f0807d807b9eb73c831fa1a3c80869,186104
0db191367c61a691aa20f3f8de0e96ceb21a13fc,186104
5b23c146daa25c936fc8837b0135b89319e1f435,186104
c73f1e7b681b973303e56f92f088da43e2f3131d,186104
13bb284ca63714774d7db26baba3bdf3548426ac,186104
df649f17cbed829909ca21b441bdafe4da807082,186104
c897216473893f36a51ffc1b876d846fc784a2fb,186104
30f12764b0b7f1c5301b230aa51e760a122c2469,186104
c96aac7764800be4ce62d18647ba96a028c56eb1,186104
0de30d43290513e4bfef3b18d104e5ef47b5af51,186104
08a12b61d143bc96c908fb795398ed237a7400c9,186104
1d583134ed239596476e62655af31a54f952c76c,186104
c8d3211b9267f3f327a896c43da3ababb7add732,186104
7b8047a4557e638ff9633fe67fe2f5eb8c02cd95,186104
6124d29c7121187a5da063284ecfe61f06aa958d,186104
428f2cb5257c5bfb86b0eccbc35cad0e4f82c3d0,186104
310d7e775c09f5317657cf4de5e3f8de5b4c868a,186104
90dde847afd2866531a969e262da1af33d8ba7f6,186104
490a20fc2bb7c13aff1ebd6aaeb3a92ddbdebe9c,186104
d20beb04da54f72f91bf2badb0e64dafdc6ae205,186104
64b07817e1ffe139654801745237cbb5a4bdf5a4,186104
2d4532e042b10ec75e6c7de7a72f094288c32f0b,186104
1b2acff8cc8d797ab4a7d8e4cdd10b5cadbfd9b8,186108
7a2f797d794596ad42663d1751bffbd6a4542bca,186112
a78f26f603f0e59693a7759842d8467717081c28,186112
d609118db1bef885eb756b3298b4225c0fd96f18,186112
06ea45364e7e4d8b2d4597b4da7488c2b96fb2c1,186112
bc09f4fd3233c194b5bbbef38a7b81cfb49b827d,186104
5b13e6e9b78b1485942e822b8a62932188a1eda2,186104
f1bb818e81aa754109d835da38bce4e906d6e7a5,186104
9fe9149ab3b3c3cbc1f2f9a676a6718d8e35530f,186104
f0fae4529074f9d8ec397c1a472a75e509ba92b4,186120
6880b381cb127ed00e2d74b35332674ae1447f75,186124
fdb6964268898153e598db0fd4de75267491e4f5,186124
0d9111599bbc2d20a8584d9068fab1947f47261e,186124
7466f4d945a28cccb1ed44ae453070dab8b5f285,186104
149c5d82d734f0a2ec3750fb77f52966e9ea9001,186104
7b087835064d64775a5d9a0ffd1dc65391135a31,186104
29d8d8725e324ef1b8d275d93a3e6d4a12ed9923,186104
82ca815e35c827cb51f1bafc4d8a42f776449b64,186104
ee5c808d4e7bed90a60c7b910b9dc9073464b386,186104
edbd070695570ee8a8843698fad02eae1bae968a,186120
fa6977a0f54343564d0e95609ebaf9867a9ba26c,186124
7cbcd6d21b4ae47f98cceb5ea96ba2b95041b612,186124
5e5df8da5d7ea9730be41553e0b765b803e0db6a,186124
891cf3f01f17153fa36e925d1f60f090bcf9f4c0,186124
8a6240bc0c4bbd80cb44c0172ef7199dee9ba0c3,186124
882bbf94593feaf5da553e8637600c9f8b4032c3,186124
52ff2bdc36d7adc081678b7c992c3aca35a24eef,186124
b0fda366c288552d95295f6883cb06ffb7b69861,186124
caf4b8d42a91b5e7f5f53d7248079786d22483dc,186124
6f7000c11ba34f05f239fa8ddca8a03b50285dad,186124
e12d8b7cd21828fbd1a7768cf8a7db311951a7a9,186124
9b2ceb09b1fde301d7828d08a6beaa3f1c200e23,186124
dafc7346cecc95b60b5053cab61b0b6600629076,186124
3070e3498da1511e1d008a99a4aab1cfec484681,186124
bed464dae5968aa65671957c784bf908ba5bdc4c,186124
25856bd5fe1c5c2cc1138ba2c6ce473baa18097f,186124
9b42a50899da23cb1069cc3764ad6191737cc9fa,186124
6f0e6dd46f9cd849002103422dc40262f4e9d449,186124
9215d15c73dc5677f0f7998af4477cf70f8e53b9,186124
e9a7bded4bcf97d62b4387f16370b423f05c5f90,186124
540be2e396bf056d3dc717e34d5dabc198bbf973,186124
3bb7b40214a622f9f3036b9d2ded2c585fe2e3b4,186124
a2e6fa3f65f41feab5fe6f28e12f1d6244d7d294,186124
1e4636d18bb05b7f3bf81663403b424af3c6a4c6,186124
e279af87642815fe5d70d48f6592122a7771bdfb,186124
22b4cf64240efef7a3ff0d54613f32df846e6c0f,186124
f859a67a68b181094311ba0f2b815a26ae21e1d3,186124
37217f948099141f8250137e5357bc0c424f3259,186124
72a8de9a221359c4a3a002b2739e1d9782f7157a,186124
acce07a57ee09c854aac8507ae643bb1fb356315,186124
774aafdc4bc8f3eb9ee755d175982a42537e9a2d,186124
87830952b354411343f58448cf727ee778a730df,186124
80f8e3e8cd9abe9e40baf7625ed0e9e6817d50e4,186124
d95c1bc1e7c9cd17368300089f5ff70df152adec,186124
1cfa974ef0efb9f6204df3bb5cabff0aeb35f32a,186124
f69bd694ba481563c980e09fae41b60c0ecea4fc,186124
bb11a061a91d91b668203146c97946930c4177d8,186124
8a6a24164c4aa8dd4ddb6e0d45dc1fef6a5752b9,186124
74c4dc4931aa66c1270de73c48be3416650d1386,186124
a50237e0ff3c41688af21978aba9a1ac3047c584,186124
02aafc5cc2d689558b26b6d51c37f2baf9697389,186124
cc48f3d6a7f61068f8de498b1550acfb0dd540ec,186124
65239b4e8051a129d6480b52c7e8fde0997001cf,186124
4c84cc19f11537fdf999a8b5f01a4ad2998a3769,186124
f7bb34c17ca52dd3ab3b3c8e53fe16ef8342ac0b,186124
7417c4b8974f027faeea6fd4223381ff8362e08b,186124
6c49cdf9bdddeecf72dd68f41a5efe1afb1b0600,186124
0d7d195298c299536a88718681b06aed07c0b6d2,186124
63b52fdf28ee86a1699ff376d352f661628759b5,186124
42402150bafeabec3a43583443e955b3c70203e7,186124
593b4bfb4b590ecfcc5fb2f3a3d288951998978d,186124
1b143bcadb880547041026fa178b4db7633fc585,186124
4cb036fdcdcf1240576efae772375a6b37e8a7ba,186124
63432e1562e301241eb0dafbb926ac495c20f063,186124
54b3cfd85f1554e781c8e2bd8efe6a9ce34ea842,186124
cef36fd0526d97ed2129f2dc930c0ccf245be7b3,
7a09c325713315e8d32472bf43d4c27276ac8784,
1342917c65a12f45e500c0a4a31cc18415b3d677,186152
27fa8687dbe0e65be816ec5cabccaba5d2345b83,186168
4efeee25d39a339e141b7fa8fa919b36d0a6f74d,186068
bfc77ff239281dd12d8c5acd10de0a49902bee2c,186068
5793194a7578ac8b83d8734ad925768e44a05608,186060
f713423b9f6eac7a6ee88665f6665952385d0f5a,186060
63e72da5df043c4610503d843078571ca8f4374c,186156
d2903dd6aef90f91e023a8a341dd8b7fa7be6cce,186172
3ca7b385eb784c0fbe43dbcc23e3920dde24fc62,186172
1abdb1d210d87564520a5eb0c578f76716596903,186124
9d6fc3f638b223a826b8ca0267ea42c03380d2c7,186124
ec8405ebbfc86f1f6ffb151d17b710a191c24222,186124
256bb5b3b708ae07c150c0dc6683b1f3e647079c,186172
098dbf49e42d247b9f8d596b832ffee5261f0048,186172
24f117db37514b56ba5ed62b4e8ac9e4e1e2af0e,186172
4ba6ad22b43c840c91f70b331a86bbd983b11dfb,186172
8d6d71bbe2c4d9734357988eeab73bd00ff8a7af,186172
31694f598296fe3d415e85bd10e0d27ffa5793db,186172
f9af6d86c973ac50a201ac871e7cb7a4e9846773,186172
2206d82488bbf9a38186d4259c8d33761f700328,186172
fd35ec7c0a6fadcd7586c84f78c28b5b1db4567c,186172
3479bee1203103db2dbdd760f225d82aa486d350,186172
7bed18fd0d4983495a1bac63d65917904fe5ed30,186176
425de420c6b8f257a729b47177f6bb976c506115,186200
819f86191f4963b23c4563a8c1b11dcf77368512,179288
019495b2769eb0322c3cb13f69ba4ece874d55e6,179288
1eb4417819262345c7ee8f144f4474011f4c18c3,179296
792e945369f7119446099dcaacf879645b7d7a3c,186200
d9a9e89216215d07d53c622424b1fa3029049d3d,179428
4c4ae685091b17fafbe911b00da9dd72994771b7,179428
fb06cb5a415ba73e91f7569eaf3947d779696d7f,179288
bb8e74ad863ca61412e391ebe9952f6bc1b70288,179288
f7bb67e21c7ce912582fb4c581fbd12bcff63012,179288
1dd3543eff6a714c9ea4524adcdceef8facd371c,179296
4a1c60d051946ef4cdbd6c028855a687d8d5caef,179288
b28f4eb009cda95d0c021521cb4544e59235ff9e,179296
1040a77982681761b3bfc8fff4eadf042b05446a,179296
185d441a7cfe853ccd486fd25ad439788ff616fc,179296
4fc6f9d2f61313d1f42c7ec377464be4a358f23d,179344
47e047cf96214855ef7d4d5eca249d066ab35c43,179440
2cf9bca9f5cfcc73b5b674ee8a81e4f572336c26,179440
f19e4b5bd918a868809a0ef5903febb6c3adce7e,179360
7e82582eb5f8d854662570f21a53f784be769649,179560
4636bcfdaa7d055547fe5e3c4fcf979d53d11c96,179440
de99f6cc4441b8841abc2a30d2337f6264d4bb64,179476
eb183a120f328664858c65afe2c90c4a6d6fe77b,179360
338ba3a348101bb0e6434cdab3b59c8d3b64bb5f,179312
f1e781bb0833dfd23907feb1f2d983ba3ab86cca,179372
3abdc9ff1df25b30d712a3967be6b23dcc9ae87f,179560
a2c782f7507ddb21735cca1c024233f3fbb811af,179488
80f900b378cb792906fcab7d641bb71439668364,179584
f351fdaa6ae98fe00772506b808493c9f4268c21,179620
939d62461de9360b17d5cb71371ff162f8e199b5,179620
d0f0b3ac4cb9bec9f8cf32cf6292d876f395a42f,179620
595a1c0960b5f6367eeba29b9bf3a9e86ea9c4cc,179624
305bdec3840043c496395cb67ee2e240fed2417f,179644
8fdccccb0b21f139503fcdc51938cac0ae9c194c,179648
77dd334b76ccfce69eb8836f31fe4b0c192cbd40,179604
92f5cdff9587dfbe9a3c6d5958500efdcd0ebfd9,179604
a409b0cbb172c62e7021abe1bb00b4c874b75738,179560
ad1e27ef1c936b52622395095b73b4be187368d3,179560
902f284f4c39199c8ef50f745fa96e935a019bc4,179444
6e01dc70a55fef9fb8000d9387312a18b2396f60,179480
53c9ec6d2bf81cd937569fb04e3a9992c55d98af,179436
5a02628df777223b88c576bccbfc479a265528b8,179472
9573fe3ab39d44ff2cccf43fc7134d7532586f1e,179560
ae927acbda0982713b58c90f7d955578a46d1a02,179412
8c1d7f777e5210d2299cbca2d3236b12f82b1e59,179448
fa40d304cb4789801bfe43deaf19bce6ce101775,179448
1a6954496ac22eb92e286a72e3ade8db52987796,179448
f5603728d3bceb2c625cb10b968087a7e7bb32f9,179448
09651d6c351ef51cb58b03b383aecd1217281ebd,179448
b9020d10c43a77c2db5947ebf7231b5ecca6e5b4,179448
59c75b7e0fdfdde89d3e730ed7e6f3357fbc3c51,179444
d49148eb32734f22d0b18180ea41e6def5d3e253,179448
923bc18c6b9fbaeb3db1cba047a293c3c05841c3,179444
5d498275f962f41aee51670bf48f554dbe7e6d7f,179448
8e9e5586c2ee7d9ed4f950927f181a37e6044a4d,179444
b71630aafebf1cc2e29da05013630a6e28b3bf6d,179448
c406f84ba44ce57eb473b7b0a439ce7acd548692,179444
bc84739c83a0f01c0853aa79b0d07b9d4b4e0cc9,179456
6583f2c19967dddc897f97558ccf67832d6b0a2e,179444
40e5590b46ecb4add08794a2d5b7026cd41d7535,179444
036495a97782a803bd99e766aa2707143bb6f4f7,179444
5927af34e468d70848dd4bb25eec116f6bf20c18,179444
a55c61b0c79eda21ac47b4f32c6e5af9bcb4671b,179444
c91253f9d410114921235388823a0e677dbe2c22,179524
8709681a6f24f28a6e1fcd5310d32ea4baecb026,179524
5b7f9cca7ed2430c203fa63111689ea2360c1a27,179488
c7dc3adb7c92edf4cf69b076fea0baabc9f3b558,179508
b84ac3d91cbf6219f8b2431033e5a1a693ea090d,179520
0aaf3570d51b778274bc1236a880352695ca911e,179528
1013965854116b7920161a8c4de0876af8f5509f,179528
ba01a9eb3dd4ffcfc3ba86ebbf1c7157194971a3,179528
77e21080ce6ca41a4e5cbde20b7acd3683b13db0,179528
f5549a76ce420819514c57bfa66e7f905d71ac3c,179540
1a5ea68b81fb24a41d62685110eb0a8610331050,179580
427339406caa02ebed41f2cf34fbbdac39fdcbc4,179580
4a1245a542283d92ffedfa40fb4f6c49b6dd87ad,179580
ca004bf6bde9464e3a96edca31438584d8268054,179600
6255edf4ac7af5de8c7f775b4963ee9c54786962,179360
200a53bf2e26ab207072bcc2b9bbf33bbd046b96,179360
1f692a8df67fee9018537a84fe087460901962fa,179172
e2f57503c55e9c008ad4d05deda4f7ab371a9b4c,178912
2442b08355ae2d4613c1ba120b318ed7c44402f4,178996
84d6f9c7a7495533d3b003990298f0a4a11122db,178996
dc395c77f46d46a267eb3258c75fa967ed84681b,179192
c8678359169d5eeb28021e2f7178008bfaa37bee,179096
065f925e2b1fd796400020311dbdf3d8aa1982d2,178764
467d81130ba26275fd84024ca693fc744a1d6635,178532
3ff33db5ffe34ea7ac1c5a5a0d7950561b5f8c56,178632
167a6d92972be90715dad40ee5e70e7409516ebc,178644
5e829fb6de7b4c56bb8c83ddd77efc71a4e804a0,178768
4fa525b11718d9697f6cc1dec19e497346bf304d,178764
58240d7b7c04d68a8ff2c9108f249542586f27aa,178644
5248f34fbf8e91fb0c11db5ec8a9bbe724745ad4,178532
e0bdef5228da06d4621e554fa115deb2df0f3fb0,178768
46ae34e81166d62beb436efd8837c5a423e30206,178632
392a40ec29612c0f9e421e578ee69b05309069b7,178760
c8bce5539ab46064be2792f029273e0f5bc3fb0e,179540
e8a68a3389f0b7a1376ecc796d1521e68347a9af,179580
4483deba9dda7acb353b9c3d8c191fb6857aa862,179580
8b4fb6b1727fadcc4c2c695bef3dd3cd35995b8d,179580
01211e59a31f441cefa8a140a6bc88985d8db12a,179600
dd13875b71ae4db4b0d8b2041a1752a2649c14fb,179360
e9e39b1331a98daf45c71b34eec8e689497bb2d6,179360
5e560b404f17c07040d8de89eab36daccb40e0ed,179172
7d97a889ff032abfde6f5928d2594cfcfa466051,178912
deead2344bc6b61dc84eb6f3eff466a9731be39f,178996
b84e99f8a3513fc3cdde012211975c58d8b5c9d6,178996
d84bcd14bf0812b5a9f6365164ec8b8cf6839468,179192
6c24b3d09ecb02c683ccb15afe2110042650481a,179096
83a4642ef07a142ee5f36a2d653d974368e97e04,178764
1588a5b31671325b5d28c412db0177c9dec5bc4d,178532
12e1e2dba6de438fc6e432a14e09881e94a083bc,178632
e9978221887ed2b17d9cd06a761550e885bc7a44,178644
dac3de372ecd971abc51cd79bb2baaf061573eb1,178768
dfcb40aadae8cb5c52a8514ec93fdd7a01f80924,178760
0741c4a628430403057388ca82742d7168a18af9,178760
d00201f9790f967d2f51dea0b68137edb8bf81af,178760
0f4a1967ac96308446477eec83d68b8943528ddc,178760
3b918136a79e4ffbb12c6bb32cb7373a92115138,178760
03a642a13905d66444b2e25366ca3f5801a31c53,178760
f11bef9c4dfdaa2a0671ea0c8557021505e3b69d,178760
4d9176c9515eb8708e33aac23dd1c2d9440067c4,178760
a18f4d3601d6f506df6c3036cd669e88e7c0cfcd,178760
ee3c5dee1a29c9fef81e6ad25e6c6708347ba334,178760
ff3a8ed74f17d6cd47a290cbc99ad868d42a47a9,178760
77d7affe0a94fcb3f6c6cadea38af2f9b1c03f43,178760
ae8f345ddf56d710441c20fb0d095953d701dba6,178760
73085efbe54ebfd50f8bbe37bf236ddc344eb146,178760
a00c423220f0148afe2749ee5cda95e86f18c08e,178760
95abc42dcc4b443ca9d9a471d2d90fce47a4e688,179696
d52368744fafabd954fa0910dff16340397fc400,179696
af741455780effbeea916d0821f330499be8d326,179696
a08deefa623e03b3863a3cd08a0c612dd2769ae1,179696
d578e6513dd49228c120f81081d7143bcde2f1bc,179696
a9aae16fe22cdd0d833151aa351e5992f9af19c0,179696
310167e692e4e4ce2884194a425f6f54c3751ec8,179696
6b3daa059d994cef3f2273f76f98236b0a413a39,179696
537ebd65c1b3bf10870223b26d738dd3f7ee0469,179696
697a368595d25419e77e3fa8d679a9b46c85855c,179696
8d06c49f09d82efb4ab900419579c1399a05d508,179716
bff3fa606ffdb5c4a7b3a7133369b674f51518a3,179752
8ed7de3fac23501e3bef827b93fc9fa2456abd4f,179752
6b7dc64db78af734ed32df5365d78dd0dd602627,179752
d3d9171aea4a81bae0f4067a985e709159e64fd1,179752
62e425fffa6c08b5ee54ad4ab40adaea4854a83d,179776
337339ce32b2952b6f967873d6df6c16b4013273,179776
53d8ee65ce144929c7234f7875d60fd5088e5c7e,179776
94ad79f2d595be2be5e2dbd0d56426ce30cbb750,179692
52edee0f562f4fd63a9a5b218a7557435284c04d,179716
4aad2c4a052018f5cc8623f98110ed300a6d6e6b,179716
d3d4fe1f7c09b3a83529d84959904ae6c2c947af,179708
2f5c94936ea486e22cdfbcbb8efc67401afc6e23,179732
27bade69dbd3f6df2d90d4d8fca4a9ef83847884,179768
59439867c4011f2d93ae2c877b4e80caabc7ac22,179768
2d96f6d7c12dcceb1e1c5f43e3d135ea91d4cdc5,179768
ca99e202ee296f18f9d009565afc8fbbd889395f,179768
b3907d2be6c3ee4063864bbea3a0ff97c36b9b08,179792
0d4cb76cc3dc652d4d0bd3753e8856eab9fa0a19,179792
14943dd55d579e363a9be6b2375c9bae9c2f5757,179792
2e0aaebbda0804f88cc79fb7d2ba09508b6d2a34,179792
f52c391cb57700da5162034c14c22547bd03c117,179792
99ae6980466aa48638a2a69cf8898e5f510b5208,179792
40495b2df51dfeea6f3dc871b5c8132507c4100d,179844
6ca089957f7b187baccf64c87ab6844f1e662664,179792
6d968b138e376cbef7ce5d696e9c63f79527a235,179808
3442c335d9bedcafd91dd3f29c517be3d6800eb8,179908
e6db8584047665e3800bba6b784c1c83de06d7f7,179908
427e4a4c80e92bea927309acb796dd9feaca6793,179860
f4dacb142dd130fd65e731e16bb2e850bcba5edc,179856
63512c41d5a8452ca25d0b0d2018beb9fe18fc47,179828
03591f7dca05afd31213a2f3cbe753d6b1bb53f6,179828
b89d33b343155dc1bf3fff1c8ffe22e269c80a95,179828
0e6e8215a138be979462d034dafc67224d8384b4,179828
1ee7a36802cd700527943837d50f9cefff0e850c,179828
58450177ee810bf16784fb44531976e731775efb,179828
baeb03a2ce935b17f0df5b64211c9dcc6fbad41b,179828
22d6ad8d611cde90acdcf06cbea6f626733f3614,179828
9e77e27f7de7c04e94740fbcbccd34d531b08e74,179828
74c45475580c61945885bcb6e137a60905f681db,179820
d5569671635db900e429259342257685d648bfd6,179820
95d86b46abd1af0c648979938c6fdd3f85d75c99,179820
f43633e0372474403a7c9686d294903bdcec4e56,179820
1770aa74115fad263e1085064d0d6f514fd8d20c,179820
2f0eaba427575a76f7d1f2baedf5c1b5a2e6939f,179888
02d2ec4da03f0948593523f2b997d32b5be32644,179884
f8c48a4b3d1b4dbcb4961ada396124f537a24a49,179884
a18972e019faef76ec3433e29318abce96f902e6,179880
9b786e243f6fe916ed88de2f0d20194f6801b0a8,179804
f3f554a57379214d24fcefbb84e525bc2a348690,179872
edbc23a3bb764c4cf33bbe3f8b06bcad8853d594,179872
9b65505fec1ba7dc540505254aae8f0b3bbaf38c,179880
9af0375b32b74fabaaff40f6d0bb754de94010f9,179876
6c18716edf297e5dd275a2355eed3263447cac95,179876
df51e365b73bb25f39c26ff0c4ef7c1a0551ce2a,179896
0566b5cfc5b8c0a57a556198934baeb15c92aa76,179908
43c0b12b3eb8b4f5e5e166e1515c44a0f8e8164f,179916
2e7ccbb3395970e4a5680131713247f241abc992,179916
703427d703cae27da62df6ef4a3442949c66066c,179916
8180b43de1b76a6a797564a3b94b8785933b94a1,179996
035fe567c7c254c15a9853226a9b23f0796ce807,180020
a6a9a8264d9cc08331255fb153fc3d9271b75a5d,180028
4c374b6a72e9c56a9d958f81ed131f366a4cd07a,180028
96a9d2d2aaf4cc5bc8646c57ff0f906040bb6f31,180052
341d0bc4c7dc57c9a869d47cb8c35f7804a5e7a5,179948
983165bfc5b08c85f7ed7a27b9c07d6b7f2d0e93,180052
165808ba7ad3c43a73b8c0a9e206cf0b2c99a48f,179948
6fa81f5ec4d8bc448993ad08e15dfc28a12ae9eb,179948
78923821c7ce2ab179e952fa21da7113224c3327,179948
4e63612b6c6bc7113a3051e809972236fcbbb3f5,179992
ceabdd3ee3b02d6324590c5db2b8b2c7d1e15b70,179992
016b3775834e5f5034c02898a77af345553bfbb5,179992
de95610094cfdcaf0056173718f2dd824307794f,179992
635ae0d05c66ab6f112a45e6500ffef7b3db08d0,179992
c9cdb304eb4cf80d5d7bca344fa0fd6ed2cf71b9,179992
bc17a07da67aa70dd427f237728711155b406782,179992
a7a3ac584f4f45e449b116510195f63a449d2a62,179992
4535e36cbbd228cc5bbea546d5f51c7d93f3914e,179992
62313d30df1ab9375f049e3e47036bb1028adf08,179992
bda0f79b76fb74812ed8fb08d50101eb13920837,179980
4a1f42de3c8b8cbaf55c839fe0b98cf76b1f9300,179992
8a88efa7c81c6784d47d1a548087ec27c092178a,179992
2b43bbdfe52851828ecb830bc38d4b4d90cbc374,179992
aec434840e09a485696be882edd3076a60a1dd3b,179992
1c31454d749da34a564048942ef5000dfc5aa62d,179992
67f4e4db8009a8e310273a0b5b9a020e137cc8d2,179992
0fb8eaa5e5bb97567187ed94116f9d18c722dc12,180004
161966597be3ccc621bd986eec3e510b1aff70eb,180004
7ad2002a0bfaf32f11a59bf96497988315ab79e2,180012
ed6aa3e3352b029ce135806b0f8debd2a1e7894a,180012
ae8334e05153fc1ed7f65fadd9448773a56f82d6,180080
8142a73bf547bed101eb93b9a30da0ef4d72dea8,180080
a7ae9288c67e21c3160560896e2bfe6a70054cc3,180080
9493fb85bb0655a6402a055aed03cfa8dad711ea,180012
6acc817d1054b00b814990c50d7eb9fa8effb432,180012
b2de17a1bc0de21e4a1e94a1783f2c814760bf3a,180156
af38a32254c29db75d3bac4fca8cb36f459c6ff0,180144
019d95c554706b831ca0af8d654b13dfee94fb56,180012
7c6f73c551f0286ca4a6dd27f8b5ab9970d668ec,180180
03eeca071eedae4f60c0917644baf947d831b90b,180312
e5470bda38878d02a1aa184a56425493860e51dc,180316
3d81ab3ddd5ebdee1d02173d88d10144bbabe29f,180176
f85d5fe915d874102c3832ad99d223e187c2b06d,180308
c4979c44ea7107a6e49e9a9502695cc55a31263a,180312
bfa7131cd5e910ddc9c1a40326d41f1e5074b22a,180420
9df5304585bf9dfea35569c6cc25fd6b3a74265f,180080
76e10ef4602bb357b35da7b4c402db76aaa23089,180096
a6b781332972e7485bbf9fe1900a8b21a417ce54,180088
dffffc464831ad9e5d977e30fea2d958d7c62911,180400
f1d8a4f54585ab771ad33ddcf259af06dcf259ef,180448
fe26c42abe7c848bf88c1f6b0ab8f1b18bccf92b,180448
8378fe205b01fcbedebb8b1754f40f3aab92098f,180128
00a8c5b2184db34f303c3e75c41848b667e14568,180128
ad7f28225352124571efb1c51f5c07c7092d3ccd,180124
1040c594a91afbb521b88f17a4a1063c6bdded67,180156
f5e16b62d53671bd42625dcc2b642d8a2a93fc09,180156
35bea1a3d32a0568e26edc130ea3689f309e413c,180144
ce3186be482d798c63f8b5e51c360e6faf284e77,180188
2462711aeec6f8ee401da5a5acb228b5c6fe54cc,180912
a67e51a9e99ffb293d8c9eaa133ef8e3fa0c7a03,180420
ae4e61706e5039d487defd7a34cdb5238c3defae,180488
62ff99c254070b49328b2d5f81056cd5f05d9ea3,180504
5b511de09f55af107cbdcd19109d1aecbbe31c8c,180500
2aedbb4c2c4838c8b6b70ee45ad19ac1d5b9569e,180828
dd30dfe66e0999bbb20e4db6b9ec43a4ac35f6cf,180812
38fdcbdd089bf615cdfa0b9d6350b57baa48faa5,180812
77702700cbfd3f52f7c9cd9991a1ed013a0c52f9,180528
13ef905de3189520ce7eb650066feae78585b564,180524
67f935d11a7a4f95bdf6125ac7201abf4726c037,180540
28cb8238454dd6a32d40409cb3b8bc6820b60d5f,180540
47e3ea144951a56f920f2b5d0361ceb8eea81a9f,180528
d64091e9cea950060b0b1176e649d5a816b7ac62,180584
a4130e4953a7aa694113874bcae28225c935c50b,181324
682f682c3668c4709289ec06ae05c460ae7b7975,180632
e26cb18d1e50ff70710fca53509ee6aa09e10ef1,180452
272fd26585dcb45d0ea8719f4fd77f208e4aafca,179276
cd16b4c2df0810164254fd52133c6c30e21993da,179320
a1c865a771e350346cd225bf51fd3cff048722c3,179276
91192ccbd77ee72875bf2616cded368f3b8b5af2,179188
ffd6bcf906e5b49a15bc93480fff528a274c7b8a,
b730bfbcbff25ef5d90c23554425f858b14f136f,
8b0e758c772321e93ba0b1262c876576301843e9,179304
f9e42c1b74ff2991b3d9502a6914cd3fc0c2a618,179308
a2357740342181ef292246c479ac62f244096449,179296
fec9e80cef34ee24f5c6d5c60a79da4bd1486923,179296
7c7cb7f15bfb87f71fba2121dc939b3893ef48be,179296
460708698fb0b7c7c1135f8e180e4d6b01e91e68,179384
da2154f8ec5e14bab4b58be0db8975ab3492cdde,179384
f9552fffe654779c6850181262423771dd0ae5bb,179384
ca2e14e59e60da5e42a3c09d940ea1e3c5c0f47e,179384
c71741b444da479919819e5e9d69bdb4f77431fc,179304
b1c66714ee75497c3f26c553c00fc3d7e51be4e4,179384
e7c7aeb8dbfe7ca926168011ab208df1f4cc0ccc,179408
927ad1212f9d8ce4141906cad12daabdb9509828,179552
a73a561460690192906c2ef5f669b100cabd199c,179860
d0b8f7b17c1648a155b1c1eb255e52564b37549e,180008
bc6df62d389a60c75441ccf627d81fa0b0f4e200,180008
c0d2bc4f5a3fa56c87659fb764cb63685fe2d418,179572
64216991e2ffff4dd4ab8b60f31ca1110d7ebef5,179568
0b46304b941b4ed2981451f0aef248e6c02bf0a4,179580
c115de50534525c0f3465df12b34c3fbf13d9aa9,179580
cb61fdf049265b5f87f58a663715e99b5302a6d1,179564
062034f73424e8a9cebcf6ca75f008672b39c7bf,179656
8de44f150175e71df9fa1ad9aba94f0c83b73c42,180396
354af9001149958a3a8188b344a316b9b749e795,180772
6ab30205ef92898dc76ff6a85ff73751ce375fa6,180864
e9add73a9726bcd50e651683c93d7f2ab96ce1f5,179464
33491871371f528e10d7271cf7ac187c4ad0210f,179488
72481ce1cb30d8cdec4168ebdf26f7d322ebeca4,179632
c9d22fefb44a7c894e3507376081eb1030dd4a13,179940
8b7d152940a13e61434cf70d4cdea336f64ed920,180088
3c884b49c2b93b8d4b8d0afe66ab960a096fdc2d,180088
42a14e78e7aee52eb4b4ccdccbb687b09c6fa0ba,179652
a64f47aff043330c61fd75b43879a580d5247cb1,179648
eba77a58ef3e87e9834930afdc8451d98ec8e453,179660
50db4875c25bc4c7f81c36833729bfeab7bc5f0f,179660
76947a736aab28d1030950759aee35df7d6425da,179644
bcfcacf2e7de137607dae81bc51ef227b936f196,179736
1f8574e089f5837e10e8038a0ebe4ce1e7b5d41f,180476
9ae6fd92271101a9774e450bee12d59d364e3f01,180852
73b7461d560a1ad3667d0841e0fc9b4fa41e32c8,180944
f4d160590d238349d2fed4e813cdbf3c66e87098,179384
ae9ca429b5feb034ad85cf8e9a1a2115a62395d4,179384
96b9820564c3efb31a846e278a8d3f3354941249,179428
6b54315c6de6551d9140dd581025960d88f5d16c,179428
fa66ce2a11bb561ad59dfd4cb079ce10d22764c1,179452
37bcefbb6e29d1b28961cc1bbffb73a8137446fd,179452
0c3aba2520a7dc76df510d008d1a942823e60b36,179544
c48c20effb25d684f6ca435bc7ffd4efcd610502,179544
c18ab0ff859abb51191be3eece73d8c862c0cb76,179544
34ce9817611f4b5617b4fbb2d3f51eac61a662ef,179524
5a837734a5970cd6b5c5d4de48f1b5c4e764ef06,179528
4f2043ac5cfdac6e6f2967ee030edb47266604ac,179528
c24dd266b3c9259c084c9f448bf9288875b50ee5,179528
b3e6c18e9e0b933456b55b986ec554b8b354ddea,179544
cc34ec1f883067f4eb405754216fdd79f2131d60,179544
6d6fc1093330f5bead0aa7d54977308245298b5c,179904
2956444a4b59cd284e17d80aed56e883bca305a7,179904
eade2097665bb619c1c513ab643c338fcfadf53a,179904
055b8b5b08b5316ea42ec465dcca99963e6fd0c4,179472
d441c6d7948d4d23575c37ba6b30b29db2893d0b,179560
b924017f28b4700b77b1d51a8ff531df96c4f93a,179564
b963765f8c9077c5085260f7bfca272103018a20,179564
d2d1e2a39a0aa2ee69141230d266502d1e4505a4,179564
9180ce49b85018f6fcc20dc94ff7779a4ae10813,179576
2d8a2ee458a4e6a4179f7b114fea36a469fccde2,179952
bb5d63afe4cae1b23fe5e70e16acf5e9276a9349,179952
745d06e789984d5b1b663ba85bae5bd74db4e01e,180656
76306b4355bd4f1c919de794bfbdfdddaaf89e22,180512
165967c43938280d20c5f0968d187cda87558c43,180512
4c095c1a73c4680daae35d5ba74a81ef4143da94,180512
3497e214343ff2c5b76987e4ea8d97fe2a9f997c,180512
b88c6e1fbaf67d99da1a32be1b2038215691d859,180656
f8bec6453891ca1dd1ca44dce9e4c5ff9cac6b5b,179544
aabdd5f82d3e9ccd1e4adb4fbc17bd311d8d1f0e,179564
88be888f2ce6e78d4dc4ea7e5c349011290a1dcd,179952
eabd5081a5973c3892403cd3f2bd9b24abc101f2,180112
9a47b072b605c80043b6ec6e72abd9a53afc23b7,180512
0970e8b5290ccbc2c7131eea3d8f1bc870e4dcca,180508
9132488ab76baebf44ce95a80808a33a396e886d,179532
b218d7672a63bbc9365bf79ee27599a7535c79b2,179532
6d06933dc34044376de9c0d3d768c7667f1085ab,179532
d326414a57d66bb462145151a3f3f4f4815b80e7,179920
1d8156a8f9f2fbfc3d5c4eccb72d027b3077d7fd,180624
52005915cc8220ed79d9068e2ae2a4824dfb25cb,180096
c3397b1e4ab22022b9f049beb02afaec66ec2ccb,179532
37e69699507fce28a89bdb155d1496446729be75,179532
a5b4b5b106d2a114999c779d6b00d146d72fbe83,180108
bb8ed8d0d9f45c321e6d1762a9e28ca7423c3778,179692
8f5e281fca7147383a13fcddbc1fabfe4635d9cb,180108
9b7a0dd8eb00248440800ad14ce7f1d4e888d9cb,180108
47dac6efd4fbec2c6709fec7c8c47672675290c0,
c5845a080e3af73ae9a8f6699d03eb8b58254fe5,179704
f53759bda68a34e375ffbe549429602f6edac658,179728
dbe4791cf4d50f143f6a6dd116a3d6ef3116c9bb,179928
12b18f2b86c3d07aa8ab714c11ecee473afe1c23,179928
926d1bde757e3c11ee57b0d76fbf7217c0dcb152,179928
e13c12a972c7b26d30fa25e748d76f3b19bdef05,179928
4b90e46f077645fcd786ab67f822e2fc3e81b01b,179928
50fab16057fb1852536ab7abefb12e0acb26d545,179928
ecdfbcdbdc61a78d07504f9c788830ef97f6ddc0,180620
a29fba603ad90b20db6d246b8603239aa5158eb8,180620
778a931165b2b35149c6d42bcf9da5166e0c654c,180620
65951eaefc9310d1d8c8215b7b47d367ee0f406a,180820
2a5732eadb9a3d7c14681ed215792669bf5c5031,180904
f19ff1eae4ede59df68afd5277c2ebd75d6f68d4,180916
4104da1d70d97665c09c30b6f8fad13e42ebb0d8,180820
c3935e049338b34e6595d7549284f2b4839495cf,180904
4bf0a7120a5570bd3fd51b0e32c489d33c679b9e,180916
0ad39bafc83326431201c50eeaf3356bcbdb0685,180784
3ce1fa1cc7c8cd1e5cbaf6ddd392da1e8dbf6620,180820
bb6d38fb9af91eba3deb601859a9429de176710a,180904
8223abf73e96e42083b86ec236c6d9a060959fb6,180916
968eb5f95723d83941afe413f5b0a8c25e29ffa2,180972
e4d4dc7d89f7e764996e576abff0f02d75d02144,181292
34888da9214507ba3dad5b47ee82aa6a15a71573,181292
c126dd6b94544dada483a543c183d7fdec4b4b3f,181292
e9f6a7041d310b8ddab6c60bac1d853aa6649f72,181348
32f07cf1d01b4e942c43f249ded664c0d09a22b5,181292
364df50ba8a87dfd6bbd62c3a349a251d0a3b1b0,181292
f44718d64bc6b214938a2170204e8ed251ed41a7,181292
357f643c6a3d1bc67102c138f1e84dc34dd16cea,181292
b2d4ebc9bd2513703dd40070f36a9369c82b26ae,181292
d31d6ce3bce29231911ea585d14e24169639b83d,181292
122752932559744db1a5f1261d82cc08c3af28cf,181292
e0293db21665a57fefcfb1a52fa99bdb107cbd12,181364
6268f1d5bf8175dfa45a2731b2caa9c1563fb49d,181292
8c0512dbe3f49fbae0bedcd083530612f9ed86b9,181292
5e3fada62a5b06cf44d5bd54abe8ef61e5c7a5cd,181364
6cc4affe03823e0d611d7fad27255a9b45149f61,181292
c03174070b8341a165549affd1bac5440a07a759,181364
f04ae8b6e87621cfea47878a3c89a21345be0979,181368
6d4e90885178edab8d6589b177a6a3d4b2aa3e57,181360
f15a1666f2b1f231e157dc9aeb188a5468e9a614,181432
e3ff3bf7be4fc30267202210d5199ff45a4ad8e2,181368
0aaa2eb2409a00efedae3a28d87652204f442121,181368
3a9a477efefc5fceee279004776e5bcb03ae42c6,181432
e3767153d82c274182c1e1acfaff5a67e6acf1b3,181436
626ea78f5896e2af267f487ef3b415342c17363d,181436
b4ef6835bc4e309948c183a9a953561e34662823,181432
6bd37f34c12a711930225ccc6e0beeb5542dd4e2,181500
92a9f5e206c6e135c6f9feab7e8aaceebf8e94e8,181500
11d0d7abc3cdb062d3a1799583d00e83355eafec,181292
981899c347260164f685e8299d2e5d1f479e3bc3,181432
8eb90c871ce90a227abadf45451f77427be1d90e,181432
2d1e0da5f3c679a4cd8fcab7f9b663b516b1fe72,181432
caffa8a69f429979cd7f77e1a1f04eb71da60459,181432
11d92d05ab69b9c37b3b5b0035378d1722cbb492,181432
e02cbb1bbd7405b0e6628bdb94cf8d03c9578f64,181432
a28aaaf1b0759dd0734fab97b5e0bc2fdd36f6b6,181432
df085222846c0c8e7714da2df8969ff2ccd56765,181432
f0aac87a40e1aa1f4d79f71b39d7977ec11b98b6,181532
78b46c18312bf4d9b4f79d88e8146347ba7d4789,181424
8fd74ce9ae789338daf7522497db6f6948f850c9,181424
1172efa87be0d96562472c1bfd15805419f5d38c,181424
8c8f70dc40e52a1508094c032ac90b1ddbcc73fd,181424
a4b4386597bb31ec7db270b46e0dbf53d487126e,181628
09bf9591ea790a2623965e76259d1d1270bb4858,181628
47f7df907c2d940d5318c0bbe9126e065479dee4,181944
50825100af8a5fe5be8be9618473570a4fdcf928,181248
501775a0ec088c9fee325d8c2259f5ad77cd72b5,181196
0ea5e035f119d2828c6e155418d55bf27881d606,181628
38cf251c2d3a67eea6301a1c99dc9538fb0bf795,181628
7476e6801e8138da65e5183ac990ad7e7b692773,181944
4803b33e32903a080680dc4c24a686179f51258b,181248
dc2b82f4f8d659411a471495d8113f153b4230aa,181196
0aeb8bf8fcbda869e462642ee3fb833d3e41be94,181424
fde45d53bdd8a24f0359cd2d57ca629e93cdf8b5,181412
2e97a74e759f876ab9fb52603fb0bc687f413bb6,181420
3d86e396b0a2750622fe6a7ad089e7061f23067a,181420
ed2e5849f52211f0e3e98d269e861c4fb08752c2,181420
b83536e69693e64e312343ec6b9a79c513fdc24f,181628
694d414e71ff8f54754ac2c3381c62ab7475ef62,181628
542a47004df08a84eb2b25e74839151b7af0d00a,181944
79da5d867d6f6a6cbfce8ffc7961d27a217a0b4d,181248
180fe70427c9b35d5abaff96ab730d58d35a268b,181196
5194a531989c0bb6e63d0626013d1051cad2b790,181196
9cb03a1fdd533709fc0ba33df21f5187063d1aee,181208
4989b6471cc696c4292edd0a506f3e382e20d68e,181208
f3b2b9a52ef00b4144b936d15f9ee4693dba5a73,181208
03d2dcff2bf1a86a40e4a2cdd2cd3f1d92c3d33a,181208
2cc838bfbe12c590e545bebae4f3d4832dda552d,181208
3300f58eec6332541fddbc0e716de2c7399653d4,181208
9a80f0d0fd318da74b3d7797524a564e793f968b,181208
41a34a26c26e496d2e59f6fb5b78378d225adc68,181212
cc946f7a442c18fcbb1c49839be34173dd21c70d,181212
bf08c6ebcbfc563d0e2ab68b262349a3a48e02b6,181200
921fe206cc664da9f192a7cc0ea696d7d75e242f,181212
6e61509c97a52081d51efe78e88353c8d71f3f7c,181212
7b1f4559a2e7c9915b1191958c86855711df8cef,181212
bff8482994fb27d9cd7b1044301c62c2b75b958a,181212
2270df4edc98d9cc16ff3b9ed4998c70c6179041,181212
e7c28a66b1f359812ce003a3e5c02a93322ca6f8,181212
3a237da2db4b7536a00433032c730deb4093d1ce,181212
3863c1744b9dc7aace5819cb116f0bbea221c8e7,181212
d1e5d48b520fb0064c7edd4e9a7117278b9ae045,181212
c6b8e445a753cb9fb891faba89612f94b1b028af,181212
d5c7f95c6994ee2b182c5ce0b5acc54e6a0bf67a,181212
c1aff285c41c42c63bcbc7fd9324f4fc14e39864,181212
ead1369e12de3407a4c7c3c7450dcf0e5270dd64,181212
9be6017008a1d0656b4818f7e20bc786777ab3bd,181212
750fe77ac20c0196b332700f578e971157847e97,181212
98940d8f2c6b19cd7a45c2c16cd8ebbd841c2a2b,181212
706cb285995dd91984cba3a6cd29c97b5f337437,181212
0c93125389a855d3fc92d7b963abfe62def92ca1,181212
79f130ebeed4b2d2e7494a2951635045f4b67298,181212
73fa6f90d8d37bb40fe68337c0f878c764065e86,181212
eb5ed69d3d550dbe51d7c6c05b780c0f48aa47eb,181212
21fed9d6695d5b58f9c21300242d45c80d3a78e8,181212
b603ff0657d93adbc778809f0a2351cc21b26f12,181212
05c525737e0fd387535e53d3c671b766d460c97c,181212
2616c6e2c4edd5819a64c3be3a4e14aa304d9a79,181212
02a13fe2e2fe74fbab32c0ee9926c747cb3914d5,181212
0635a8f1dfedf5e97de583a7b815aeeece04177d,181212
4494a278b95985f413c3f191be96c9d9dd62be2a,181212
38d8d2b7a8e2611f0b7e6c725102a842fff3bcdc,181216
b2ae75093a7ea8a1985082dfe4fd18d166684d22,181212
10ac52f827a547979fe534b7df14166ae4ffe26a,181212
cba4152c9758cb54f0871e4772be5042ea995cd1,181212
ca1ed3bc53255744ead84c991b84ea149903df0e,181212
d446b5d05c379e8909cbac5ba8f73ba133e0facc,181212
59d18430da300ee786c97f3fea1502ac6b315313,181216
f2f63263ccdab1bb4c51137fbde7118e0f013750,181216
0ad21633004506621b2b68e5d5060a8a771cbc69,181216
880ca4e0f3958c8f624f1fdd33a56604c51d7d0a,181216
7b94620603dc4828ac7dabc27399633775b84bf3,181216
9272bc79591414070fbcc9ac0c800c53f42eaeee,181216
d73111677744a3aeba8d1cbc8d0442596ea1f660,181216
2b697156858a3b328661cd896052a201e3c4b908,181216
98e2f1e8d2d6fce8b7e4f19f81959a10acc31742,181216
ae1a7bc3159b8ef1c16c7e3bd0a68e7fc73d39dc,181216
e8c7693c8d10a062bd5bc29987af36d3efe6e3f0,181216
62710134649a99ea15c8cf0018370bb024993a70,181216
b81026a96c74a162c4cb8afdce7089e8803326ef,181216
74b35fa6faf967fb3f1f19e2f6ac0e177d009157,181216
8673aa9e92358083fc70449471743898fe8e7d64,181216
b193756e99539fef415fd7283f3c196794aa57b4,181216
7bb7063d06b08ee86a5514383ab6d2f12e589b55,181204
0228791cd720eee47c2107c51556ff4149aabcff,181256
7755b285dc101000465eec3aba33f190e7ceffbd,181216
1f0f872dc49ba0aa67e1ee04e2d17cf364800c77,
5bebc57aa1f7f4ba2c5cf87f017ebb0d3e81a3ee,
b8e9aab89daded6d140adbaade85aff03bdfd4e8,
df04e60eca720d4205eab5102c6c077351a48b35,181448
de1f7900d9b14bee74c731b515122f7f5615cea0,
4cbcdc35140e035298d4e508fa20b7378b31baa3,
da11e4df9c1dbc308cdac839820fcbefeebaccc5,181216
ee06581cb01cd47aa1e9583053e8855df2e7ccca,181216
7d893d628f72f7aafb3336160d3f0e41b2deea6c,181216
5206cefff83ce68d214b8ef3c6f2dbfb8d29e052,181208
c30458b5c6ac9aecbcc273af0c6255e854e076fe,181276
0fd0bd6a00cb61bcfb8f3bc60db0dd7582dd8326,181448
d6c14d5a70e848a3d1e670a451d14239b5800354,181444
fcb5ed7f634fa1c11beb5100d77fb474700823b1,181516
b34b2fffc41e6acbc980a7eb136cc5437a03e070,181540
6ec0ca09bfdf27d1602af5d61dd6c075a7486e93,181540
6a630b7ae572dc42975e9b8759084627d8592b1a,181708
8dbf31f1c3dd7f9e8fe67c2be82cfac218b44ad6,181696
c553ac74b1ba3c6a59ba2631444b9f7c9e84dda0,181528
b0b75598593f99c760c85c443e0e3a97bf77bf9a,181528
439ac1901d0e69d50def0cf817a22cac734ded5f,181504
84e748e9b04d428da620bd80087c1312ee63dad3,181432
a80a68ceaf3e67d5c721ecc98e128fb928c1604c,181436
d8e6f090c9a712c194a16cc579a85aac0e62e14d,181264
342b340da22a107370d2f049ccb73e2a9dec22b8,181196
c81604bfc7105e258b10bb1c453d188800aef393,181204
88c0b60d4e75621575bab156af6f88cb9dcb9c32,181748
954f88477eaa066ed63115fe4a6edd4e32ce53a0,181708
fd60aafb0f08fc72cd018633ad0135e9df5104a1,181776
520705c871d525adce1e34d647479c738c6e13c9,181748
7d7434ff5404e94183ede83ea0f1cbddfa321f28,181724
7748c8409d64acf7e1ec6a434e315c1ec1869e39,181732
5024478412c9cdd553c8b6672c327195e7ddc267,181696
5d7b056457c3c2593a8c98b3a0c8b1956c213471,181724
57d1e9a6c5863bb62f7d57324250d17463fb3bb7,181724
6171d8d054087b3edd5682730f545397f13a98ae,181732
4637a840fd14263db10489461576fca59f2f665d,181696
d53739f0a3898f72a67f5f88c565403b93c94163,181708
57efb61b3f33e6f05abb03617b49d5963a825cdf,181692
4e1eac238f45769a74fe79b3c00e8ac74a9fe83d,181700
4775a08b97df2cb675f6c3f060705b39024d9aa8,181700
a1c3416834bdae8a38b85b89892ff2d27b061ddd,181700
7b57a7a18d75e2c80ec32e6400fef19b0d5ce3f3,181756
5046a36d4fc68a7c87bf6ef946c19cdf84b89c50,181700
c17c33fe78aed206932388bbdb3b1fa18bdc93cd,181700
d92f48f4e752a62c9c64da9ccac310c0861c593f,181700
2e159d4c9056839e2103e8fc3af85df380250134,181796
05a0036c151f5a496472234d22b58e94cdcd72d1,181920
a40c1ef294a5e909463e151011ba7bd7e74cf1c7,181920
c4f3e8389e456da56bda6ac34f6b9ae646294f53,181920
fd2a3d37821f86e6197866e46c6b1931ce56865c,181784
cac46a303ad0145a009f9039a1991ebb4e3bb6b9,181920
1815b8e6b65ca46ae20a9b41dc9b98a4b22735d4,181920
27775ab08a59a7bdc7e2a359c52c5fd2a22adf8d,181932
e6c7bd2883a9741b69466cdb939e18babc638c30,181976
c5ce34320681f599f409ae40c7c635e322f9893d,181984
ef59eba84a32026e532a2ec16a2e798cdeea3e40,182288
f8856bb2cccabce27df030078176e92a8f53a3b6,181976
335fe5783125a0254e3343cf605386001df33a89,181984
ec04286ff5ecdf4b3bf4fb528771d0ba6974968b,182288
246ebea25d25d5a3e4a4e62ebd031491a409c923,182276
16401c7af59e8456f5970d44fc69e9ba95be08df,181972
ccb6251b59a03f4deb1a33009a65263876c69f7f,182272
c2615ce3bf7bf6ad4d95fe53ff630182f87347c2,182256
47a47cf092ed487e2f56780f8a474ad7f163ea27,182256
7fb893190fe8ca479c533cba74e0afce13e4733b,182272
e6a021e0509eacea80ed1d55fd000d54861b4d24,182040
9fa9873d26b8388c469115f14b22b91db40cd2ed,182272
47cbabda79fd19aeb3a4f74ccbfa5b77bdb26c16,182032
39b5c6edd05d6e7816a410a90aef4859842a89c2,182040
b8c507ac2b7eca4ab5c76c1b2a4336513aeb8497,182040
4f5a0ee9b232f27ce57859106f51602227d22d74,182096
662c002e2d1d5df62521afaf4ad118ba614cf05a,182096
bcf4294deb41335596803e7ddf6c79dce13d967e,182096
0669652c1b093fa7bc213e21727a6c54dd3b870d,182128
744b022e2540b9a705e96f87de9e949731e4d206,182132
20f6e3bb8303b815edfda2d314e4e7c91a314bb3,182128
22d74f27f0172a5ebbb671ddc0df116f3f33db85,182128
65d44ef02ab7626c8d0fc8733e7a764d379a12d0,182248
2838485e59b458cd928f693c0e74f4deac04605d,182232
29c88224f9ad0fc6a410a30fd5640e1fa4adda9b,182284
c9eb9ffb0d61909f2e4fa2ac7c8386bca095b27b,182280
e5794cf2e420eab451ebbac1bf84cb2eb91f9847,182280
e8c42c255b84f736f8f066cb6ab675e435a0bea6,182280
5cbdc9fffe4286a68d220970d1daef09eb4e1037,182280
2c235d144dc30b4ea6223430f69e1c5ae30dbf0a,182228
6b4bedc920019da6b8baa10bf60c5e4cdec7027f,182228
3eca403fec96ae9b0c8a5b505f6791e5fa15b3f4,182228
573fb8f37268700e2c6b8ff7a6019fb699b4fecb,182228
a4264bc16f83e9aa8a9b8e8a6520f67c40fb03d4,182228
749bb6acfcdb07eb62397459f0566acdff392556,182228
ffedf442a300dc59b03a78d9350c5583357a2e0f,182232
f3da890b09a5cfb207b459ef51ee8de814971e16,182232
2a903b7e0ac2da2c7cadd475463febaed3d6881e,182240
fea2ed97224a0835e6ec9e2737e6d961cce21548,182260
860ddb9afba82a2222e976c4c7b41a31c210d824,182312
7a2a1cd23da01beb963c05c70473aa9aaaef71a8,182312
957075403f8d745dd074e3482bcebba123aac126,182368
35a26969ea3651a84f4d4b08f24cb67d786ef4b0,182124
5302d46b85d3ca8622bdec3b78306ee7881436bc,182124
d6df4651de73d14db64a68d9b9c22960dfd5f56f,182124
51478f08b392110bc0ea6cc9c5940266c254d93c,182124
afe878ab4e9db8ac196aa516eb7a51bd6963b9bf,182124
bc17d4de736d6461a6c7c8c5518c1cabd8e4815c,182368
761a699c0e15bcc445a370206fe44df6e5e45f65,182124
a457c3e28f5c3987aab66f615cea89420af7f5b7,182180
e0e5dd4491a16abe84100b0e9d1a4e38708e045c,182124
2454560af1260aa47263c7a402491cfeb1708c3f,182152
a0a776029b764df01d585b1fa67e7adbbfdc8f63,182164
fa6985381ebe083ad1bf0f28d5880acadfb38776,182164
9b2329bc427b81250bc1b3d5d2b3c403b89a92f0,182164
9af922d6fdfbeb164cc027c2abee362f517aa255,182180
323c8ea51c1c94348ce238a0bcdea9595a969a91,182180
349558338fd7fa7c7574ac67def9c573140a28a9,182168
ee032464ab72e8763c1764c7a71ff41f7b0b98b8,182168
e767a8be5f10cb099102c761cf58e8d1348c1d18,182180
39cefc5038198c3b0cdc38be35003f983d17f8d0,182168
e173772a50538aaf308a5a58d835c6c8959dc697,182168
c59d8c1dc9ebab6fccfa1afa527c309fc039bd94,182180
235dbd92c22a091368d1f91d2a3c3ff2db5f8ba4,182204
a2e3bd7c30101ae812609a683ae8d9625046928e,182148
22823ca49c6baa434a0eebe9be91784cd38f4652,182304
42dd2fb1c8db3e74f2d5f05a08360ee648573a34,182148
4d2a768099e88e50da59feeaa88c9ca589e96bcd,182204
016f3a9c81afd2dee7f8ef974c273768b7f73c5c,182204
dc7479ec1de8319c6e06e51f3c08ca5170686e98,182252
2a50b40367da232609ff93f397c41455378b61ca,182240
7e9951d46fc610ed1f3b39f6a7b23cd26c628890,182192
87008fe43ae18c1e0252ebbd541e6b342818b426,182192
fba75ba5190ca9c2216583bfca6ba99ace45bc01,182136
579d794d48251d715b988b6d9262819f61d697a4,182308
71157b1d8dfb08eef6df3dbe8e8549c4d72d2fa9,182328
34d5612dfa86414767193e247ab229915418e123,182312
e8ef74421473b256f2de70f4a3c4a8c1fc7efed0,182488
1d222716147dd4ebdf9c4df998f8af244ae9649a,182488
7a7504ecf2b64550a50548c66d5499ebb4d0417a,182312
a3c76f826d103d143d6503e59234d713a478fd91,182300
c6bbdb3110fd45d15a1733a80978eed58f221b1c,182312
c3c417535788191ee8d4fd4ef17c8e49cf66ccb5,182312
f1a8185c1da4a5ccbd5995c0ff81c532d7d48cd2,182300
d956d1a74cad99cbe06e2adc7f9c13cc8b7911f4,182312
a276eaf9c38405564f862ee8ed118aba0ba0d2a2,182428
90a40935d960b71e18222e51fa3111c601bee5ab,182412
50e6f5006e5c2a202459a8b07a8dac04ed8e7328,182412
c92155a77e723605d17de20f1e1d66131598d715,182412
e53516c599b024642b38d1543c4ff155318edf4b,182436
f09d81025adf4d1e2fde19e8bd6d1f033182a953,182592
45cc21fea34f3009d4f2a9f78b860027499fc2c1,182652
e8d9a6abefada1591838cef2cb623f8fdfa78ede,182692
a0921132a35c976b9c5d4c6e545435b3e19c61be,182648
a16e1a8dd05670ecfc06e4349fea6fdc744400b4,182692
6910636b375594ae5041749b83ab4a37d937b73e,182648
9eaecd5d311acfb0c141012aa2941acd1fa15e4a,182692
2c703ce62522815afda18ec3832220416982f1b1,182648
2d0f75b9539678b1562837211882f9c7e5c57604,182652
01b9d4e64e8c44a7842092c2f1a6d67d70b304dd,182652
3e5033491f78fb85f244c1dc3c009f6ed3e0ba28,182652
153d76ebb4497faf82c2e7706a625dd8964d6447,182664
70228c552770050aa7e0d9834670c7668593ef72,182664
6a67a6c211fc9959504cf0283f6be78b2c8ef0dc,182652
a7d4e8bccf7de33d16a65cd5672287abcfd0b337,182676
01c5c736aba4aa93670696a7d1ca3cabc6484422,182676
7d34df4cdf8269e15ce7e443371379b2f2131d73,182664
2d851f070f7fb0c920f7f3328dadd05aa19ffff4,182620
af76eecd6bfaff97c9e6435ed16d4bc97b9a946e,182568
163a454897c419a2e7acadd5d7e2fc2d3ce05e5d,182556
05b3ea79d4f4b8d0ea6d509e4142684996a6f932,182556
4d07e259dacbfe6b481e892fb1927f70f4007069,182556
af6a4e84a1e0b37e7a1ecb5655bc5f46c3c8f102,182568
4cc92addbde100c70975344ca00dce5075b5834f,
548fec4836b98f9763b1100062de493d7b5f2d88,
2e144da9ae503d85460c7867911c7cfdbaa574c3,182568
0088fc7bad7a0bb55bd11d6c87531f96acf7aa40,182568
b4eb846293850c4df0ec89df96be96739a82f866,182568
c848c3c4c5030a4150a25ef94061dafa6ad3069a,182568
8bb333bc65f0b90615ead6c7a9dcaa566aa37f9a,182568
9c296867a72596c35ee008bc2e1d678e8d7592c2,182568
572d8f8390fb79199b7815d498b3fc045a2f173e,182568
4f9885dd5fa0ef22dac469b78d5e500ec4680d32,182556
c16740bb53671647e7adae0d1a6a3eb59554234a,182568
db29fc1aa19861114489b106bb496704e716c334,182568
7933523b9ae57e5c0e198c1731052a9fe5abe33d,182664
d7b04e7ecbf1093994ee23fc763d41eeb988d942,182760
3a0d5e3298516f592c3891e08cc9da420c8b3a42,182760
827100a138cae3b8d35ff70630c10492c9e86403,182740
a4035c1df45fffb2369ceb1a60eead6cc3ab8eac,182728
c693cb627acb3c77b74fad06aee4a02bf2caaf4f,182740
01764b23dbf0fc291a583031b9d1a7012f5fe95e,182740
9ee5532830e8f6530d93d81603f4e8e28ff1174b,182740
21d78c097d1afff81c24bdd989ff97d49dd4671f,182728
4c260725ab6da0bcae4e3f23cd1261b75740c66d,182696
50c185d07fbc75f751f5fa35dc0ad9877ccfd832,182696
47d26d755fc2ac7c16c2bb1c4d24d76a093262f2,182748
6f708c59eecfc1e649efaa8b7614c4e317b3db4a,182704
c8be10faefd1a76acd0935282c46d7516ce5a571,182756
6af68d5d7ce4a508a4c5597426c3cbc41d298788,182756
afab7373f7656f0e4097b771b74ff1cd609469ae,182756
d91df8f0bd880a6e955244241c4a08be1dab6165,182756
b384752070029ae778939678576ce0cff8bf904b,182756
9b5e9be3981fb25e5aa52170ab9170157bf5f860,182772
d5b049c4ab51c55ec5bf13f9ae106f3a1fa72705,182772
ccd40ebac742d0fc9a8269c960f8b0d4ee64be23,182808
c153b16da21a90958418a3293c1fa61fdf478dd1,182820
86863cc664e4a6e4e171115c6942c73187a1bb50,182828
10c851d3565f73f85814856383755b7f9568f269,182772
f7fcde6438cca237ac6fe58ee5424d805cc832d0,182772
126ee366a41289ca3c93dc0305343482bb517b35,182820
df365d3890273d5d7d7a2d102152cb9a7aadc91b,182828
ac057cb92827cb058fb4d5c21e9eb6a4a26840b4,
95728cbffad40fc6701c103a6a2a96a54f9618dd,182828
873c69789274ccc922f52f8ec3067f00b65c8753,182828
add8becb5cb99aade74c9b994449e96c3165cc8e,182828
a1ddb17bbe9caf808c3f8a0859d1001bd1ed9a89,182828
f326bf75fceadae7dbb0247f563aaf71035edc34,182840
a677f6791dfed0afbaa7aeec819690e69b67dc81,182808
72087d3257012b4603645fba988357be142228bd,182808
1fd2011cf7e581f47921593fafcec2113328a654,182808
761ba6acac8d761793f71809389b4ffdffd6f3a2,182808
ae17160d7f364f25bdbbd740d2ecbf2a6ef67ac7,182816
47e812f6a114d346f1f732bde720eba962f2bca4,182816
be3beb49305f92eac146078ff214667e96a8ec7d,182804
86f1e940e550e67a6453c14a51b5f3226f04343b,182808
884c6a1f59e441f49979b46060b0d6122b0d5a31,182808
2818f394999afc6450ab0e3a327c53a54c6053b8,182808
70fc1b2e489bf8161c2efef4c037f04b10d03f3f,182816
b2186ce3de5ada10025fc27af2816d03b1f8a136,182800
18edbcfa66fe78beed4c7e811e10bada2933fd2c,182888
e892d4251d4ee9e510960f6b5886a734e7292fa2,182888
414f4620a9426c6234ebff34b016f55970598107,182888
a4db7cdf9fa3ae0dde0d6417ba7dd3248ffe3bd6,182888
108daeb4776103f403e87da8ed10eb2b3c5028be,182928
ea7bab3baa6b2a0b984ab11bf68ff146d6214901,182884
3b828a4e768b53634f7a52e2179748b498fcb3ba,182876
ca7bfb836176e59f58d05fc28003aab755b5476b,182920
9d1ca5db63341f18bc36b62430b11ee4131d774e,182800
374d45a18378c87fa7148210ea18bfa3305e239b,182792
f1bdb4dcc8a7fe1d03e5eac5342d9455dfe6273e,182692
b37da94ed76682552a1aabe4748708905dfff0b3,182792
72c591840c39a642e066c56f41ad06216c55a26b,182800
65682d193ee73061e69d1d45a4d5df37f91d7686,182800
7e67b626788d1ac08a7221fd7a2672bcc78557b0,182800
1410c4005e1b706e7488c43a6b00e07d296480cc,182800
cdda0039529f43d223bc37a8ea15dfd225c00db9,182692
4936f72f675756381648b6e6d2011c4554b4a0b3,182732
bbb18a528b0385e5f4fe5e77569e2eca0603897d,183024
9683f2a473ef31307df4e8c46a40feca7bb45266,183172
892ac55fb26a3d317dd75936820167563d28b080,183100
c587630c01e5362e574d401a0c09e34ec8cadb60,183088
d97aa5309080f6e76b20406521adcdf4518c0f7d,183124
a00f30e967d324f5f5089597a7dc9b91511e0b06,183148
aa86141f510616375f843d9772ca9c18c41f891e,183188
7eaef815407ac161d95b78f9897af4de82966d0b,182800
4387e40c547a9124952b50928e1c8505839b978b,182800
656ee08a98ac0d3d07523cfd17c5a8403db09232,182800
1559f9b58872c60a6ac65cb2c9fd4254ae331732,183164
1e3447c69a0c434d725e5e8bc6c52d2f529e5319,182692
81089af868d88b7bd5a614b585ed6e305aa5e467,182732
4aff03c904139d7d64621366aeff1b9b237e21c6,183024
d346d44c25c4cfdce3f595ccd5a6f115551e9634,183172
1075e09d9f84008f070c70a340d717355ee734d2,183100
a2a4c82ed27a2c3e2937ed905c35f34408f7aa79,183088
f181fad6bbfe79b2276c6b4327fd15b7dde0977d,183124
1e5820c4eb60cf3bfd9f85a8b4b7fe941fc2057f,183148
c9993f0c7212031ccfaf3d4a47f14fbde45e7e33,183216
cbdeb183c9023fff380c4a0df67ebba27016c933,183440
9596e6dcbed767ef7647a9d5acf78c375564ec40,183440
e5bc80255b121454b783e6a96ee4c1011d8d6d1a,183772
a635fe875c44acf54f819b408afd16262c4dc03f,183772
b7edee01afc7a4a2a186460b3e8b1f7da4c070ad,183792
7cedf5adcfcb1544464da169b92a90aefef9fdb7,183792
c1ad901731598aa8c0b56351101348f518555277,182800
8e137c99872513c0acacce9870c4ba000786eac0,182800
7b5c3f20e873071de23597e2ecbec8222f8eca0e,182800
71c05c72e4b13c4a135251e5b076c20df5cfe21c,182800
030d06823d2386262f568174a78a1f6032d8b85f,182792
3ec4ac186cee31ee444b53c4b7b8d24d4b44b053,182692
c54a3246024bef73d967f38fdbe240a8471752b5,182732
c8057c72cc40954390ac3627ae2a0adadd8e6034,183024
5a24089da3a6be45349df951de31246959e2d7e9,183172
ef8488b793fe55e4f71170891cd14386276afecb,183100
da4aed259ce1bbbc1d55057f3a5bfde62063720a,183088
0ddbc89e41978ef025f45b962268ee255843cd6f,183124
77c6c2ec9eb6dda9c52dcca0ae40b6c698de4aeb,183148
b4001f6c23dc80669eb1cbab2a2c6bbadadf7358,183216
ff1867f4225631f2f952962fee5c7a2c3a52dbe5,183440
8574140242740f17ebf58c731bed07976f8aa8eb,183440
ee3bbf650efc8f4ddd09add28186ade3dbaec9a2,183772
6b289135561334153bb095e1d104bc95a6984959,183772
5cb74ea7488f9a6184f807e2d892655c92bd15d0,183792
e69cc3ba805226aec54e7d5e50381b28620cc7db,183792
16c653d0c22c74ea0ac05fc1226b3bd508a0df46,184448
9141f046113180fb2ec67afa89e05eae7e5728fb,182692
0bd8217803aa42d1d3ed826dcd0a122555d08471,182692
b0cd2bb6fbc6fde0641f4f55f6f35a4302121f72,182748
4b477de9e3a8e046079f443a423adbf2457b406d,182760
6adc2885dd085d049d45c5ec9f10e60798859bc5,182772
fcccd11e9b8ca414e252489a487bd70eaa7a22d0,182768
d5e6c8cc12a50182004d0c874280f6e0c5ddf895,182768
9397840ee8c52b6b07dd1827e939e212c5ef75c0,182772
db8ee9565425edb2b4a10d05971fc5c237f3f8e5,182812
6ffbed0d304f8db8789ea794a5530120964ba121,183104
d94dde3765b58532c5ab06ccd90889dd61d11906,183252
a62f64999f041c27bfe3ac919a8ac0cd21c85773,183180
95a1edc457f10dbb11512f620709424573344ba7,183168
1c412425455c99141fb47aa496af16f49605bde9,183204
a00a153056e14602bbb216c52f13283a20e65efe,183228
eb3c3a7ddc65ffba24e5d5a25e0d1a967140432d,183296
cdcb2bcd811ffec5c4b6d5fd45db71407fd83c16,183520
0b2678de9cd9c383a7f4752170fff28ae2eaac8b,183520
35a97ba27dc95212e58655dc60210029c4f5924e,183852
c705596f7fb77ef15fa7f5bf40c97324fada6006,183852
9ce05e0daccb3f143edbc1fe024157c52a67919b,183872
7daedcf713fa6386a6085520fa1b64e2807039e2,183872
50be27332392b68681755be4ed6b537ccf082036,184528
60e3134d39df94900653c951d3159bafd9862d47,184500
d8d632d6d9c2db67b9d70a487714160a073c15dd,182772
0111a33cfa6ec723e14da362c0329cb6e0e19a09,182772
5c2601828454845bf4efd39a282e0b003148b00c,182772
a5e14cf2765424fdf977baf57290f753884d2f1d,182772
f9ea08e59d8a54c317155c72631daca4070cbb40,182772
18ff611c19bfc4e757f84b896a4fafc142934083,182772
f1e7c5196f201fe99f7138467ca077320e53a278,182772
723bc7929461c659fc48a02f9a325b36e4fb5813,182772
71b56baa351f95b656128f7088997dbc9057472c,182772
f5fff7c46c10b4436552ce81df10666b7de8bf8e,182764
dcbb1bb2faa61cfb8b64a5a2ad009b73d9a2ac27,182816
d959fdecb5b028adbeec332a0d5c49a4caaa7655,183104
53eb2c54cf678ab3f996ee3790ce722b560d3af0,182772
5a1ee3a2abd85158b63b102b643bf4bbb3173851,183252
f52fb424892dd01a9716f6b1639e6c54c6f79170,182772
0c1cee6a7ff8752820728fda0c5fdb27e912a855,183180
32a77a6c576f590d208bbd10ef0af4ce764e9be5,183168
9b1c795474da46c1467d1dac20e07582c6c94279,183204
fb7f52350ef011d9ecdf39bc59337533acbae8e7,183228
95ce31021098df46c99ba7f3d2cfdeefba86a489,183296
32a4aa415a88655a8d9fb6e2e4f804c9cf77ddb8,183520
021dfe19b89c47012fe95f7755091be339ca5c66,183520
43ae2e8cf65205b2b3a22db3ba61ec135428cdfa,183856
98245d8e283f7217b92ce1b1a0ed1d5c54abf32b,183856
0653ae9cf7a0cd077ad179a54ffa12e0205970b1,183876
587b89f67c232bc8ccb549690a68d14338705ab8,183876
b97349750b361688d1b75ca7fcfe6802860f5d3c,184532
1258ecc17419da635db294767d4306ebcf784c32,184500
2f367c2b22f970071e7de3cc9ef20720c6b4bf1f,182772
59dbe11f5d16996dd550d5b740ca3669eca3770c,182772
15bff2988fa76f12f0cb77f525d0070f020744d2,182772
63e26377345fad1d37603b707a11c0409ab26157,183136
3a3d5e4c43cc53ceca80e4f293a13547d1ef3ff8,183128
2b3b4c64876ffdbf8bf0f1cd49a0af5ed1267ea9,182764
5259652aa3459c8ad86e02112bd1b475b1ed3ba4,182764
3e9d22f6bba6af16f48bba7e061b3ed21a63d22b,182772
c7ddd3ad7c0faa9323f2d4ebbd9946df0c83aa23,182772
1d3283276d8aa446d3cfa1df321b06aaf3db92fc,182772
0e581a9922ceb90980236987555a175aefa93acb,182772
351d5b7c765bab5fe8c0f088949fb15b90d26244,182772
c855819e33d2847f64f4b479e82e5e3748fe4e96,182772
b33f5e819736d74614494bb8e99c1456cebdfffc,182772
30fc3992cb238083dc2305531a3a86a01cfe9794,182772
0e487d4b2deed95425f0633909f9bb9afe46abe7,182772
6e618837edc8b121e942c3acf13cdd9b6fd67f69,182772
54d7dac96dc3258ac4554fde78079e2ae5a4d73c,182772
ffcbd0287015a4268d76a06e60d630b67602db42,182772
1b38ca9f882c15bbd94684d24ea6b3a2b5d448c2,182772
9c05e9210787c86467e99867e30267b645bf12c6,182772
205a36ae927f2e5c04f4f5d384e939bc76905983,182772
8a4dabcb58e39c33537e6bd10aa492f734136bca,182772
11067f7939c93d8b026da830880f591e56475646,182772
922acff0fbb6e901f1c25751614b0c967087c6be,182772
e778600507fca2e6b99b89f81bb9deddcb7da6b5,182772
45afaaab40508074c46981ed1cf20c9666174720,182772
1cd50dc269655ba17fe3673ce25bff8d0015e284,182772
2c6976e8cc89ba0248e268fdfac51780b4a46bd0,182772
62fd6936f54b9876000483bb00a182a245cf97c8,182772
cc21afbb593409f03e24c5726ed5f7766fffb93e,182772
3cd84b00f434e5b6d15dddc809c735d17b856f45,182772
2ef0de74ec232b18616cbaabcb597fa6449942df,182772
f4106eeccfc2b5922cc4a64731045ea4f3906fc7,182772
5beb75167a8282807471c121b6e33bb53d04a021,182772
7771da63b73f3d4adf249f018da82ba59766fbf6,182772
458fbea55361006140a5a437196437b2c8e23049,182772
dbd1c76b79165931d6ad2be35cc6531a79aef5cd,182772
038325196430d220184026e162d80449db4fdf9c,182772
9255b59478abbc48a9d987b973ac80a110534d0f,182772
8fa1ea987c823dd121ac67e1d63ecd8090f52314,182772
71750d6d253be9634856c4742c33b6c6dde45ed0,182772
82c3182cb47d76e22aa7ebba1c38ebc5783d4962,182772
1988d3fa49e1d39090dbed17f53876cbb75c7145,182772
303274caa861a7c448f00a9b8879b87a315d698b,182772
7ca73f80e69dbc7c2c17a5023ca6b9243a2e96f1,182772
cce863fc31bb055beeb73e43154640f7bfcccbf5,182772
dd17a96937d0282ca221a910977e983265994e88,182772
864fe5e8e9c6c9b5880b35b2d76b59c877a1bb12,182772
a2676fc4ae65b075dc995914767375b625b2b2d7,182772
be463105a3f37e426fa04d37754cf1f15f3597b9,182772
2ecd8527b219d81b186f68d21f46a104a6adc735,182772
01672cdcb2618aa0158cb6b32d23bfce1b583eba,182772
f57b4d75aec0a69501119f9f12e8db83cf121758,
68f75f2b883e5e13f9b2cf61c353a55aee75a9ba,182772
57a3f40ade3852c152fd4c081a461e4b799c847f,182772
d893e4bd837707865bbc6451b33d7d5de42dbb56,183308
75dcf9479ab0217de6458afdcd65e5085644a2ba,183308
98e967856acdbc8cf4957f3c0769893fa35d25e3,183308
7323dd167d44eeb323949f9cd0ca9f61657fec39,183256
9a6d2a5d5a1175a24185f998a5d0203b71c51520,183340
121c4dbde221192a3efa6f87633d7df6ae93a2ac,183244
5942831fb45b906658cb4978dbac1c70d3daeda8,183612
28ca71197362821d5030673ecd1716b44476aab1,183616
69910852d73ce6bfd5ae2286c15de1a81769028e,183620
6d3cee8119c398322d6f4a3a69ff9bab612810e0,183680
faaf91918b10d6ded53e28d38c70e2c2bdd4456e,183672
4eb2c1980d20d3798a73f4c13ba50bad299c3673,183688
77040e9cea288a47ed4d79c5899f4d9d0778bcc7,183696
2a9ea6c9476299f90a577c55bb553775f83fb1e9,183688
24de0792b66cbe9be2361eb0af3f040d832a8d8b,183672
255919c534f6865eb45ccf67a978f833ed3ba623,183700
2d1298ff5c319633980684f1df3cc46946a27d78,183680
3018af3a8c40fe9b7b7d982562fc5106927c2ef6,183668
a0676ef2d4bc3e3e94930175c90843e3f6011485,183680
9c74f260075fbdcf26037541a2692d3312de1727,185080
492c8a694c6fa90f9c9c69c2b2384968c76d698f,183680
e29e96a96daca55884be4834bd5e9422fe28d376,183680
0cfdec435a32fd63b5782a71cc73eec856a39b5b,183680
cca9a75fd02027f0c9657b3e8414d47e8059e151,
920c4f564479fccad73c6a31db600bfeb1ea2a8f,
67f1adac24fc593dfdb353925c5cfd87f3673615,
8ad5b77add6903de07fbfb39ae48f188e004673f,183680
bc3452ab874ba1d6855442292461296b56b1b494,183680
16da14e37a8caa981bb21768cdeaf182a1606366,184208
75a9c12ae2223509ba9c4954d30725dbf1a47675,184208
35fce382dfb8db41964d63a888dddb3a7eb71769,184344
7f246429fcb2c439da097c4a222835da2371b83c,183680
05f5164b21cfcf69dd8eea8d038647ff440a09ce,183696
35020990b31cbccff7567cc65fb4b00e3ccd407b,183688
a5b1481ae897b2aacfbafe03f7c2d8143b2e7982,183672
9eae170c2dd9dc3d5a76727ee679134a4cb4e160,183700
5d46e290353c159f45d8d4d052f84763b3899ba9,183700
15c3584598e09aefd48b880283cc452c95dea788,184204
f635ce6bec7ae9cf891d66577db5d19d98bbf3cf,183696
2fb783f45a5e871a0f92d2a6142c24cc87941405,183688
72441c5c970f80cca9cc5cac07bf5dfc2578d538,183672
295ffac99f992d4a190c3572f2ea4bf0a5b69ec5,183700
0cedd5e0ddccb18d890b3ec7178c214e786b546e,183700
07ca418032aaa3d586b849ba499cd6ab444a6791,184204
feb84b3556eb452cf8763c77768400d6213b8119,184204
9ee5239ee2fb53807bb61865bbeec5aac4837edc,184320
3309606e8ca7a4e7773973385200d0ad6a401b50,184340
f516f586a2e631407075e7716063448a311bc477,184340
f830658ffe17bebb6f28e620540e01955b41f5c7,184340
a8fcac09d3135978e4de8dc760e3a72b29b919e8,184320
b70ec4aafa4b23b6fd6f9ddea84f6f92880ed861,184340
27d4c940075ede9229c19c435e9fcf219c494ad6,184340
a3fb875d7f8aef87deb4e0fa21c8d72e41358f05,184340
0397d7732204b5f662878a5f3683a20e4f27d6eb,184388
01d00f3f5457c5029f1153b3c44acda01ba238c2,184408
def5e3c5ffa49cc8032f7803257c0cd42b19b9a2,184388
addf96d76a1d7dcaa268f7144edcf70a27214537,184388
70b893e00b9bec58ff69c78c9e52753e82f0c931,184388
16d91b3ec639d25b93b4825aca51e1d65d4de9d2,184384
3ccff28eb9078c99bbba00f449f7828fb2264fb1,184424
4475b61ec1e3f0b6098c5bb2e79e4e1c8be06d58,184420
bb45c7b2c8e03e88053177064c05eef28b978083,184436
6c7c16afa49b4080642c9776370ecef8ba9994e5,184428
ed983e60bef7f6a388e340e0155eddd15b4783b0,184428
280437ab86fd5d060873dca539653253c77aad2d,184428
9f6397d7f3c65c8856cc4ec9eb9407660f7eebfb,184436
531a4b2d6ce8c4cb6eccd4c9a42d48bd8967ef0e,184436
1120d0282a4302d5c6849fd4eb63efd23fe3286d,184436
a42efda6f85c2aaca3704da7d87966dd5735a358,184448
7a98bf1f081cdec93d5e8e77d4d10eb0cf02d401,184448
ff0cd1f642876777a2964e581d8aaf2900564c8a,184636
ac031d48ae3ec0930c093b5f0082a8a7da2e5c7f,184456
bb4627a9ff01e9c7aaa02bd198ec4c76e1fb0cdf,184456
cf9b7192565cbb6c2beae3cf197d31bc91db9844,184456
de27d5ca6ce3a0286f5fb5f5369219284daecf0e,184476
d35e824a83f57f116dcb04dd82f2ed62bb339dde,184496
31849776bd1e6970f09d4d75b2f73af971b6cf4a,184508
55de59152f8c0e16912cca64e94bbe3a32f71551,184496
72236312575e9243a7db33feedd07c8f4eb22eca,184508
1799af0a835239da40ad2e725597e295fbccff12,184508
956fd10b7aed71c39b8a728a0e3f6af1c455a5d5,184508
044f29ec6703aa7cf11b0d485347655ef90809b5,184552
756a9d44496fd44f71d6b52e469788d7263a0014,184552
0ebf103f11e3d921527f94ef0ac7fe965c497dfe,184676
cc7275b22539bd2e8f3e1b11e7bcafdeeafd52da,184716
6921619ff027f0085648c23a941e0fb63eb37496,184736
69656fea9b07be2f969e18077b09ec34696a846c,184748
68f187b539cd6210807f86e107f8719c5352b97e,184748
cee6a4cd1f351e4657e0e688f798f323eb85303e,184748
5ed7298261186cb0e6c0f412536bfd312fc56969,182904
4a8a99deb6881690a3f002cfd7b02358c73ca1bf,182904
9fbf037efbbee30bac14ff19da20c55b204197b8,182904
61e5f2447285db786740756b27ff434e3382ec79,182904
8d097cc95b358b0456ad476ab73c11bb046e3270,182904
1d1fdd1093044de9e35784c7d1b56c9d1454b6e3,182892
6b73ce858799fd281d3c04b2ee0fa6c8e85c9686,182904
dc43b46674527e668f10d6b45ae7441e6b56d868,182904
4b59d76c1879c93c896fb25d9e4cc69964ae36fa,182904
84a0f705f3a29c55ad5a3d42bc0049f1ed773870,182904
e90ed415c9cb9b429b97683899f3ad280ccb2d5a,182904
cfc9e8abb8c80d88e0de59fa847bee553205ffb2,182904
62f38490d446f1ddbb4be63bf2f1e81714cea3a3,182904
1c20fb84d8c927b2c9954ab1a41c1bc1023d8e1e,184748
5c81b19c74fa0050e2c9067671bc513fc1b14ae0,184748
3e46891bdc7c98b161248d9778a3ed55406c092b,184748
47ce13ec4845f465c454f44e8a96afd6928f1121,184748
55a76e4522452626db3b6003bf8c83da83bc1f15,184748
913f83277999f1dbbde471d84959d24e720fa289,184748
1b31856f81a01892caf8839b9e6d0ca028191091,184748
c7b857fd44c8d0a985d8d19ce140bb636a2d9854,184736
d18ad33cc14c032e2c5f9c5d11e31240889212ed,184736
6b88374fe230e51ecc682e7a852de48ee3e16757,184820
dcf27d4895aa844e82b74e126ec87e900bae8331,184820
870c0e11623fe9542d2fc853bae3e0ef51905b24,184820
068a5982768575b5505a3721d53ae0fdce30069c,184820
2ef97a3a63dacd32dfe6baa0187440274f9a0266,184820
698dd1ceaaee4d9b260410cb85d0003707654e1a,184820
21da7fd36538e8d5bf4fc624160ada49fa834918,184820
cae549d05fbe9f8987f8bc9703c631d5bf082bfb,184820
6ec75085520e6d7efc5eeba725ff7776a2b7a132,184820
b5b7ded5668bcea6db92e15070d518e54fcfdfa7,184820
9fe1bea862442cd70d7de4f80e6cbae825278572,184812
8e982ed4a54be50d8457d3613ffd5f8a481e4fb7,184824
69dab0585ab5499e373eee49e0748948b91454b8,184812
569560a03f9ed4c832aaa4cba8fc85b9d43f3d96,184812
f4f68832d289d97c11c5e45133f7beffdc883ec8,184812
95ae9dcfa2d10c9ed3fa6d56e6005a63ac716cfd,184812
9c270fcaca714a9138d34a3cad06cabdc3a5161a,184812
083f28e4ecf3241dd361edabfed73e94f474ddff,184812
dbfc1daf1012cc82a739d3429a16f08dc1bfde28,184812
88cbe2e0dbbbc281d4251c7732f7ebf4eaba11b2,184812
64ac569d22eedd6c9ce31b770785e058f2a2e51e,184812
24d77e8f5b20f0dba46187832bcf819bf3610c20,184812
8ae427c1316bbddc0b042507c6bd258a18fdd63f,184812
bc3a4141775f3ff1ceec137f8fa911e61f6bd75e,184824
77951d4c617256ed46d031c5a9fbf736f17a895c,184812
da782245a9007db1333604b7e825cd8a9884cc8c,184812
830579b255b526779c1ec29c20dd4286bdff9080,184836
fafbc2f209494dc3a312356f3b15727e9c665712,184836
74f83d1e86e4fb171d7cf232b929714bda186de1,184836
48e0b9f2f7b581d357de152988f1a9c3622bf30b,184836
d7b5a4960fdb34a18608e075d7caa6badaa034c3,185028
d6d348116dcbfb555ebf7a278ea3614d832e2784,184836
ddcee6df4045052ba2a06626b50c7792aef98403,184836
6a6b2752023c5e7ed900de2212c332827432a352,184836
327e4d6955a01b128a53862945a5a65f4c66831c,184836
f658e61a7544fda3b87cc3b793d42ea429d15f11,184836
20a91b694d07baf05d71a9b677ea0a5b66e5095d,184836
0731ecac4cb5bfcb0600eb5372571fa5ec20b4e6,184836
7baa359aa046a831fffa83d4a7f988136ed67640,184836
ee833e9257a490c1b7fb8e89da45224dfe16672c,184836
e8e30b0633ab19c59672588c0295fd11424223d7,184836
30e9b9468417b50d084793608d6a561280df82b3,184836
77ccf945be933e019e5667168b1571f3844479d5,184864
518fad29fe3c33756e471a4e24fdba2383bf9311,184804
b213f6fa2ee228f51defe41492f989e3c7be9970,184804
7ecf4419aea744ce78cd4c57c26239878f67a04c,184804
55e024444e06e43f2ed02b4f0d3affaca6749b36,184852
2d901b088535a9a45e17a155e7f65cb181b374a1,184836
0cfe2856f1a0824749eac76e53f7640aedbf6435,184860
2bf2effe62dbe0c2b83cf5f9a773a8a7dbd531fb,184816
4965aba66cb78853f71e52615e82f025a7eae58c,184860
dbff6f015fad2d08e59c94520c9855c945550076,184860
fc4d5d0673584183f6046e29612fdb30b1771fb9,184816
528ee6b34f1830513135432a5906af5352f8264d,184860
e53c503dff86a47ba77fc6500b8ae3576e356658,184852
3f1253c296a2631bd9b01c9eef65f57d66404b95,184804
269851897e0098ad5d6512d260bfd501c8bb779c,184804
df812b05dede9b4a361474d016d36b010156bc7f,184804
5873e541d71f279d15d7cd1c6f3b08bfd8a53c4f,184864
8b28a43f1a4baa379e541aafa1adc622d9757a29,184900
e54131fc14310e9bad6bdde672f3ac2c62e366f6,184976
160efcd34cd875f3bdcc802710b5e984218f88fd,184976
e945cd78ad3b9b6b8d603fe61c428d522eb0d262,184924
b372710314783b5f4b910714a8a8d5366e3951e0,184924
17bb576bf489246d8054022b13d99b80c5dde8ca,184928
5b8c9a8f0dd08eeab886c07d13f33c5a6b689ba4,184928
93cdf238db86090b3009162d4475b83592284a73,184928
bb3714dfbb8ef40bfc1d6aa36fd487f6b2763da0,184928
04944d912ac02d5b6782b1273f760f3de1ec72f4,184928
7dcce2dda02505087a4d7872ca1d591bf18e924f,184928
66e4e18a27af957f595266128c11f42397896923,184928
308377d92ad3a8aef727c8d33fe9e211a69c3164,184928
eeee4be0536254aff8621c51d4f5e284f0a66859,184928
ae177eac99584f7d984b835b399ebe98a23d5656,184928
42a1a068d0ef81f4285a6429d0361c916a1776c3,184928
313fd3c0a808c0912e16bc2cbf5095d9ab3138d0,184916
5a491de54af70169fc3af9bb756780b47af9f37c,184928
a2204e3097f1d02430a9c221233ed82787f29e25,184916
91c9830ca0ecdef6e28daa5f7fe715d2fe07a90d,184928
a927de306e8d09e64ad6c3f888a42b0b5b3ce5c7,184928
394db3fd94779401541c778c4f23720bc54b527e,184928
8316ea72f22a296b734ee4aefc53bc5c6445378e,184928
c48b50c6592b17c7cc1340e5a5849be8dd0cef7f,184928
adbd29420aaefc970bfd8f6c80d5657e2d18cb71,184928
0b3f196951b13ef3733a4af7d32d2806cf5ea5fa,184928
ca3a190e26d8c35e093fe1417d351954862b0eca,184928
4ab630f794051444906fa72dd0611d2c71cb38b4,184928
6fef352568f7ddc2d183105c0955d3477cdc9fe8,185372
fef3c34705d8fedc18fcbf66037129548d117b50,185360
c1f425f68f30e1736fc3a8ee0fc8fe7d34bc274e,185396
7848d5d98f4f5288f60cb000c8160769c17224f7,185420
07cfe6a8beb2065c89cc6ad1721bb18d5fd54170,185496
cc48d82fab066102709a3346fdf8145c10c3c322,185720
8aee1d396abc8083549db4275947e97715926648,186064
b4b1fbe8bcfeb5cb492e6912241025d5f603ed22,186596
6a69764708cb71dca4ade66648dac9f1af25b6c6,186708
91ed0ed7e1a3479d49624413513bb7b5c771fa85,186708
21842dc923d0de4e6378fcc5708f3ed10952f27c,185004
856c4c9de5fe5cff60f4b249ce2c2dda6be99e53,185296
982ad9bf5e9c4917f2b441261b4f772450ae7aff,185444
d0b80834c54ee8823bbe712ee6516e9faadb4e57,185372
d01d0e0f13091fedf76f2f02d42c26e0449e998a,185360
4d0e1f7586a542fef9d4db4c61f69c7aee11adcb,185396
a0e2aa4937dcd70a3cc92bd536fcb5ab62b155b3,185420
2a15c09f058de56e0666a4e4d569b6cd31430e41,185496
6872290fe1a0354a1c80e8d71b56ade6b95cc36b,185720
06dadc463425a0758e80f3146d40a8176482bd19,186064
b537e2e64300f20766d448c401c49bb28f0f1a2d,186064
1e5d379eeec21c48af5ed9c47c019760c76586ae,186084
555a82fbc0afb3b95e9568a19ac6e25c8a912a5c,186084
f9e65bc07a512f9319becd2868b3df426d2988b4,186616
274a30e92fb2812276390c652c58cec826757e81,186728
89757ce2fe8784ef9ac892a125dc5e1be0647072,186728
db99a50caccda5d97c58575fd20cf974db7cd566,184996
8e83b4ff70bfd5d022f704d64c93dac396ad5378,185232
9d0f6dbe8c293c02c6dedec0f3a97d2a3968e60e,185732
b2c5acbb6ef5659b73d82c2d8aa8770a343b2260,186460
a5440a755d6e2570ab0f14996629cabd14ddd0cf,186460
c6a6b24c7ef3700378e1c2b9eeb1d4c2e5dc0b97,186644
ec0380062f2009df08a52c47e4891dcc9dbf7b1d,186676
8c97c4dec217fc5581230454e818c73aef93480f,186632
023754d16ad75d61ffbd931525519eeb79b4ef76,186632
d0519418f6624ca1e549693020b7bde1048f1df9,186652
cc71a65e1fee8db3ccf97fe5c953a8a09774b457,186824
3d563772b60dcb65097ed69bdcfb78e6696aae3f,186844
53994bce356c82a1dfcb49291ffc00e2758ebcaa,186840
c79709e89b5c08ac9fb8e662a76a639d16c0f9d9,187588
12b895a89b5fb0e13396ac56127358df1b7f9c2c,187708
fa7cf76fc70cce962e610530e601386b58749752,187708
e96a9da6997a8be4b9c3c979a253cd50fe8ae7c2,187764
7fa5ea75f9f2ebc1db102231e94ce0ba2ab6ce5f,187764
fc39674aefde044d44cbb0d5813b9361f2ddf5e8,187764
eb75b00b62629b44014e736174db367dae2c1288,187820
8c71a51b6a740c8dd16bc329adcfdeecf91f7429,187864
14bde653b8f6cb298cac63adf80b76d75b7750ad,187892
5e47f5dcbb4fcd4160dd806ed8535b07d458f260,187848
236528c11a1a4b653570e42020636bd2a9611022,187888
6f4b084804a352107dfc60f3fc0890fde07766b1,187956
e90c1c6fd0a5ac445e52925996ced5852017cd4a,187884
fdcdbaa44e546ca80d86eb6a10e09b70df82bda5,188156
053efcc8401ddeac6b426acb01c18802924071f5,188156
7a22562b1919ff6447674ad5a421213466b92fa6,188164
6cb1cb69cc3012b21897a5220efe3fddffcc9062,190148
baf67dacda8928bc477499b2fec9ff9b65560d3c,190308
d1d885e7061660015763bac2f37bfc7ae42fdc4e,190312
589d881ff6099f18afd1925bfb3923474f1829d2,190312
30468b122f2b0508bb0814f50ad43807f9abd059,190344
2f96b28a0d62e869fe95977893a7b74d818ea421,188444
f67b8ce5a54ba36ce58e52509a02fe81e9220111,188444
7f64303ef10e0fd4209e34bbe68cd43489bca533,184932
d24e51adcf33bef0f01c604b6caf6a4456513f52,184936
030df92c51a320f7da95203e4724d436b2125c0f,184928
e29da7d442c9289b929c4ff36919258a9eeeaae7,184932
6240e781c6b72ceaa97c66617080b0c30b1b3770,184932
1d49bbcb8e29a2f0b757e3a2ec3f336e00944763,184936
44a3e4c40fbd2ef5816b02961c9cc4acdc9a1db2,184936
c09c3902c79b6a765b1948268d8f835281f6e914,184936
bc571c2bf290bd4f6deb6eb0248f311f4299f8ca,184936
5f9ce9586f6ab891d863e98d1899663a27fda8a8,184936
0e7b0e3c5a47c452007bafe8e24a6f9ff064a623,184936
270e011332e60bac4afb4910e0ace5288b4691fd,184936
f6ef7602bbed39e4210acd4c72cfe09c3692d823,184936
4796f4879ebb7522d26e883fc540d222f58fcee7,184936
80acf7b5c267411a19bdd66b96b0f564c22f9d6e,184936
b93bb4c2fe8adb9a2fc337aa8f188117a8e1f4e2,184936
1a403edef9298a61ec30f1092b4bcdc24310df03,184936
6fc1585695132caacdb8ed0c7bbe3fcfde572317,184936
d9642958fbef0fffc9437826c3f4eaa4f9402d62,184936
ac2d346944e8d56dd460511f9b7b553895b6c417,184936
f00709ef471d985490db264927718766e58a72e9,184936
c723873361a3ce038505becea8456071dca7a73f,184936
f30de27e457b4c26cc9f0960208f9de51037211d,184936
58fc68411490eb6e685b6732a7eede65cb099017,184936
00ec32d3997d5b5a33567f02f39667e8c63e3037,184936
13e880bdc62542f5765abb76165b956828ecf203,184936
e4476e15b0d7f2835551bf877969696a40d54b9e,184936
71a3c51e4c9d0e489e95703459969d804201b873,184936
1e0b85253f488256e0dfec5856207a5b406623f4,184936
9a6438473ee903071a76f0ab7a717e4d3c022f54,184936
1b2d9157af76e1cc77361fdda07ddf4783d35bac,184936
fc24f18438de3f5350e97ba9c469e57996b5e910,184936
244e7fd8cfe2e82b68e4ba2a8abacb63ea7f4be1,184936
4d40cab8bb01aebceef25b0ee85ae4c3c0452bba,184936
2736eda139cf476f7dcbc76af06f3d4584afbe12,184936
1296b36ec50347cc1b079475850c586e6c09f26f,184936
ec057f752d7b73428d7580cb8e3bd8c13aa14fc6,184936
5e31948713424a554b02826f708c8027fc34f14e,185012
a43f87711f298c945dc9edbc9f31eb42f670b03f,184936
24c67d9698a687f95b9fdc3dc4713846bfd820c1,184948
1093a4ef4e269240c409fbbee8508ff2437982b3,184936
8423448451dfc74a38ef4b98b2aed3d30d7dd4e2,184936
85856ae6c03fae35ad66a62ab3504e559a89b96b,185012
69c20aad880685f9866e6f8f7cb5757babcaad6f,185012
16fa1e134212d209f4359dd6ebcf7dc3a82b5e27,185012
b7ffcbf031018287ba8d3acd87dba8d86f34cbd7,185012
c4460d8184af56821ec8721d18d9269b0fe2b16f,
8267c50d41a68e00db6483c127a6540f2b2c02a2,185540
c72148fbd474ca32f9d82b3949a349af8c550749,185540
97c86c92f29733cf2ae5bca8892079a23ed47c52,185676
d4392d0c3c0bc2832a4fa70126af0248aae7965b,185800
0f343064efa40073aa2402136c9a17c8f3018773,185944
461803d4dd7d4a8a43fb911d9eff3131ab869a4b,186072
a27efc6bdc7e81a2e7d975216e4f095f3f5297f5,187584
ad23d14296cf98cb72572d96449ea3e90266d842,185084
c920a95ddd12efbf82af2911e1eccc9de4c3c989,185376
d74f96dd53545561333f34cec37b45f71f5ee5ac,185524
ccbc255887c0928682ee77cdb9be5ab0e070f7b7,185452
62b892d541aa5a3dd533b354a8330bfd0c191d6d,185440
892f55751562bb1f564278f3693654f594b6828a,185476
e5df4d8da04ebcb95d7d0aec0bbc9e463a46a487,185500
01dbc192fe2ed20ec9a3702c031083fdda089195,185576
5702eb73e246c898052a4033cc978a8fd6fb97e0,185800
a299a6f9da26a647be919cf4280dd5573872db6f,186144
0e27a8060395941920ef2a57f94d7780b2c6263e,186144
00adb8ac06fb20b72ce7ad98604c091ff809e536,186164
69773a32f95549d5e95bacb5e7222dc38d65e491,186164
5916ceeda6575a2a234a804c89e791c18f3728e6,186696
42ffe79ee9b314e2540212b2b222a8b9bcaa5a42,186808
bb35ead767415c5ac59c254833e592ee249b893f,186808
462b5129830254b132de441dcb335fefd1ebd60d,186820
1110037a7b0036295cb1f6803c95ead9e2f88a79,187188
12db1f8dc76501844e77cfaf19a8948c41743b53,187188
47bb78d7b5851249d309039deb5a35bc40abc865,187248
88191962f0a746fe5af542ecb76d89cd72e68a4c,187580
75d2225acad661cd94b6015d10dd6c873b1e52fc,187692
d4488593f7f63c9918ca987dd995a8eaa3dea6d1,185220
8ffda1fe3898da9b297b40ce7607d2ba0f98eb94,185028
5b1a5b2cb21afeaef2aa4cd4e50a6ac2dad990f5,185140
043a4585db23e3344634d96482dbeddbeb7fb797,185144
917e46107343dcb93632b57dc4e3ada178b80c84,185168
2d046222d8cb6f4150b852f4a4c124c44e272427,185220
8c3400d77d9c3f142f5c7a6eff81d47c1f14e5da,185228
e069825bc0346152321dc29c78bad809f341715e,185228
5b874ee2538a669d4ac34ab117539135214a922a,185260
f1da7064e5642e15f9a982cb14b0bdfb57b75079,185396
39c4c1a2277cc6e50683827b52e6ff82352fb447,185404
6d580b5d8ce034c369621ffd6db62870239cc9db,185364
6e2f7030c63b7fe597b0afcbad036ab0e3b99efd,185396
5ef964dee1f5789aab1e205651adc6cde7aef685,185384
97f6a66d697b3964b818c544a4b76080a8052a97,185384
77f3ebd1188f57d066836021139182e20ea969be,185520
5d25d3c0617ee865a082b76fb1189c85345da416,185456
091b0d1642c4e1191b0558419f5c3d42be2f6b0f,185520
75e5b3b4fa7b5fbadbcff1038b391894c756bb22,185556
02e2cc851fff664f1b0b58ee277efd2cc28b09f3,185612
f04a9f6fce812522c6b82a908bf8774b52b8576b,185664
a483fa0e8dceddf76b6506ce276112ab78bcbdfc,185672
c0a09a13d99326cd38d8be314f8245789b06b995,185604
51b81f792f414aa504a8e53dc77dd52b6cac51d1,185600
fc93598174d3a33ee2b70c49d46412f8d1460e40,185548
ac51e782ef64c99441ce2995e27a4ee4c980b1c6,185492
8f0ab13ecdac9a9dfef1618447a67c3949605053,185456
e0ac8534dfb1c032378aa11ea604282f6fbb7391,185812
f1ef9db0961d9e52230687e3b5b357f15b207922,185836
d8ace75f2822f18cf98f06f6da003660700471f0,185604
014140a7d04c82eb3b908a7f900163b22fe94d6b,185604
bc6946549d579fe9538e6c5c7f1a8fd9d7dcace0,185604
2aef99541734120626fe4119c21607698a87cf6b,185604
d894a8e1ac3a4c36a676ae8747c2b749a8e3ca28,186712
14d7433172883f4afacd13e0f7b49d1466fc97b4,186620
aa50b1a155455b011e4b5d1af15b8127f73acb6b,185812
d9ce0006d0cd3356d29248597946b9b3e43352c6,185836
9041a985a538435ef7b130bea0829aba0ff3e8cc,186336
9de6c425e290085b26da827efbf49466a49a1017,186336
c5232edec137fea0b7025cabcccb5b0c9e967e18,186460
72af5376ac65343509e3d699b26cea087d48ca2c,186600
f39f024d873e4cc027d0cfe1d0303a4f5ddaece8,186744
984692d1dd445bc142b9d4666766dcdbd3751bc7,186836
1b09204b9be844287310b57cf1cb0f9c16b1598d,186840
5b1fec73253fca31a022775c08727c8aca60e0f8,186896
1e1156adc33e1dd6fe75d6da4b893afa225e8f0d,186964
a8963cb63db2b9629bab14048b10561a54e09db9,186964
053e46e77f601106720e7044d2132d969c609e47,186908
d21916d2eb99577bb35e1755180bbeea95e0cff5,186884
f461f08ca0cb0063dfc429fa944fe3e1bf2b016e,186688
3aaf5aadc3cb7a290242db15f7c6dcd7956213e4,186696
ee175dabce1ddb0ffef0f6d0ab5e5ab1c666fd75,186712
3ad33a7e977afdfb87a335f7202f9474acf1917f,186624
e3c17fd0798b63c960c497d6bcd34e41e4c5e3b3,185636
29aba2297b0e683b590e21ee2b7936de6e6e034d,185636
464d8c6ab3d57789652533f48b265eecba014f7d,185636
c88b0b9238426c248c1ca22e3c9375227c985e73,185636
bfe74bc4c5345daac9922e2d3e70f6bb258acd89,185636
122a1521227e61b411e64dedeb870916cf87bfa3,185604
22a4bf25975cc243d446234e98ebbd8fc0d445c5,185628
a01772bd41112ce52f744e8226842cb75aadd009,185636
d65fd9f0913af40414c54a7028f604797059071e,185636
63fecd6abe2a8eee05c17ef830d9eab506b77207,185636
04d548aca9c3b03c74430bb5324cfe57856ba4ca,185636
efda5d02604c0d8e88fd50f6985f7f89d98f65c9,185636
415910bd5f53cb538f4b58c8a23d2030096c86b6,185636
e2b0bcb1066728cd95494dbe091d6784b911e597,
3aec5d29bf4c6d02f087357d64fec7b6562bc744,185900
21877907519a6b81a35e2fefb25a7260c3b1b066,185972
9621d14da6d18acffa650a9d15a09293c621c6a1,185636
4e8ed556a7bfaab8785496c93ecdf522ca7cb11d,185636
c32e9bac4c3b7a5972b6926d31627ab5f1e9972a,185636
095447af131a58e1af782fe7459891b2475a6179,185636
564ae4fa7b09d1f0cf114e5b5ea08cbbe9a72b74,185636
1763136f1e46075da159aaad66a973cfe4f78cf8,185636
1331859bfa513a4871988b09b116bb4a68c781cd,185636
a06be6e05f4cbd317bcf48526fc6c7b20925e40c,185636
70e64d233acd3927a0099270f94afdc6fa897dbd,185636
6897b9bb013ff31455afb941c67546b7d7ef6ed7,185636
2f8510c3c47a2097245505431048f1adf8b2d2a8,185972
7ae4230ae89e3c38d131dda6b35bc1fc42c2f085,185972
9f593eb0a2afc38b2629350113ea8f4ab435cbff,185972
9f0ab2072360074ac2bde5b7464a42a12db08cdc,185972
9a13101d2480f0a70b1513fbc3acadb3debbcd82,185972
1895d49e14547ddd898cbf7b38ccc237a0892a17,185972
6019de5c2c6ee6c2f5056b04502f5d687dc96bdf,185972
7deaa906ee8e66a39ee144428dacaed98f5d8f2c,185972
654c71695c982cbbe4bb3cb2c01050ba0c51bc9c,185972
96b5d86e9afc6d55247fa1af6b59419f014b9219,185972
a1097b3e67149529b846244418a6be1df50bb1bb,185980
b457020ce3da975bd4bc0f1d131dfc6b5a8e7a11,185980
23e6159ca35ae1f85afd65575fdbd48165557209,185980
5c45c107cfaf7241b144fa28c9ca6bf4e62a75b2,185980
e87e25485fc553f5c90aa9673b907b0ae11aa38b,186188
b6a8c8734d147098854f0df20539e7b98bbe764f,186212
8617dec6e0c33eb0369e3b0c13a5cdcc08d89d04,186716
38b5e32812ea00d035613bc40abfbe73d7b429cb,186716
3b0b62d5e2b92b14cf735c74926f3d5fbde72356,186840
562a460ec678bf2a33add9deefa7ae25ed6437ad,186980
750f949e731819a539840222f8d72b3dc21832bf,187120
7684cb191156fbd137d16eb5efa513914d588c3c,187216
9063a6a334411b9579ec1571ddddca0fe99cc588,187220
cad4be0461ab51e3f15355132a22d2dd37eeebd5,187284
a38334ddb6a563a44ed3f83a03101e7c81793df2,187352
c199dc84ec1063d649d4f6dc06ccad4084c69174,187352
1f5d481901a6bdb4efa705e0c8934d2bdd82c60b,187296
eaec1a812da0ff497b3e0925637ae5a228a8dd80,187272
4f2b2973b2eccb6bc5b628bc5ba481b2a7d4d2ea,187076
74a28fe9a9014093931f0c233a0864c43adbeca7,187084
dc34956a1bca5902a7af1a0afb8242c873dc80f8,187100
39f0c52cf9a13ad0b13cc568c9e9f3c7558ff8f6,187012
be81ae8bce2c71217de491af7a6a7e61a3bdabb8,186984
ade9ed084dba65c2a09785e93d3cca15862d4793,186984
0a0332f5a9cb8b33b9d8f67f85badf51a408331b,186984
1c4b2f05609a9c0768885300b91875d33ef5b089,187228
10c34c8d0ed27d45421adb3dbe6ce8d480482f5a,187256
7508f0f295cb16d84e7fe950b4aa8ee22e8dbbbd,187256
418f3a66e26dea72b73a48d775bcd965d5e351f9,187256
08542c7038eba4e1089209c97d2c23da518b7192,187256
17a4382c69b3e246aa8b9a52b7a6c7fed2e14d5f,187304
df2f3474420b0a7551f282b4a3b42a7781594c0f,187340
89d7eb4cb0ea4bb4feb326ea51fa56d8d3d443e8,187344
b71208c3bbb92ed4e1b603434550c994f3445523,187344
7575221e46377dc2632e9c57b121e675e03f01c3,187336
85893ec0b7cd497cf656d744f4673dbc60e69ebe,187336
937064535a43d4837f3964990606ca07fe261b0c,187336
6183175a8b461c8dea733013ed368331cdf9dd58,187336
52146cfc2b18f82d85a282b02ea78eb1df5156ff,187336
3aa6a45789faf4dee4761e86d4c81d8d17ced5b3,187336
338e30c2843ff895f0d9a6f76c45b5353431352e,187336
7d25a55e88ba77fac88b55461dd10048e1450c15,187336
d1ad76280c8fe8ac123afcf5c67eaba68105e255,187344
c41cde03a694f241bf909228ff0af1f0fc60f2ac,187344
25ccec81ad028e4094aaa25eccac66a5547a575f,187340
ffdce03ba28133ccdb230f3f33bc6df1180ca15b,187304
6df730dab271bd1a81367483df3cdedb5958de88,187256
508d40af8c7257a7813cacb6f3f9ef467493b4e8,187256
59ab74c5372708731b4512736ea9c8498aecb6a6,187256
ab009d15feb31b1960931c1865aab75f5f485c1f,187256
e8b35380f0fd91778de51b11034e675e891c69a9,187228
188bc1c91fce2466bedfde8958875ac4d2800bcd,186984
789f19fbc3848ade7905be6c41026198ef0e934d,186984
6f9f3e1a237d500d5289970e75617a7b8c614934,186984
f26ef925739d5a70495a105e374567f973b5cdeb,187012
6971c5434723eb375165c7466f9976928a4777ba,187100
278cc563a767e5d474b19ca714ada9a8c4dd47e6,187084
03ce851096afe5349af62518eaf5cf3b838ebbb2,187076
0c140d95a67bb852f0a2273a627d389dbb4d03ab,187272
9e443e4b0ae95c161d74dc125faca7c47409535d,187296
758207f5bd517f3f761b058ecab1e4bdc558ed3b,187352
11ebf33b2b0f28efc4836842817b9896dccc0b1e,187352
56e7f354e96c67cc79802cc91e11bcec9a385ef9,187284
fb38afcbf63d14f4fc21b897e71119378378e53c,187220
93d8486821ad2ee0ccc7dfc89f3fe49966149779,187216
467e84263116c94b3514d611ea70834191633b8e,187120
deb6f538eef4b874507b4a0e90f6e8b90ecb1f62,186980
775566acdaf2a064354d27dca39e3a592db8572c,186840
305ab6ce870faa901d44372c404b3cb7798f3ba5,186716
75b736cb099ba68d7153916d32123d64b68d50aa,186716
94944ee114486cdd00fafc614cfc65ca7b568f21,186212
fd089d7eca56f6bdbb6f944cac32b11cc3836a12,186188
b01a89e779d5ed2c531fe80748bb7166a6b9b47d,187344
c8f672fcc30743efabf4014327476b759f2147e1,187196
69bcafecc5b2f874fc13d0c0272b391162e489eb,187204
bd35e0b9bfd4f1e861e8c3d3d70b5d9d6ed41168,
1dbc334c904657310413d462bbdc6c71b713d424,187316
0080c97df312e261f332e6a92789239790fe435d,187296
f6210ef0298685ca51806982a391012518647fa9,187316
016f0c0b21b969e3fa0d8ed8ce9b21a7bfbaef2d,187428
c74460bc966920f8d581acdd2e810c973e377200,187428
31cef9bddd965457ddb34de977d25bfd8bd3cd05,187564
296ca199737a51039e1ff78970f4b2d78b95046f,187592
9757ce835ac6984cdce5510c8b117c5a022eefad,187716
288f1fd7d4c62ea902c60c4121422775c58df777,187808
de4d1047b740b120c05c222711d4b60b79ab0fe7,187808
29417f1f1caf69d6c6b2a5ddd82eeb6010b90caa,187748
fe3dd32954f0bd46bda9b7366d2ae86b948ef612,187756
de55195c38d95fd522c1e121628e51b3ca958a84,187848
299cbf70370667132408d9c68be3fe15c6b3d7d3,187848
6a2643abb387d9bc4c5ce1ebc315c65b94081756,189816
f5479601e34761b774e9f5b81bd670d857a8976a,187748
edcbd649c83ae3ef24c7d8159e9696400ddff604,187748
f6ccb38153825d56152d085655ae113bb2b9ef1f,187748
42e009e2ff66edbb58a69bb05a048595a4319445,187756
d3c79e241c31717e0e2a8ced959557ffe909bed1,187848
8154cb88a9f4012f7fd174d5023e5ed2ecb1f73c,189816
0b8ccb546fa3de1048a69585029a878a9dcd11ea,
5a6ff5d52e9c1144b5e663c6e63744edcf52e4e8,
4a4404fcebe8479fb3293daa1ca8f485fd4f2894,
bb7f136244bbd5734b6e67ca84a394e593eb5a4b,
14a0237df5f7d2f11134291d22d12fd3f7584c1f,
8c0fa291e71c73e71da97596fd6e343c1b95545c,
6fd535bfcdec21d6d29e03e96ee02f0928542a88,187748
5658c5ae7ff41c26045b085e766bb9518a15f71c,187728
0c2f3613eee9da73d4d5c56229644c158980d048,187752
c990f8d11e7cee8cfe65da8de323b0ef16d9e3ec,187880
e30fd16fe7e40b7beff16d6738fb029cf17a2e96,187880
33799af789a5a8311fcd5ef9c8ba534f7746fa18,187980
d566151311757cac104b12d5610aef0c8c477b87,189772
ccaa6e20bfac78d5c9309011ea2155df3b6b20d8,
5a8015a79e4819b6461db8dd79a291bc64c31f36,187888
0846caa2c016769905347b7ac97792984ad59edd,187980
2f68359e4bf75099c692a2dcca4c617f37db925c,187984
a02c18c02b7c7c373d2ee7e43e0bfa4d1da166cb,190020
2f39fbad475687f8223963dfca01a9b0cd6561de,187880
f57d72a7b93df2bf0713f9ce243f5c8c2a46b125,187880
24b8cb00f045c1b6e1999547663b2a27e2cb7e14,188092
2668457938a958b23bf1abd11473d920027d3c66,188028
052e7032af575149b69423b19b7506bd774af14e,188028
80756e9b6c7602e07c3163ab4d5aefa1ea1f4178,188028
2beddbcd724714944e9fd36db3f99fb9d7a9e77f,188092
99351ece45770a7a4fe3423fb9d564354456324e,188096
a34d7cb8aec3ff9449bb1e757f9ffe503fee50b9,188112
aedbe9310a56380d5989b022f194032c475b4184,188092
f486ab63ee6e0dc3e73a6f078ac34355838dd909,188092
26b8e6247419d42c049db0ab3e326dbf74c1294c,188152
79209235ede034a438d962be91f55ecfc67bc37f,188216
abe43c44ec07ba6bdd6bd195ecc8a05c319cace2,188224
9eff8f0b53c60ff74ae293551694ac26ece246b4,188112
d4493fe667288a4687feb23e28a14cb37d790a69,188224
20b499b76d85d76f27df193c1a514358bf707555,188224
72b95193088439ee8dfb43ccb56ed01f8b471457,188212
3f29e56f1452648425a4ed16ad777cba6a32d6fc,188212
f64085167f284d4c6660b02d1426502a5c6172ac,188212
a82bbf0eb53d2fbad9fab87c7acb870d8a1c2b45,188212
f0d96266674997f2c6243b237db06a4a92b11c48,188200
73c24cae38905df45456efcb258af5bea7c2c4f2,188212
d85e1cc7f0d3d80c8446ae4d86ace3f4dda32224,188212
73b68ccfd714a843a25574f37d89efd214c102ed,
5645a14027318700b688878577b6b9dc6d938cb3,188308
b9ea813f49a5699d65cc70460a6f40336c78cb6f,188312
ee4345c4c8ff5d8b847993993ab07aba01df9001,190428
400bebf297911cf0b31b8948fd4b881a206bf18a,190428
38727c3a4cec9cf70e71b3ca7f2cb1737f1bc026,190428
131b14b890e0ed2e13f49d2873b10469272d4028,190560
b38d9394313f43e26fe39d9610023d7b645d3112,190604
e199dd8e1c96786974dfb4a004e7d962bb2b804c,190608
fb90579471557d279c3bb3add6461a32d57c8a4c,188220
9e44023ce00896714652a0e32d1131a3d6eeb69a,188308
e004652e3897df205d672105103ffa8be9cd0148,188312
e50a5fad82107a51a53dedf71eb22fe1f07300ba,190424
4dd3834470e20b5f82b6ee518b8e773c2617f3f1,190460
681f0fdee50b783d64fe80388800e299fb04e5a0,190560
b6c4acd88359e78f542edf4cddd511d738dc393a,190604
d8ea6f614eccf5b2fe2ffb31b11c3f0ed91c5817,190608
2541e094c2edfcd031f8ae0e38fc0c6abb8f558b,182184
851c4e3d8a7fa5be7798f8733e55c50238b34652,182184
9f70aed829c8de2b8bca8c21fa5d25ec1925dc7c,182184
985d8f35ad0e5da61ef011dc1e8561d8772124b0,182184
3f0b8f4dc3d966c77cf9f6987e2d0c22348afdbf,182184
01b4e897a5165bb7a044906af1924c6c006a4733,182184
73a69a9f863cf0553624353ddce8604ce7227e63,182184
7f19c77840c547b8b4046b615177cf0fae578102,182184
4cd1e85e7db73d16b93e14861777ce523a2dff8a,182188
9e4ec32bf7fd07b1c55dafaa2cabe9a63210b197,
f6f52cfee616f7d2d769cfe066894f5c1055fe16,
f776d30caffa0689700c58f56bcfebd3a74d241e,182192
a0d85c5c4cf622d0d4eede8a2428a236b60b69ee,185924
5ba6f9df664f29f83bf6decb557754cbf72ddd81,182192
8ea1c3ee6a22b349ff6d032487d4bddb3d34b34e,185924
7aca502edbd25bd02384c564c0271bb40080ec92,185924
84522c0341a34ba69ddc5e048fa4a5516f32f6a4,185924
e22de84fee03dc5d0cca34ef7e7b4da9c8c617ad,185924
57ca5d99f408c85880468d5dd85ba422c8254d8b,185924
73d714cda768c9e35e8dcdc8264d5e916216e727,185924
60b7e32c2e24151dea8b2e9f448f5a389158efc2,185924
baa3cdbff5772b7a5b686c2af598058ae0ec1a01,185924
78c161405d6968864ae504084d890e8d2355e74e,185924
f6f71a19e2737d015d171e7208e8a11037d425ce,185924
c7834b521c4df4f4bb564750644a6c416e83eacc,185924
dcf60214132b376dd6b2a6bfb2f5ae7cb9a27e1f,184444
bbb9014d2add5f4ed58d89eeffc70c1bd4cb6760,184444
3b9c9832f70068c7db9a640109fc9a8640f815b0,184484
b1d2fc3e579d590d7bd3b0b1bf811adae07be857,186276
bf664b36e62a68c5e819df17dc000faaeb5d4019,186276
2766418142766d77dcc758a7fad45c5007b051d8,186308
166a2485da49d77b374a7fbccf051e155b8abc0f,186276
1c912b6fd5a70872a533e7d4089efd4d6874ee68,186308
82794f1684b65dd6d0eaa2d48e65cd42075ca792,186308
355fe7ae04ac8595a9a4d8d7d4dbb9b4daf50518,186372
d54892f07be900454ec5618db4aad6942cf20eb8,186648
81e1258748f53ef8221879b06943c7f00a2b4214,186800
8cb2138850d5965bd639a7187b7464f10bc28ef3,186728
5229b64348f00435eaaf0f348da0c12684d1c5e2,186724
361d1cc2e81f8846555cb126b61f0dd75ddd92f1,186752
108c033af7c74a1cb749cc125346d9de3b9cc1d7,186776
94f519907deb7f72b950042abbf35dd4353c7ff1,186848
0fc390677bbcbe3d7e973a932f177cc2ffa0bccd,187040
154596f2a0f69e4495df0c4ad5d0b2b34c806365,187340
df6e50c88b742e859d9b2fd62b1e951f3f30ca68,187340
2275da9f559bada3dcc06634bb9f9f70b1a80df4,187360
d7636cd5eb656f97b9c5d7791a4d9ed21eba1fcb,187360
02d560b6a19185b4748e2ed827636863d9af976e,186308
162417e030d7d732536cb761605463dd862109ab,186372
d7c3cc11d729dab7ec462353acfafcea69a519af,186648
da8355240889d57070507ea878344eaee7a9db62,186800
ef9407eecf0c1457508d633e098de693be5b8de3,186728
15ef6a1951925a7e59e0cadbbdbff01f6984bdbf,186724
c296035d086caf9fb648aa4181423b95906ad1cf,186752
1c0c4f3b2d1e99c2abc0bc2f19dc9c572be4e834,186776
f44fa91043af225454997d473e4d9511f80bfe1c,186848
c720f5334875fcaefec1148a82746c58f773909e,187040
41207483e42a345ec6d249e64d49da398a1ff172,187340
404d1ee9caec80d6aba2ed22d060f51831a214a7,187340
f3483093704376d3379002eb667a57bd1d994b33,187360
b924bb839e59da02fca7eced6fe43927dadb8dba,187360
23189e41ff13733e976ef2925f06f08b1fc60dd0,187920
cc4809fa6b15da07269163c077ce8085a4ef7d51,188036
6665062b16b434343be2ce72ee905d80c1a0ad92,188036
8ce10e45bb6c53e7f1da4308b5980bba8d0429f8,188368
9c0f1aa65665ed31cda27e906f5c7bd48aa2cfe0,188368
de5b3415e62263ed7fb4cfaab46d703f791a92e7,186332
44f068b8c39d016ba534a8e63cfd64fe978ad06a,186332
92887f7189cf2ab655e391625892902c6b349287,184444
256d3075da58270c86c074a2d71928d0990a1af0,184444
eb0b7db7072835813cf56cc3e76a091dec08a098,184484
b81218e94c6855c47438871101081a9bd2ff57cf,184496
bc50836d623be36e49c65632a4812d6fad3a6c0f,182196
b7f0d59cd72fcf86203134a488ce283cd407a290,182288
bb20c60a56b04068af2f88d01208b1b0fdb39922,182292
afc965fa13323604cd08b44bedf74bac11e334da,184344
c0f581a188a66c70f400c792e386bd35c560f5fe,184392
1d549ea94ca5dab79783b7e3848706a221713be7,184444
7a50dd08be7baea6daa224f32bf7ed3af9241c7b,184444
c1e3eb513a91035f68afd26d09d8119bf3cb9eaf,184484
df58454f4529a47f67c11fc14d0cc4e66a9b568a,184496
1c2b1de8a13ebb1916898ee1d2a5e8a97dbee65d,186340
108d8c978ecbe533c40399db80430d3e506977e3,186416
c9a59f97ea4be16849f3a4f430bc5c568585964d,186420
9491b6dad1af7f3ae1db59274920105c9ba5ff21,188528
b9b48d88610df9df5e138f225e10de10f65ae218,188560
281459b25e88208975bc3ce3a153d71815c37cb6,188612
cd834f46ebed73e6a422fb14cca1da306c490926,188612
20ba22368191bdb4123b63a2fbc48ea2a596fe8e,188660
8f7ba06ad05a48b5995fe8ae3a58e31b82dd9063,188672
8dd28f104f2a7357f5808f6bcb57570e34d7c576,186332
df6b7590c8dfaa73b9adc83bbf2a795187ac0e4c,
a044e59389a9dc38ac8b42c946f2034b660b668b,186324
824bc572b871b5e6159a2407fbb900840dacc362,186324
01e9242a3b3a506a9ef0d8abbad8bbdbad3a52db,186332
33def872a5ef2f355bacec30aaef3b1cdeb51551,186332
d9a835770bdc9d51fa56a91694374ecc09f3bd87,186396
0c07a3b34a289f9367c384bf204d6e901bccffc4,186672
ca9264e96544f2849d94c4de2c84e917b707fd99,186824
f56af2e999cb95d5dae7dbc9f93d1fbbf7760792,186752
f78b1fecf30602426d4731905f6f43226d92f38f,186748
85d477ee71eaca59571ee6ce67a742b072f4bdde,186776
0b3a0e2ed8ff6ff79a6061b4854256c9019ac50b,186800
66649afdcdac67bfcece5c52c8aceaef896cf1da,186872
b0b3cc3f5b7b64cd7e66f46642e8068da6e2d6e0,187064
bc92be2aeceb6b04b3d235752705e6d97ab5f390,187364
64d985f44914697baf9434aefb9e43009c70da2e,187364
791a1c40f805efbc14f380f02789cd99452bd32d,187384
7b0a8dcc91b14c054daa59760bc0151a321994f3,187384
1a87975f98557d0d3430c6b78bdd1c974c0c30aa,187944
0b6678bbc758a1bbdb983ff9aa613eddc8452220,188060
3895f6b8691b5cdf9692b9b8f693725dc5adc087,188060
7b48363483161c0bffcc386ac9d7f95af90c0073,188392
342b8a371998afdf10d3b1e176e7b13a717643e9,188392
afea4438be1276efb5ba5c4c8aea3f7dea53d33a,188444
82016e56af8e8628cd879bbae469c433170c6cb5,188148
903943fee2411b751d18b20f56dc2c7ad8481a07,187924
26461e708a5a2eac748ad9e2f1502c878ccb7757,187924
0787791c56544aca1900fa1834d103aefde14542,187952
19322af4babda5ae7664f7f8265ec6880ea505c9,187952
3b7bb4a0df0c603d39ad6876e6082564d611c731,187952
5262143ab42c8696cfc19c2c7c1ce3623a502476,186324
43bc1902a6908f10011dffe4b38442b916ce591b,186324
117212a37f5e900f5431cd1ac8285116d031377c,186324
728e2c537bb3d4a0ffdd8924f2a6c60ea7b722bb,186388
d03bbba6c69b0e66657ee4af0c707df03bca177c,186664
818977e6d84ece04adf3f02e3850f56f2734f2c5,186816
7104b04cfe279aba2515d8bd4d30422135b8e64e,186744
5d3ffa9f4133c38a5601431d491cd72d3bdaae30,186740
ddd7708c6a8eae8465518ebc413dc239885ec182,186768
752b5423ef628dd75c98f20d4ac69dee889b9a99,186792
31958248a0fcabfd08aaf576d580d37402e0f85d,186864
4ae8e6df8c98477006c72de1243fde3ceef87875,187056
b93de16fb3fe1e4795edad0c8d0b0cf35d607f3b,187356
dd14026dca10e47e924f31e255d2f24fffcce7a8,187356
73f9319c76defefb022bcb4bae291e644e4feacd,187376
9bc98d30d9ad295cd8c4f08c4017c3e2cf64a781,187376
8793564321d84dcace055af1c81f68f8ea71df58,187936
5953c7436b4a18477f28038396918fa253e713a0,188052
5b4f214345d0c6a51ba092f91eabb6422e819c60,188052
446a4af11e300653a4e7799fd86bd666bb62d7a4,188384
e0c7aa8a073fa47e42f8930382f140b9670c734d,188384
d57c9b3746f446a857d69c0404590e066312736e,188436
218b21d763b4371d85ff3ca028dc18f386309a19,188140
e8d9f49baff07fd9d7a0f6473114c6136a65b90e,187916
d4bf8027f47473c04f700ce3302ff509ed4b73e8,187916
8a00ce4fa171f56acd92facb51f68896bee5ee4b,187944
0e1bdd5514bedad70b736154dc7e7586ab37cfc8,187944
296cb880b4175bf08532fddc6a076c5400bbda14,187944
893aae79f0c35ad7c26a45bca471c92a7ef31220,186888
55e41793b801b3c48f5f230ec0279d7be3d0c935,187556
7d0e470524e609b3e3aad5f7e34209a9779a75ad,187664
171c1b1a00575d99a65e77ca4166d196f89a1b3b,187612
ad8b967fa7fd3283f0ebb7759168f67b959142d7,187620
de3943b0d50cd68317cad174a9a9fad54f621607,186324
ef421ea7060a18ad1b3506cbabbadb42cf04334a,186324
2d776759ed72bc7851cc10864764c3ffd2bed9e5,186324
e0cb011b5d000df971b75791fd9ddad8a46c83bf,186324
179c4e318ce6d2908c1a3b735e338a1b05dda4db,186332
abfc63a8edcf215b3c42f90d1436381d101406e9,186408
88404c639fbbd3d46b2065c8f8bdf06f83a2b131,186412
4bd7a38e81e875906f967e3437931455559fcdf9,188516
b7b468896e0f8866fd1248d13acdd72f6b81cc06,188548
ea37b4c46971434839c89eb46214fb3acc84b7cc,188600
133278f44a48b090f7e12e6f6eb86c6c0aae21af,188600
441225f81b067f4f76cb0614f664f9c813531920,188648
661b4907eafa81a8589b3b78ec44522aa63406a4,188660
3d8fa4f0c27f9b7e71766b7096a45d462957aa7f,188956
41388c2c7d1d33f89e9e6a761a5ecc75cb7a8ea0,188956
0161575614a644321e9b9be86cdeafde2ff056c9,188956
2f8727542e873474a23c35ce63858d7c07afcd24,188956
edaf7e51e08440be77de423ca72e607645eb8f17,191592
6b759d786c665f56e0729c25119191178d1646d6,191592
c26e64355e0bb364430040fac68d111fa0503fb4,191592
6d6a2130933eb19a7628d7274e3b51097e3bb9f9,191572
a029c80d6c8adbf06ecb6605c16d2ff5c141f419,191572
f7dbf055bbff50751ccbefef0dc9a0b3a48aba42,191572
cc6d8d012d3ac7f82a1afed1fba8fb71aa22d0c9,191572
01415e31f0887292a475b3518d18e6588c8db635,191464
ca4cb1644ba3ebef1d530ac697327b62850b04d5,191464
1ae92c3d0debf9e9718a9d3844c13ae740482299,191480
a89d99938757113e0ce4ca5b4146f78a808183e2,191260
a923d7c4c82a5d8cdc2fdae9690b5aeab79df03a,191248
b32177230556b66a14e93d6f045225369f6c2563,191184
60064cc5bb8bae6fb6412c9d9914328730cd2687,191264
3bd0498912569ddebb385dab5b18179729eb40d0,191428
4f14c91d11bd6f28b5bbc21698bb2485e79b5452,191476
a63f978f4dd9d38be3d67db29c58d10050baed4f,191384
6d185d0dc9072213cc109abb9867bcb128f61671,191384
d54167e12e6c06443b51219ab5f01331f9b80642,191384
28c95d313a9e7269317b4cd248cf56c7a2d0322c,191384
7f469fb4ca4be68727619b8f2ad84a64909ed77b,191456
ca309e2ac8fddcd7dbbaa019dccf22d2bf070a68,191712
77fdbc0deeef57a14adb609b17cb111887ad0434,191864
7e071359092f5e77bc980bb9a9fdd5d9b1ca8e5f,191792
937ab94022304ad6b37497bf40672fdab71ea155,191788
ad32bcf46a9e74ca731c80aeff3f15f3f6598b81,191816
a041ed8483cea3d8fa2e9d99c23fa1808444e853,191840
6fc277f2b01d71caf2df8a9e90d0fb10cb78dfa1,191912
607a2ca967ba9e92e84b314badb90b6e9c9984a3,192104
bc56e4a6a51551a5d3793ce245c90855e5204e8e,192416
bf92a1361e7ce97fe1727071ccbef28c2c7bd370,192416
1d91ffece80cab0c097d37edfd1cd12c239a1f7f,192436
4bb8f9a448768426230a8c9af0c9dd4d6c67774f,192436
303a3698fac8cc4c2eef697bfe1228487d1e8741,192976
9693a9e66bbd0309c1c7c4df8cd16ebddcbdb067,193092
6f4bccee1aa3b0eef26c152da0298a93a9a9d10f,193092
8e6b96b6873d0dc8baae2f53b3cd1297f568008a,193424
54aaa0fc459bafa9ea54775d8d0170b48578c4a4,193424
00e9f59781103bda7fa6f096dc689af90822e1a5,193484
e35879aef058752e4e5d12b159258b3bc40e5689,193192
032f126868d000141b4c40982b9e0cb6e9966833,192964
c9baa0727876349e40351a5e3d0fe24bdfcd3efe,192964
30e3af3152029c10e8a2b3f7571dab3a873844bd,192992
1fcf9cb612b5bd82ef3cd072faa416cf1d02ada8,192992
494241db84769c8eb0cc994df9051656227ed7da,192992
c2bf1bd643dd8b42521dd90374a5cd4db8cb83d7,191952
cb704441c1573f57859a225384f24a921f6a208d,192612
616160eeef275f74929d868e47dc59139d257a94,192720
f5864501ec17a25c544e038e82c084b0873ed894,192660
3c64415706f7cad8008d447cdd2d63fb7760c385,192680
eed3c15671764803b8cc2c7559608e8f3cd3a381,192688
9c86aed04dfc4671d8b839c6ddf8968d7f50bdc0,192696
5b91d3189996cdf7e80d9724ff61d77a66a3066d,192696
e07e386280693e64633ed2e230aaf742e80e8c09,192752
c09d817ea90abd93f3eef5cbf75b429a1dc1a26a,192768
fb7f43d285d52ddf460f898d04e9d34a1ec250ca,192768
7ccafc264dc4153ef5abe51999cce51402a37783,192780
d59dd8348e617385315714a0324fd691b48b1312,192756
aff8df1a601f3d65046c18b880ffa25296cfee84,192688
d8bdcd93365c2579fc1f4ffe5c75e0d206cfa429,192664
d46002e133e97d3d407485fd3f5bc84ab07bce24,192628
3161cb57b7902afd8827819550e1dcf2d542e58b,192604
5df70addb0425595fc017dfb92dd4207c9c51a36,192632
8e519ee75cb9daffa8ac0f00c08a2a3828591de3,192632
5c594236d10c7a28396d65e987689e22e550859f,192628
93464e7c27e9b49f6d7ee8a0ff4e3915b47bc96a,192660
5c6fd29a09b2fecd929949d486ee91f8ca40d8a2,192660
76fecf7010712d3cdfac05000c17db35e7e5249d,192668
7df93343c905e7eb71a8fe60a27425ebad086b91,192696
a631cfc1bd07675395c7f32ccaf12eec1ac27a74,192696
4098060b62cc6e644f54513b29f09604eb11c152,192696
76a7769fff19f7f0f3f6e9733ba348405283254e,192764
4d0ce4377be39a9661cd15d61096b7c08c59e9cc,192764
3b813bd6c7f22a95cf570d592c7504a80c6d9433,192708
0cda2a1a881facbf60af5beb47d137f8c1b6e688,192676
ffeda63aaa4e6eaf500c3b38bcb407fbfa9bdf86,193040
e06101cf81c108ba156d16df9cb0dad2c3ba92e0,193040
0a62fa50fe7ed7471dfaa3a4cdda6bc816800a28,193112
3dbb2219958220dc222fc722a4ac96513f8e7392,193112
fc0a89ba57fcd8d3e01aef807422e85f0abe6394,193112
ac9b0399a3013271022a1c8382799f08719c3a22,193112
1648303452cd4039f4f2384c7e89de3b8c44d9b5,193112
9e4def5d44459b7b5f323757f4c814b8e0687b91,193116
d80df1a4c9b23853e274753fd009d25bf412ff75,193116
bfde703a1b9a149afc6fba3b2420e0fe406bc64e,193112
6bcff3989bba6c0adca63a1f0a097b8de9053d5b,193092
5ff4fd7d0b3abeed5a966f93a394da5af7f326cc,192976
ded2068908751bacc378b5ae8267411e25988632,192972
fad10c0a6d1ccd18da82f704cf0b643fa21bf7ab,192972
416a29e16b274cd37b1cb3ad6684a9899c15eb49,193152
398672a49aa48b68cdf98ecebf27d8b3e595623d,193012
02788fe861f140845e3e278eb948edd4f7877f55,193008
0723d5deaf46f3ee6bfd97bb02242e3f50837f29,193008
1b113b5326c44438115b3d2a1c96739c7db64698,193216
961f2b44d0c144c5595ebf60b0d33da35826550f,193012
f153024b9940307f7a51b1c06bb3e14b8f68749e,193012
53d38690686883d924bd6d21324174ba2f168a2e,193008
fbce0cfadd2db2e1902adb8ea4630f069225c603,193012
0e8252b10efce4bdc6fc219c2e50a7a9ee208c8d,193012
3291baf86cfab9bcf0249c47011d595ea5f3f176,193124
b03d1a688c672f4bdb9c5ad6f04a4380b08f24bf,
d98889a218953a276e9ac3d1c2585171163b9cf5,
9b0f44a0b34baf930f5b9d5d5e7a17d3c8697be4,193124
6d1be9411cd75af9f38df4e37379ca6f86d6a27f,193124
0563ed273d0d589121e90daa4f9201c21914062d,193276
687e0b30bbfcc2c3a97f79dc7f2717bc1b0d374a,193280
c502e89ecccec901e8c8e22bd4c963b6c16838d7,193276
7a8a849841dfd0a8d907e7d11bb2c149261a7561,193012
74e99de8cda85950f0b0254bc522245965cc8cf7,193000
3c5d348612225b4962a0cfe2a896e73cca430584,193288
64a0bbc618606a9725de115f377e0c4f01b20c92,
d769698a5415f0fe2f27f8831452517f3e24a7e7,193000
fa13e6c221fbf315934d0c4ffd617ad802c3c0c4,193000
6ab4d3f02fa8c3823fb74157d8c929058333a9ec,193448
3317369d695e70d59c4b6b79921e24e9f2fc14f8,193448
bae412abf5cdd11bab2d4c22b4aab3598a1deff8,194104
698282ec92355d5c202cf1095abf5f8f01aaff13,193752
dfb8187f337f72a2f0a8c70acb2740398d13ba79,193896
096f312346e49e8a11895881b2a88495652d071e,194140
c38bdcf4ab5c33fec21f098569c1192da35be54a,193776
9b3bc7b86348e4b01abeaa573cd10425bd93d267,193780
8e3a9489d88a3bfcbe336df29cec5df54213e7ac,
a9c056172862253006f2ce899345296fd0ab5d01,
c3855c942c2fb329b4f8a07b8e93856ceffb15c2,
8a52c950cfa29a03cc5f49ea24842a5ddce55359,193896
f43c4a642659c6ac7a1d989de3b496b5ddd45314,194140
bc0eea12215699b54157c8df453d9f0e10db0e81,193776
5850509add6daa5332a79e7430d4e66f367915c8,193780
69056099faea0e8069ffff713ea43ddc6dc14d94,193776
d97d5f16889a67f074097f1a888d34bbd6cfb7ae,193556
1f50b09c8475e59cee57fe243b7e7acd91a946d9,193556
04a4173b1966912d9e590349d23ac5075d040b80,193556
286f2e05ad892dd1a96c4cd42bd724479e4a91a5,193632
99a45ab0643a28f0d7bce4f0c40a4cd9a73e9919,
fadd5010ce55679eee9cd905653316f956c172ba,193636
a4c20fd727ac5727cfb252b1a59c46cee7407468,193636
6dd2afaa4f847f114f25dfc51b7f4767a446e873,193636
b5f40d880596bc22647606f9ae5a39f8c965e9c0,193572
0fdcc2d84ef89ab65636a2fa318d1e1c1f2da74f,193572
ee5502f67473202702f90acdc3c29eb511ece99e,193572
94bf3400126def32040770f262ae782ea3a6f523,193572
09a9349a4a2c4b2998c56d15b0f439b78118bfe7,193568
ebdefac8a33d98f77d2121cff34b72e41e59442e,
94d8c9124c7e28cf5f7320b2a064d40d17dea321,193492
9ad7b3a655492c10b8ab59b4af0dda62c79793a9,193568
e0911e5ba4296dbf0ce790067e84451462a30d5d,193560
c087f98dac717c160125761ea0f15479ff074421,193568
ef4ae70246ad65b88e3508c07f87f44fa037e61d,193576
1752bec6a4168e36aff102bd0902122f4a397945,193572
920bd4712e123b9ea9382222e20022feaee0c656,193596
274ca6a42a37567b08db97ad338878d166b8c1cd,193700
e560c189c37bda173758a86d2fd3d33f386d6783,193596
37570f71a8aa94ae551257cf5e0988a9b126173b,193640
550347dd48b32210683155c849d9246503c827ef,193756
b7a66bc54a3cd79e18075f15afb9823dacc68e31,193740
16cc1fa249b3427da9e2b2f5829d843ccc3bb13a,193740
2937e6dc0b78739e41fe2f61a31d1c513054ee65,193700
dbd917551a42d1e40e98dfd6375631a331abccda,193700
15b124fc296f923506721314bcbc97d939b898a7,193700
91009386a3afec186548c4a7de03a56556548d07,193700
6c1a97f9ddda0f8c81e00495f027611088307be6,193744
f63af765f9bddcce3dd0501ff774f15170e26418,193860
8fc5c1abe58eff656fa785ed5cdc2dd37ce39bb6,193844
50471d53ea3ffdbcd8cc2ea887d133d37fdec753,193844
3456828f42631ca9b65df7fde123115d50439e7c,193716
bf87c99f64b300bfcec25b75785a2bf71682c23d,193716
75a4a56a405ad0f3bc9d2d03f68b82b62d68c6fd,193836
b1b8005fb09893262ec4302edd26d464f74b0a1e,193836
c215ca268490b4c3922d8e75f9c801d1bd47f9ae,193700
3c12844e2fc7235b8944912462120f5cd7255d33,193700
210e2b5cde55b1ce52f3462e683ec1985f9d14c6,193700
88e79b906ab93a044d0a1749166c4336468b9e25,193716
7aa8415a7a88d10b5a7749d1e1e49d1f203e992d,193716
9d1327c11f1b144830d998abe54d9ae11e0df334,193836
880927757bb2bd6715fc1b44ee9966d6df5665b8,193836
bce5f99dd5d77675bb1dcf1121dd4e4b714bfe47,193816
1a47dd2fe0616e7b7e006f6054be21df9acc558c,193872
281a77b143dd5670c8bbcc92ca34924f3b5e3826,193892
68f2451acd689a659f4af9e48297197ee79b008a,193824
5040837c746aba5a98d6a466f0fb0bca41ecbb39,193836
0c5aa79503ff33c5d1694e12d2efb60f2b0ad814,193836
cb7ce4eb0d59e1afcd59d02a8bace9d780a42d5a,193836
99106ea2a7f02a033793297bbea38cfed8db37ce,194308
b83f36b723f7ca90ae32b88ff9f0dbbd59dc36fe,193844
f0c745d53bd06a713bf7af83d72001b48c2e494e,193856
6de7c0dd6251235737e7a7f47a5ad8e7739f2ed6,193856
3f3883581a01d8a234b44bd5750876cde444c0e7,193856
a330b990fdb936fd6dc34c189fd0b17aa15c65a7,193892
7bc043eaecc58c9e4accd3c1dac4f3f711c95891,193876
288550b226abb3870911646ae0a10a0f595aa129,193876
827e8e9868670d8d84e732b9de86ff0f1a201241,193340
1fba70dc2143455112412a67a82310e950d74476,193328
bd5310b2edbbd1dd34c9637eddba63d158689f10,193900
56bc61ea2ab0898fbb258a4a515ea467fe993b49,193340
0c10189c6af1923fb7eed47e749f91751d57b2cb,193324
77d04ebcdd0af72d6ee905ce61abe8f429c01166,193328
cada41fa2a8149a56c34e00c65e8bad0e65edf13,193320
920514fa25cad3c5655e2df636945cf0dd174167,193328
736e8bd63ea27f20bf6df0ebe177ee2b4af32dab,193324
20875db5f96bbf957f769fc1e23f6dfecfc01389,193876
82abcac75701bf44244ac555e807fb6f159cc089,193876
555744417a5f7f6b72b6a9e69ced5b4ee172ef6b,194348
391d1844fcb19d922414a4929473f927a2224507,194404
f2e0a95e13a462196a426815c59974c52604d77d,193920
cf3b1e167449ecc933f110bf15a7a045174a4947,193924
2e6e5c88ee09fd28642900f775f0e1ac7ba4edf6,194428
9ef39856d40057786a2552389bdbe96bbed1bf77,193884
4507dde37194a54fe83e1b415a58f97b543919db,193868
38ea85f2bff4d09cb3c592165826ac7d4bee831b,193872
c9bcb5d1a4bcf8db3afeb81f7444c2edbfaa2c33,193844
a58a1725c6b532fba2990ba4432a700930c1855a,193852
2dfe8c429411552ca5ed88c135d1a37b63e720aa,193848
8ac85dbd5dc6a83d897b0d072bf06a3d29266da7,193852
e6a45f6fe932c54d162f4338586e4a4e3796c875,193860
74a732bff7e25af002dc43ad005c9153fad29184,193924
ef4cd2c6b3ca7cadc3f87575e58fda0929bcf466,193924
6787069d079b591624da2a06f2c0869a19743b04,193848
3ae1fb893727bf4ab0a4a30b08658920747ebebc,193848
04c7304a25b8b16c6cd31ac1caaac501f3fb57be,193848
0445ee93bef21670bc40014ea4dca22da7b23792,193848
b0ad0c5226bf344c49faf0134503dca52f9919f8,193896
cd1d7b792c0cce742b957fefed839518285357d7,194012
921761bfa42d386d611499c34adb3e78d98e264f,193988
604444972f44002c8f5bafb1c69309c6e498b487,193992
3346936b47a864347b054a21f4f5310dbda9a761,193996
d183834b066c2eab00bbe30c637c6377dd937169,193996
7d400e51f9d81804c48a2d6738d0f822dd1061d2,193988
5e83281917dc504b1ea666bd852e757c8b9e6792,193968
76e9c2fc605c594c30ec15c4809f6201d60ba753,193968
bc93c8285b352fb9b91023ea9537c93924ff95bf,193932
fe752b3312635f701cef4b2cf1a6b0b67f245e4e,194036
42a1b6333b94693b812eff7552d60545a4850c1f,193976
357fdd78da77d3c0623dc47b9aa33cbb75677fa0,194056
a1e1ae5bf6577665e864030981d2da49f76563da,194036
914480d87307db1083a44c7cbf1d58973188f307,194036
f5d0d81ff5ae1f8794efdf1834b1e25601aea00a,194072
bf20d0825cce88d78530df6eda245e1e7a38c738,194084
a50ff187b42ea59af6c97eb12d16b1285ee9f916,194084
cf733805e803ed0b5c19a35c776f04135fc94500,194084
a3bbc90200245ec9ceb272a4981b75cfa000930f,194128
471d638329b7afe5aacf060ff452226753043bef,194280
56a48197afaa6a7db8d3c50e7515507255e1c95d,194280
6d1d9050b23a4bdc5ab426a12965b2f69946b7ae,194268
b4a4801cf27fee7de454a4a571d7f623155338b5,194280
634f0c9c487ec92c1e4f6eaa4f4e6ea77924f663,196216
c42a85fe75d503a12309e387b0d7fca944a60977,194280
5e2d65de29cb15f70aa5a43c5056dfd0c82749fb,194280
75bfdfd4ef64a2c0f9df48fe826da4544d9ce3ed,194244
8830f3b2ee0f606fc26ad49cca51d9d68af51d79,194284
da7565e5a950120db038b2f3ea7423fa5d34a920,194272
4d386be000dd4b49fc764ba80c23a95e43d219b5,194244
0ca31aea9c67cb66a8d7326ddea2803277c531d4,182836
7051ce9bc9c97583684eaf6efd53ada93b6e56fd,183084
58d76b085c04a9b08ee6485edca580127ddb3d70,183580
fc23f76f66cc48e3ddb1f03bec29378ca0aa609d,184308
8ba23499bf292c1cb4e94f86cf155f3a142312f6,184308
6fd9fb395c98c0a8e7d96b293a76fdcb21c117c0,184492
b01582b72826f4b0db7903a8ba6d6aa1e3afe663,184524
4c367748990f400396ca4b12238b49eac8d605f2,184480
d709f2ba99b6450ec83554449d360c99cc6a699c,184480
c67a5a7c408a294e434606866752f48aaf9a452e,184500
eb3897a867b79249703fcc8d7b6e15a452c7d1d0,184672
1685cbaa9f7c6a769b7529338e77f9f37b62f04f,184696
36ed6b4d8fd7b988e965b057535d12a08814208d,184692
c0df75bb7c685e035c17ff97b4ee4e9fa30ab038,185412
5133f94006901b1b33a41b5d84aab70e213bfdc7,185532
796cdcee4da721f2dc9de8380fa2e24a981d483a,185532
001ae9dd1e2befc4195d26a36e3249f61620d443,185588
eccdf860cbb2f39084f5e8c76a09954fbbfd741d,185588
08fc949817388eb2966ce3337a46bef373f3f52d,185588
7f7b6907b84254973216be2158ca9d5809d2700e,185644
a0fd848aed5839d4a00fbcc4729125edfa1accca,185688
0e70b54ba6975a0546f081080c164048fd921dda,185716
699cef747831a01609f34130e0e291e9beebaedd,185672
138297408e0557fdf33ebc6444f25e522beb0721,185712
cc8fe59014647edb419af5c75e985e29b7319c9c,185776
73c00301b267437d6f9bc5dc0d793124f49d7e02,185712
474fff17c5033e2170d5a24ab2f50661e97fd909,185988
22c0930e139f9a2244f1ef9ea876a62d516473d7,185988
3256858cc4282f0943c3f895eea148fe6f9de2cd,186000
84dae5f241195611e2cc62685769d0107e698e36,187996
122d3b0d28d682bb62ba4addab3963f27b294cd7,188156
af8626c48feb254c52e778919450968ff83941ff,188160
9ec50d098ead3cbce9458c07447b7155fa718a61,194400
b301d97d0cee075a8e500d6b496fa86378e07140,194268
c2bb78d7b4b6a24d546cdcc7e3e4954b71ecee33,194268
e025dce229503dd5df2ec32f3b2585c954a30971,194268
90872abc424724b6139790915d4dfb8fe01c9c1d,194268
462c1a6fbc21914be58065e11340cc21c21fc942,194288
bdf20a81843a0d4065d803ed7869e602dbd9e397,194288
74d6b2b1d6533b56ac86692e37d91217a8ba810a,194292
38e6c1f2aa3f13d951d475285c939eee2c43918e,194288
932bba49bac9516397620727180545c2b84d4003,194288
35ab6fa8c242c84e9fe63e7633c86594bda593c7,194288
0946b1f4cc74244b2fa5e7b8018bbf5848e833db,194288
9b02e7931d0d6fbe7645ecc4907179b689f16003,194288
cf36ff125a38afce5edbb2c9a80fdb0573e0d89f,194288
4f52a58f5a65489b97e4ce1288f5ec8b64655c04,194428
533ace06a0b9c8224ee75a0fff2ab8dfa527e704,194428
0c7da32f1867f9ed4e95a5003bab9fbd4d939109,194428
568a759dfc20c483503fee24c59e8224d658388a,194428
39affa8b1c6a2db3ec02b791fa082a054a96872f,194428
8a36c946d354ef363391f9930bb8722c9e1710fb,194396
aaf910be98f134ba4fca487a87252db33a3b98d0,194396
a17fb1ae92d37e659d99c625954e23abc27664f9,194396
f888df6434cb6013097652bbd8fd5926e6338b84,194472
fcf61e6f676b7d0a11f16061c6919f346a4cfd5b,194256
4158c776a2e61cd2dc5ed67213536683dd247568,194448
a34bedf8cd0283de62cb168b4c2f7485117cf1a4,194472
70425d6cf0d8663c2cf25110f42e838edc7bbf32,194484
12076e1bd306607fc8159cd0ccf58a629538b9f5,194396
7a7f5bb3de87b47eeed98ca941f6fd3bbdbf76ec,194396
dcd29eb8f203536ed13fc6076ee229226eed31eb,194396
9ff624c48516bd5827c1bfa6a4dcf512bd220e2c,194396
bda9b679aa782b024b9a2c515a527fe3a6cb797f,194396
1d0e078bb5f70db4de64e37a7280618b564925b8,194396
715e1cbb23955f5cb6eaec429c6f728ce76b1339,194396
a519633edf6826052c4fa1a12393eec54ba81eee,194396
5b57c9b6db97872c3bedc7ca3e046c48fea67174,194396
29171f1f51b0ebd8c6881f9855119d87b8d99ab3,194396
1fe0ec50020c0696e820fdd10d5ba4d22c89a610,194396
81428a05ef6a3c845241c499b0b999d2a19ba0de,194396
08c4740c6eb3bb8dfd7482946e73c6bfaa5fbe10,194396
98395297405f7fad8f79c4d535d4822eb814bbde,194396
dcf14e93feb3d687bd8c36e8ead2398b9eeca62f,194396
ee96895992ef1a404d86c033d7511cc6486bd53d,194396
84e3e3d576160fd4fe5afb906f6c16befd870579,194396
92f2cac6ab19c9d8071ccac86cf05e6777a6a5ef,194396
2d783d362dc5fdf1a5d4364b92748813451cb98e,194396
e6b28459e85f56441c64b591f0a6e5b04568295f,194396
505a4ea64f28e1aac87b7380635cf383744d74dc,194396
588a8d86cae6ab85c31fb716217d482b9db6731c,194256
d13ca6ffcda5131acbb59a4d8643b761a2048be4,194448
04fd2e770d97ab4771e77072bab0d9d61bcdeb45,194472
264dfae94afc56aca0bd482f56b4eba3eaa8e0e7,194484
21d88af2b39fdd564bb90dca7eb611751b069781,194596
2d838156c6e302c85d320ce3f4a42f43005025e0,194524
d501df106d9cc18e6799866707150887f6a39caa,194596
aab2c4a7fe7a5d506ff9f9f2e5ecbddf7f0066b6,194524
086d327c1beb6ae6a8b8bca08e7328660e88e341,194596
f00fa3125a6067fd3708e7c646de16ca2176f373,194596
3f6e1d7b99d117f5606d2b0e7a492ad9a6926c8a,194596
d92d6caced6b79ee38c153cc6b36067469e89c65,194568
e5bd9a4de44675a3870111f9cd701d94aa20ce9a,195432
e836b04fafa193bef6a9f8065f63d2ad22af63cd,195444
3aacf5afaf1474b9004d26b4087ff407a3241092,195436
68828ac1e072b92fcbacc05839fe02a6667748cc,195436
2cb2ffbee3709369be541c65b43c18380a44953e,195436
6b7aed25c396ec52b89ceaa68dbe1ab75bae1436,195436
a38c89ef9c2eaf17fcdbeff31fe568013a194190,195416
d8d9f9e2bcf51b8d006d22643e844add7fde00db,195436
c5d4de22c0533f01bf32255dd4fb09fd33eccc6d,195436
e6065434a1a16a6785e84ed57bf17364abe0efec,195448
3516fb2f6322180ad155ab7846b999295bc430d6,195456
d5c25864079891a0afb0de23f4213a12918739f3,195480
e3f0e1c29b7e38c4c88c5415e19dce23bb6af83b,195480
cc0353282a739913c9d56f232d3d424c8237687d,195480
5f04cdbcbe243e56746c693eb9caf718573f0c18,195484
65f289298bcf6195daef896d3d267da153ac5614,195328
7fb6b21998120c4cedbdbc5727ed8e7a21166039,195372
593a6e75d96437ac18756d26c42e8a40f0a6cfc9,195372
c409ab6d874f3be11fd065a6994fac9ef86729c9,195392
a6a333dce61076db81d7a5b337a31e395911eb14,195392
f173312e4daba11d48afbf37da7dd650075bba55,195456
76fce61fad7b08ffa01107d5a3acc45c13c3e974,195456
f351fa4ac4b3938e416d07510dbb37be12171348,195656
f3d998f9748a5451b1e4bddf9bc6bc495ec7f746,195672
aba7c9933eef9d6d59187a1e5eb3039e80db092d,195672
7794b7eb44cbc542fdcb578f6a9d3be949149467,195672
a39866cbc237d92ec48e3fc4ca5cc833f277a65b,195828
c276a369be37aff1fa7f7ee3066b5604fb08fd74,195836
3984b01b5e037a927c94feeab121a5633ac96773,195996
fbfbb8181931929a5092a0719d2c2fd4c9751d02,195996
7d2473780c5697823b9e0f10de0ceb9466e38aa6,195984
0634c5afdc3d3942b079d9b238217b035b11e1d4,196248
c1fe189c8944c1020c838ed27a24c8fe295d397d,197944
8e92754f7500cf1e7017b01dd60d921265cbd0a6,198000
f1f3408f10bbc919bce25d8a5485f4459b86a6fe,197904
9b223866ccc094e653b9cfc275f3ce5d8d8b65f3,197908
0d4dc4f501ac0414ebe0d10ad0de466be2d2360e,198336
604a36c3010bd56f722ec2a814e36063ab8bea81,198444
0625d52eb221275f1e8bade6c498c31ccf32a560,198304
2d0cc6ef9b044b5fc617d3bd04dad9c955138660,198616
fc314131cb72eca77eec86233498a515a3258407,197788
fb5e57da1180486bad9a51e0862f793fb2ac48e5,197700
8fb29a2b2356b2e8e72da90ed1248e959e0e0d55,198524
2e450d0fe8086ed7a0471b9a3dce2fbe35d11f1e,198528
55438eeb2da11cd8d135d458d64b96d1542e7c51,198480
e1833a78e3026cae2ed9828e615fdc0101d988cd,198536
c3e2656fd0cb69d8e976020edfb703312e0d7b7f,198560
8d70419e5664190edc309b7e0e25e63196648a22,198660
5689417a0707427efde31ecf672b5428122e54fe,198544
e2d02e9107a25d5bfb058076af97d3e20ddce661,198756
11f664db5c406bad5b554e4aac63f6bfc9c4d6c3,198812
e3040e4c609713db8cf967f7c3c60e351fb180ec,198812
20e8087f2340d0cd07866ab594b231fe5cf35949,198944
8a47892cc52dbf23ad837e21665975a20cac2aac,198864
38093ba3b2315066353d2bcca900a20cf5c20da0,198780
25dc0cca10ea08912155e18db63e8f51a4eaa205,198760
926fb245c6280ed5d1c875c9b90e00e3a4d9a21d,198788
615c6ad868b87bd3a286bd1410d9901753daa6ee,198792
9d39665e7a3f4e19ed16d664a9a80dae71e3d5c6,198800
8eb02dd19f6b27a4a3fd7e4c4084f3ecc10d67f5,198384
25f105cb4ed376460de7429750f81187bf502c5d,198516
40eb8ee153155122b1b1eaa16b09ddd4d188b870,195904
554b22093a1b7e361bfa6c348e6951d40d104db9,199088
8227b99e968f78e944de3f1b93778bcf6c35d16f,195932
ec2643e48f291c9c57e83a570965ba2e771909cc,199088
d934578c691646063a7588c453f2d8ec1e3278fe,195932
e3ca9077bb956cdd3a21815c516b3cba46f19539,198540
fa471549ae22389a46b1d5b76a7e5595e58b33b7,198616
f58e8bec6f107a05f6004253c05765e09497ea93,198488
b42da81ea3f175072f992347c472784b78ea3561,198964
c4fb3dd160cb2a9cc86bd8312bfda1f9b1af4f63,198944
eb97a0a01bbc3fd40047eb045446480936d3a4bd,199068
ce477adab1ae99e4782e09eb7e3dea7ccd744074,199068
96c6eb8ae93288d5350f721e4b4540dd7581e499,199088
fd8306d6cc86e261fca71999eb7a0f23ce1a3574,198344
59cf0eaffe499cc2e1e9012c0b9f671486614e04,198364
cf87ae5e54d94b9e9d768f686659f76d54e8caae,198364
2cdd212f15246786b1fe8bb8be0ade3ccc15170c,198364
0945da5e75fe44b2c9534bd8f7e5da4a2a53c28f,198344
863d582193bc1a5f7517cce106defe83c7607cc6,198364
51b9692d087e10db13c2bab876d4b082814a466c,198496
94591d5a296af2fa1ef7aad35c7e8b9b8ce2c98a,195884
a9dae907aa34a10fda3817afb88899164d89dbfa,195912
2e0d3c87c085a4e13e729b452d07034ee35b765e,195912
4c9c9a6b450b0277ef0b004d2bdef2da7532c10c,198520
0f36c25ebae6e534e0f409607f9ae4e53c1bcef1,198596
abe4a597da8731be05983fe804ebd76e2ab075d8,198468
8e939f5d14734f29ff8bd06b4660111bc6e75181,198944
87ccb1447799aa5159af3467b0fdb260119693e4,198944
451ceb1d4e65576154196d0e0f411620f77504f0,199068
9610d0332535e2d282dd2d3a8edf45c8fd6cb096,199068
ea0379d21a30c2880e7669e33d15b5e604ab926d,199088
97c33097efa54e9197b726307d4db1cda1e26d4e,199088
32e3cb036d21d47d77e2f9bca6294bdc22a87c28,199088
a5a35faa0ef40141d39171c0af79418e3ac9ee5c,199092
e4b0154f1f16a5de8821c59e35cfc331ec3d17bc,199160
d27725a5518bb623275520dd6b00b670406733bc,199160
d76e3eecf450a28513430fbeae71a6b6bb50f259,199216
f077bec1d9545d8c024331631bbce2e2b9b9453f,199124
f6772567006d4a8c0ae46b9b6be635fccb7604a0,199124
4d3d855072050d2c0f0a64d7ad6ba84e617ac16d,199160
83aad9e4819a4286973417bcf111fe0f71663c3a,199212
03297be75b5e8597b68ccfd6aa89d2bf52d3b21b,199220
1b6b61ef6499390e90a18270c1328c4f1d9f97f2,199124
79a97bbcf7f17942f9034b6c78a7896de1f5e1a7,199124
1be169337455dbb86857db4e6c75d7f7fe6c6d45,199176
11f6204a67221e0aebda19520ed5086122ac5f92,199184
a844b32fbc5c1b5084fa64ce09eb168b6c257ffa,199328
d954ede4f92f88f957e4e281c8f05d4d410b89b4,199384
fa00107d9c0fcc1b3f778e5370c80cca04eb8da4,199328
0062eacea6c24b677a6b0bf30f32f58cafd9f87d,199384
4bf157696f7255966c9674244010f0e9ec48b6a0,199328
4c14de32ae364824f42b3513ea0ea6835534db09,199328
739468929a727e34531c20d92c5ee641d31bff3d,199384
3281b1bf55d5679f59d7e1a3d9e8f8b5f18040e3,199648
2ea7f159959ab556e04790bc5c25ee2dcf1af73b,199644
9589572d041f03a62b86881e5b6b712a8ff9519c,199644
6eb4c96a9d7327803861b1333219000cfc8efa29,199644
286c8d8841bf320b1eb66cd427dc4341e021c4ca,199692
42e4ad201d5eb2dac1ed653732fea5a282c2189c,199692
42f1aaf7af4ff1dc49e6d2b960c0615ad97ffd8d,199692
f8a817e5a437349f545a8fa8cb217f1042fdfa84,199692
db107e1f1eb771427f9c918bee3f2cf7939b7998,199692
3d30d3f177b2121b5954a986d9a002c006c35ce5,199692
b93a1b6d63498ff7cd38d2faeb662a983bc52428,199692
af4d6b26abca2c89cb4537edf43a43a7cda773fd,199692
9fec50a15222cc8686d829c40212a8c80c88da67,199680
5693404cbc87ce0a55e94efcc9b06473b48e25f2,199680
87fa00a9f24f05d9b6c1a5ee3dbfc3ded6fb600e,199680
ea300b726f9e9bfae59d3c184e451f2323e52b65,199680
bc7a503e5798b9ab87d14f81bc131fc0d0bee78d,199680
02da36a9863a832b7117137a87e0fd6b4ebd0171,199680
3f7be1c0e60e8b8d9681655ddcf5a11de912e983,199680
212b8dd750ee8c3aa345889aba09464edb5d953e,199680
31787a660703c3a8c8ffdd490f0c4a9eec698e46,199680
1a03c3685915d3d46e0e1dcea454ce9dce90c09f,199680
f1a1c4f40b81990e78577e014fdb958a7a47217e,199692
5d0584a59c5aa37344d239c961999bd76216e8d1,199804
d1b1aeef5eabf61417ab00d49c4ae8261e7a305d,199780
2c8665db91d9a672dae39588d1b5c52d19ad504b,199780
d6ebec574dcf8ea7fa717a256839adaa00fc6465,199780
c8e86ba0e28fc9c426ed41aa66843b8702c4cb0c,199764
441c267b1aa9afda900c68fa80cb36f1f00c7df8,200108
414a09b333634a545e9e4b4b197da7a9303b98a9,200108
e2c465c04c95bd10c17d853e30e7e71d3cb55811,199796
2b0f6c94703a9c6b54b945f4949a22d8e55c5230,199764
b5a0e0025a1658d05b0b519615d4fcbfaacfb0d6,200100
5dfd49fceb0bda1af4c11cdf6ab26b1fcccdb6ca,200300
c38c6c079ea7b627528ca6aa4fab75b96284fcb6,200312
f3a77077d98a7e4602068c42a27a4ff2df96c428,200312
35fb5c494e45041adc9b010c7bee76b7270a5a8e,200328
36acb6e61f1addd123961dd6fb6b9f99d85caf60,200340
911cdab7e06b92cff9311b5f4e4f30c66f57c754,200340
91d113cb5e36dcaeb89fe28239f49c1d7d1204bc,200340
a8d550c8f1e16e19449019cc2bcde3a5cdbca41d,200340
9b37555da99a3a8c3aa0841573697e9435ca38fb,200340
a17576bec2177c8e68c3b10e717efc75ea7f2358,200340
f2fd83eb3985ab3cbfecd3808520d28683408e9d,200356
46f29c09430c1e2fef4b47a1c830910082256404,200436
dcd42ae1c4a36b8e17c07f801658d11f6b87e386,200380
95e0b1098696c7793682257a9bdf8baf8b25a4fe,200532
cccba6e1d643daaccdad4c313de323f0df380173,200532
a0d063b56cf6a9e47bea913f5343ff9050708cb9,200532
7a5b203fbaae95f48e0857a6e1320bd1cdaeb314,200548
5ed75064169308d14a5d844747bfe9a3e325792e,200592
fb4b123a60293f618afa87e97fdca0540c1c2c06,200548
da330e5e3d9bc45f25e11cdf61483f4becb492ca,200592
d3f380008de32d65d0b5c7c9209d3015c911ab2d,200672
86bd9a802e6fb963bc0ab85eb7dba4c0303efdfc,200532
6437641e63a51ba1e3d011f689e761d02ba6a43d,200548
963d180d8561cb049587989ede4afc6dfbbd529c,200592
96fa9653a041e1761d7b200c9073f24230d05386,200672
be6304e97db5cd8d6d6efca46f4c786cda213944,200564
01b9f233fe7b4c66723e22c9c0f03a8b413e3520,200592
ce8a7c955466f5cd9dc7e65046d973894cc4469f,200636
5be87515fe6f1f46e0317b9672f35d34668a24e4,200716
1d0f9874aa21248b701544829fccd10888026ea7,200716
a289bb1affbeada828d36c86ef506a04b3e2402f,200732
13dd65d68ef0ee5dc2fe87d21c43d7395596dd79,200744
cc67858af06fc03bbb7aa8396b9c5cfb98eb0f47,200732
aa317a7dd195f6469f19c6ae1c9698065d7a5f90,200704
d860278c7dd776512c24755241458bc93863c69e,200740
79a0e010ac36fb64593d5ef5b213b64f1a03985b,200712
12c72ff8066da95d199669ee8a489beea928e3f6,201124
2f6cc8f85ca4d53e0947f2428db27e2807d989be,201124
108d3152bb7d2f9143bf836d3496a8dca8c6b7da,201280
125c7e20c77006428934dbdf6029b6d243f22c3a,200828
d82f89a40b5e4e6c00f4629c1df52f09cdfda195,201124
53d6e1de212210cc2607331e5bb8ea3b0c3f40a4,201124
13c77cca8e921e7bd9ef458bc6705e3ab502e04c,201280
893663cf0343ea2d419473d3d12928752ef71917,200732
20b0d17695d5e5290eff7db0230cf59bd72ce85b,200700
365db90f36aef133bce0adeebab743be60f5147e,200700
201763c76d962806bd121cf87c5727cf016883a2,200732
138618b13012bca81c47ff52af0778969794b086,200732
b1daf2332f26f277481f29496a70ecd5e4713d5b,200764
395315faf95b9a79c3cc1ea4eebe79fb1685168d,200796
a121e128d2524efe9549a923c1e14ce3db0068c7,200716
fab38e93dcfa680a2778fe00e7a6337ebc1a09dc,200716
8c8340b6814c15a74a5ed1040cfe7ebc241f57fd,200700
0ea92599f38d5732ffaff33bf54453be8bd733a8,200700
7a42ea9fbf626e1f33f3e833571e84cfc89f5a76,200732
2b4d4106fd8be6a227f9296b18fa9769575d54ec,200732
99d0503d1aa9516779513e826a4438271ba69e42,200764
8b785dbca35fe74b888ae930981ab2a60df6c990,200796
93a8986a085c4c4baf34571cf0c194939ab8b49a,200804
3e29eb35dfffc152bea12131ec4b9b0e53da930c,200804
b3e894654315eae03b9e0195fb8943a97ebc12a2,200928
b107f998b18d1fd46c7a2be2cc882186c7e0738d,200940
9380ba07103713986a4a273db8271a466d341ac1,200968
ad547996427321a1441d70f6a1f48c62c31514dd,200968
3d06f8484092c9e909eb7c39db2297c61cac9eb6,
5e5487a1866c796e365cda4ed7e86cf367c58939,
85573bfe99f81b4927ff2ea46882b775e2028cb1,200796
e96bf244fa1cc5acaf7fe4d796a5d52013c92cc1,200792
8387de03cc9f41cf5bda3abafb223afb1553c08a,200784
cee2afd4f79cb86da4bf683ed1e83f2664b8ecbe,200824
aea63d09d2d5ac7cf3794679230bad72ed9b38b6,200812
c041cae9a4d56cee30f3cf977210f1f1bedc081a,200928
d1b66d1865588b0c3d79639d61f950e9205a088e,200940
15f821b38f46935240552ba713e4233f53c809cf,200968
72bdc3adf94082f658623067e391298af98fb07a,200968
fe546376ece83922fdeddf5c99649a6129ae4c4d,200844
7887e970569dba4e5c7ad5447eb6acea12da4100,200820
31c36c65f59f5785bce96b475dac5024ef128c32,200820
83e372a3cf392101bef1314b711a64bbad96a510,200820
c13bcdab68ae5b90336a7c6f9aef0cbc3cff1923,200816
a47316e5f985cafd4fc7cbf06c3285fc696f4106,200820
d186362011e32cc7dd2a35221c5f61155b92a955,200820
605d72b859a0f1379d7afd6b7de0f1d448d77331,200820
ea806c25723e7d99931c41a293e60894b2a608f1,200820
8378675d40f26fedbce6961be7b38b0878a4d582,200820
bc843dbafb2ece5c7fe9866308232a354567f1ba,200820
baf7047ff125737ece4cbf939e437608c8c69d29,200820
f112d9f8ba82d9675adf7712c8a48486df7533c8,200820
ca16393685bae78c388f19e616cdfdbf1b9323dd,200820
d16a98f1e74fefe030ce6cd0981c92339662ce94,200820
b97776fada671e474097a410cb5c57e82c0afb71,200820
26e6e6005afc01c713759c720b02bec69c3c7dd6,200820
ed47929a52cfb2547ec3f5adfa2a5b9c94624bf3,200820
98f3368a4674681f14bb7c738f4ae0b753abfb94,200820
43d18dea0f6414813c47e045d0eb5746a2fc67df,200820
503152acde03e758d8cb7ddd1bc43f9aee2c9622,200820
50f6bbc7bae03b020f3877c5c3daafd57586c2b3,200820
b577af52a20a78b2ac9b940833f6cb9309b861ec,200916
368da6b931593fa1e3d4b7312afb676aeee24808,200948
c2b3b632100a142e11df0d8337dcb5ac1bbe1a05,201152
5a240996b2ad57b80aefe26be0f65ec0265ae2cc,203096
42f10e1917349c1a6aa2e0326601cbd4f8a218c9,203092
96b616cf908af75d57aec300fd9c209a2af97f95,203716
21e9ca39937beb757b45fcb7c8b952eca55ea762,203092
6d1cb9775d1e190537cafac82899fa0874060f6b,203204
0530e4958d7f8a803cb960aba5110109598aa85a,203492
569ec2d03147882f6f2dc4d95e1361ba1ea1d664,203624
6d95174cfc2d0e37e7cb8a542c8673fb2ca06ec4,203620
f3c183c96cefad2838646b6fcf0433f7e9f74e3c,203628
5473eb5fd1339ca9b9c7b0bad6c37407ba4a4343,203764
e2bf672175dc7405b3fc264a75705359b5c4ad07,203092
adb547958f0e000d88b377121ddaae9b9e5167c7,203092
bf20b3ba16c46fa804e83b33af1f39ccefc18fa4,203740
0be2961f66544df8a8a91f994e79e2fb3bfa258f,203740
6716b5837a31271fdbfc535b947b21e70375d4a9,203960
7b8b14f6030d75c8e1b923935802068203f36939,203960
4f65393473b0fe72be4e921540fad502c3ab81e0,203740
c5ef735a75c3697b95b656f4e52e7f87cb33834b,203960
c0c586cad7612a4e78804ac1a9a7e11aadaaac8f,203960
4435e7e0b3aff413927d88dd28d7b9a581fad43d,203960
ec05eb605bd484e24d0562221bce1bb7d7f6bbb4,203740
063177cebd0216cf6a9037366dc051cb68ed387a,204180
53e825067d900f9a91db855f45e11d5fed1e4b28,206676
f0fa54494c0a2c0d9e930638908f54c1454c604d,206624
45e7944f7fe28b9d501f071c68a5c10e6623f188,203092
3078ed05261a25aa234f6534720eb57ee139331a,203204
8ee6e81e179fe79c86b82d047f6e528be53dfddd,203492
8d7c983813463e1f57830a0a0c75c1a2308f50b0,203624
a669031c73ebcd8e3d06cc3b4b4521ad3df26b81,203620
f9d6b9b98822cc869e899a4cef66623b84d4cd68,203628
caf037fe18fb6cf374733e92f20592be8f5cb903,203768
2b5e53879c873d7d71f2ed42ba7745e36cbfb580,203768
e6a6d594ce8012062ad872213064d15e5003efa2,203784
cb041a49278a6723206e1cb7aa544fa835f3b03a,203756
05947b5a17f5c95e28963628b391b90c5ca68c9c,204196
6d43d77954a03104e6b580d8d54cda7e732ab179,206692
9dfc3c24d760e3d13e29019dc0e0edb083299426,206640
731a34bfc1eafbc310d29616f7884a923d378f97,203092
98d282ae0fb7ef126b5773484e6cabe40de74bc1,203092
a7d5bae90d4c838351bfd91b29bbfa16599f9787,203092
6c71d4cef55fec34467018d13ef158fc3704f902,203092
9bc9f1ba1fdfcc65853602adb81c34687608e0f2,203092
9ebae24006a43a3ba44b5e5be2daccd2d44b5666,203092
a5b91ee2d96e6b788d53258be3ba9376d3237b4f,203092
5fec796a031ed756aadce919684729976a4ea61f,203096
acaf822f545f1e14111565bf81adab769d66c71a,203096
8c15ee865b33a5aca0b07d926b90fb94ddba7a10,203096
83afe2cc6a9f3af479083e8557b426c65c34a3c3,203096
b7427f0de96774bc210552d0c549e9e974dc7a46,203096
20c85eca9b3a6084595d837fc5dda330706a0733,203096
e9216c9572e916030892434d852aac2c50535505,203096
d92da744c581b4d87d30e492c85ab637f7f7e50a,203096
498182b11d3b8d4915ceac059b75443be99b1c0d,203208
8f93a0d39daf29192376374a8aaadbf789953ec0,203496
1efb4eada9c9c642e097cc7340fb8c262c00fce1,203628
6ab26266f9f398ae5e931f49d5d6398527a94bbc,203624
b22976eb2321eafb83498be85a617dc75805781b,203632
c38105ad6a4e61a1f01bf114fbb0e073358c946a,203772
cf12eea6a0abd64a1b4246340b7dd254a081b9cc,203772
ef9f7fddae77c544ea876e2e77a5cf1ab9aaec87,203788
7c43ea59ba33b35b200b9d97bb29574d0123faec,203872
95643dadd72cf19f8b471a710baaaaed12635183,203864
8f58b47a9dbafcfd6beb69f8490fe3ceda89fccc,203864
28d921c72d4e5ca26b2e30ed0fca850f22bbcc3e,203872
53a60f945b85bad4227cb346723ff3bb22ef4ab1,203836
777b2737c73b793cd14e0e5e920b9b14e23b433c,203808
7c5514922341a46550244d873da4d6cea63f0538,204248
be5f9f75b7bfd0ce7a2ced81c9e03613fe43671e,206744
e44a0745c440190d587a8067fac71640c65a575d,206692
c6120bc806c29c81e6e7a2427d8ba0ef00b387c3,206688
d808bfde4971386bef717cd04bb646a14d82c566,203836
761a4f2a6ce307ddfd1479458f273ee9f2476f5a,203808
5a0c7d5944028730ad8110bb6f1b134185bfdcc9,203812
a38c662ca3175ca92ce8066d3355a9dbce6f477b,203812
dac5525eb9bdce70126e228771683554ab1e2d3c,203812
4d3585f954abe55be45d9c8d1c73d0439706910a,203812
5dc34c164d6dcc12aa8aa7399f171e3b4f9df61a,203812
a017bae12586535eb6b8b80495fb9fc55dc89802,203816
74c6af282467b25661ea804d02c6cd64bb6a54d4,203860
5b6f86a01152f3598e1db8283c3b14fb0e0b0367,203808
3ca715145a8ea18d0b768fd0fe3796004ab9e08d,203780
f017408612921c1d43dec3e04f14c28d69e4a472,203856
261663efcb79bfc86de72df2589aa1d9d8c769ff,203780
df605722745ece48df8cfe5ebbaf015ca1797ba8,206336
3b16f2ddbe38ccc5a821c0280ad77cc33659900c,203756
07958f410316a83d74de85ca40baa09a40541d76,204192
9a81752d190d72df74fd9fee40e757bef35e896d,206692
1a97d31fa17d289b3eec036c951ac822704628e9,206636
677a1b061e2da5d26b12fc41f2debc1262002f13,206632
f2124a45a54158012e0d13273717e63ed09b6b70,206632
69dcc60cac8a6bde189583ecd82a332a03d566d1,206596
efe75cbe2dd2ab81fdb772cf8625104bf5d28055,206592
6d4999285e32ea5c3060c840f1cc91de150b1193,205112
3b0149424d5dc89c6e9e4f69d4e51cfaa6a95853,205188
10b21448c84138b4a6e9f2fea034508afad406ac,205188
0078528719604d69533985520507c20957da1ba7,205196
5452453e92bd13ed89033724d184d917c3a0ff61,205156
8fc935bd3360c7649900117ec5fa3cc29f1a9ee9,205164
44c734aa37a6c08f44ab10f221b1091dc5cbe037,205168
7bda2230757ee82adee4d2dcc5a22632905470fb,205088
1228b3b04d04d89613399911ce0b6dc37a12a1fd,205544
930b757d3cba68c45aed3a42faba9b304b856066,208040
939ccceae1b9391d9b9c57c2c347b6f7f446efa8,207988
c5d8c40b6887d044b0e339138676492e1a7534b8,207984
4df225e235d68dd51fb171056332882e1204c2d8,207984
42d64cb963e191fd573745729984ba0c76c21a17,207948
b9593216df15f45338ac08c5c1ca43a04da8007c,207944
67a1bfdff6a5a40b7d9f84de538468af7f595931,207944
f41537c36dd4e422c396c4e6e999c5bff09105e5,207944
2f9fe132ffff53ec3b5334d6618cb858abad7683,208020
be91cac0b30ef6b58de8c5cad8db809660ccc24f,208020
de12ee56bfc146adfe34810bf9b2f364b120d2aa,208028
b5ed2b1468cc9c9bd12c91780effd42af65141fe,207988
e1223cc84b5c9a85b0bf8b98edcb68e59f906536,207996
71af9a467f26e027b36472e7940471bf6359c210,208000
6d65df1eb83de3fc19a50f7f569562946936f85c,208000
6e7bee0aefcd4f089e10129ea25f15a3df0d5ca3,208012
726c31ef00610a9653b0052ca104cb796d3efbea,208000
d71a0db7f23ecff70f13ce5384cc44ca4507470e,208020
bd7c3450a272fad5b54794555e6241c44512f2b6,208028
d905fa47a41fd31ea8f0549edfdbba28e97b1697,208340
f3925e2d4658a1510861782e89e41971bd78bb84,208348
aa7eb395efdf0b3c39f4ae38e26c2967f8efef31,208028
5c8d529ffe1f954e04f94c094bceb8dc3da3d598,208284
9b45bb02044c157d08782b288497f2a637a00363,208348
40bbc4259ede870cac9d922d94f0799338213e80,208348
d4d750663994dba4626418aee7961c78ad52069c,208348
f079a5e27c1f67058519c490ece03ca335711b9b,208348
6341d094b73875c9f5e423dbd7068fd9b080644f,208348
4b6bae6ee455b68603354b5f56b881ba08692213,208028
05a48a2f11d8d6b302e02b0d9200bb2cfb6930eb,208284
9fa65a619480cc1ab28cbf78c1fbbe157fec9d92,208348
b9327af0545d99acf6dc640ffcafe93219c5d7fc,208348
dde04bc6b8e1ef55fdbc3c30b94f89753e76b978,208348
de84b9b6cfee35dafe78df70a9d871fb0b42934d,208348
10817802a1ce8d843e565faa9fbfd7c3383b7749,208028
b6fe10069d60cff7fe4dff0dc5c0648764b0bf21,208284
cc9fb0787039b1cd8ffce21b37e8fe0384ee8f15,208348
ea62e9d8cd3d2245162ef03e0b55166cf710b5a7,208348
33436353b1e094162ce9c22d4112e244047df4fe,208348
220ed6ab8f92f8a0ab9ce9455efe52717f6b6022,208348
e76cb6e8bf120af58aced87622a972efabde0007,208412
a8b55dce8f51197253be6a658c01fe2aacc73a2b,208412
9399ae0124d81f0803c15ed2665bb8bc4a5c65ad,208348
ed10485de948cbaf7add5a5eef2e5e1e248ebeb5,208368
f298a37c9c79723f5cc610a616b0b73b5513f4e1,208412
bcddbf6a679373213a5247156e4d7cc5ca0bba74,208412
78394546da20a873c0f5f4b302a5097d6be52b2b,209156
02278604f1ad63ebcbc504cc09185c4496c6f26d,208620
fee592555d9c56e5cb61705349a5ff36458b4772,208684
4f1041a28fe9c9cd485676a893d72cd2c0ebbb5f,208768
ad2d50f9688c31ff51fd92fafbbc0d9202998302,209156
63de1b54b0bbdc9b3aa37b37b9c4ea801c724feb,209156
e75cda81a8fe3da6ef088a184b758f0f64cccdbd,209172
a137834eceb92efc9391e4b96a97141bc6573dbf,209184
759ffa22f07231a02149e1e5a85f5cde546bb265,209184
b73e1643e3254bafa8d1618de27ae6b5461f0b98,209192
68a59efde8e660f12f45d7a789f973742f17801b,209192
b460d6dc4706b9ade1c2f5bb06d3fdb07c07c343,209196
1a8f0d03090bc73660379372d2dbcd27426e024e,
db2ecc9bf2eb8ab494a007fbd0bf4e21b9bfac56,209200
ed3632fd5154fb3e4c3c4ff9eda34d14256b4ae5,209208
2a45f4ef9df2c3f322bdae152a31fdd7740abb63,209316
a047055ccbc0fc6b0c159e57fddf23b31f56cc2f,209320
920c812617040deadce6970260a9c60578a8830c,209312
dc2f38c9ce54f2dcfd1c890f785c04ea0929bfa2,209312
4ff6e7b6f978252ceb05e286d1372ec88ca62e19,209312
f47c21fd7e2b30b249ef01a664b8fb4d3d4e0e99,209364
3a5d824c81bffcfbf494256d3f6d8e9587f24e4e,209448
bb2cd8bcbaf3057302192b7554136ae659673b68,209448
e24e126d3d20a3238361366c4f98d894d0e155d7,209448
ad111f3c4f800f9d60920448343ac09d693a51df,209448
34bc5c4baa5726a0bb4e5509542e21b213355cb1,209448
c0b7ca9f10781e6b27bdd8b6940cf22eafb397cf,209448
ebf1cdc39e146e2e3c735d1ee91c6a93f0aeb38f,209448
cbd7ee09990c531804314020534050499df615fc,209648
26f77014f22274f906ff5a707dd630848c25d201,209600
2a30d93089392b7ac6f3b37813dda59da7591dee,209648
88579233a5c07d3b01984a0f331b2fc579ea4b8b,209648
fddeecfd02a5d6e00ddced0a71c9119887aea8c1,209648
e2b6a8e92499e098e43ea86faff65e553bb8d7fd,209648
900ae1735804ac4bb006d131dba493fbd5714655,209632
4d457a17fc13d42d9b311df99e05dafaeed67862,209712
43c4294d8d34e3f8e47b431017755960d6e37118,210340
8f0ded26c364ca049f94acd577925bcb9d85764c,209712
17257cb4b9336dd2aeb7451408d9781e632a7c8c,209712
415efec3f59e6b8dd4665759ac006d23ecc5ddf4,209712
111408928b67507126698c9f0e6c7143a72af3b8,209712
15ac27e196f04b6072b65e3cebbdcfa61af9cb1a,209712
5c7c5adbbeff6f840e9ffefc6f013c420fde3245,209712
084c51b41b40814a351da363d1bd378447bc18c4,209712
01954da3fe579fd3453d616144d8943a1d5ae7a3,209712
6a3db788693c0f030c24dcc94a2579ce6aa9dba6,209712
b3fe921672646bfaf7c6345dc946ca688584ef02,209712
702e96c7e410a918ad1df1246f8e5039942880a7,209712
158cf0e952b8575e5c48b442a9c6bedeec00dae2,209584
0309019b328e66d6952154536e00e93541e7feb4,209600
b25c130db414feb6ddd6265f9416e1460bcdfad7,212760
4ddd2d8e16a1f83774ca2d60c007fb54892255e2,209712
f79af7fed896ea161ee4470c8ef2f7336883ea84,209712
6006d2bfdab1ac1f94f4bebe34020498958300b2,209672
9c75126183510e2dee4ce62031ed296ede1b713b,209604
60759b4ce191311ae1f310db3ee68b7a6c3fb36c,210212
f00e345feb9a9f0f0d1a1e810425646e0d8440cc,210384
60273d6bb68a0b5a0729e3f7768984aa3fd64b28,210392
4fa2174b2ea01303519726af7a8a1db9b8299975,210392
15c84e7c6afe7e7fcd9ccbaa95e1e95250e61370,210404
9388ddbfa247a87977763452c01de419ac7f29a9,210828
216a0b6bc5024f720f503c0d554e492653adbcbd,212212
30974def2b2ecae537264de352bc3f1596edfc3d,212260
037543d356c950c819b675fcdd2e5758c6d1a5a1,212364
accb1173279c6b481640fe6e6f4a3476b1c0c1cf,212360
967a4d73cf929ce9d64ddabc6197df86dcc74f02,212652
8dc43f3f2fd1d76253e83988affe46770dbf1365,212760
442d75a326b7ef4736618f1546c396fe874af88c,212760
d7fb4266e5fc7cb005f592f4c45550dbfd5ffc48,212744
53b3c208015bee76017613c4a6423c6cea4b86c2,210724
77eb7529c78ae9c88ac15a36d8110cfccc4ec1f6,212964
97df378147b55c60315f4205ce7ca086b1689736,212808
e88360abe5a4107f151f47cecf50bd07020c925b,212824
ff18d745c6a801a1b81d1f681c74ad7f44df8a30,212844
6a606d304285038ecaa9815194373e2145dc23bd,212784
4f2ed8e1709046b82481f09f8cae57f874cb0a81,212784
9e5cd4ca9fb5888f9885a82f179e5a7668641931,212964
1ac44d6dfb74bf19e05ef4203b615133df29a07e,212968
f4703a1497bf9dd3f650ea75eb1aa46711c2daac,212968
d034e23506a092949007234c00493391c1db7008,210280
1299f55a37ba4ff1f4e082023e4a87a0d84ae3a0,210340
afd7ba2cf3a221b0fee9fbc5f32e54191562810e,210280
fc379948bde031c082eeff4190bea63d662a1907,210280
a06294236106449831f791d31cd8127a177e6096,210340
1d1d850fe4d486146d7aecae0b42309d9d70c796,210340
e225a060cb0166f74fff0b784615fcf639ecf31a,210340
8137ff5e30545e998192af8247f568a8c096e8ca,210340
40cc06131b90c07bd825a4854ddb32d335c0fdf9,210340
cc5521fc962ec86474be958664dcec2675781bbe,210340
e37a73136c08588ed380a478435a302e7456954e,210340
3b5326abd6feb0ec7ff93b116bcca134f7f4c065,210344
f7e5bf1b9b5c0058a165083238c5dee3f73f2824,210188
e04f9b1e83558ee602b362b5ab1f9da9b42b6e10,210204
046af3704203d24494e5e0a471af28644b3a1d70,210224
12d1bc43c543e1ebb16dfd6fe9a313316c5c237e,210164
47a4f750de4f1310f1fc1dd5d06914ca05469986,
da71e11e3cab6342a9427b2d39273a1b02c64024,210164
44d430c94d707f73fae61e2f7873105b086a6f61,
ffb60af9dbe4f44f35973e1c764de64d5da26229,210160
d908a8a8e88e9ef1b9330340912b84edd7211fad,
5ea8664dfe58f73d6494351a4feb6841731ae2af,
48987773b9dae3cf21967805d8ad5d778f3a9a9a,210344
f4295a33afa9397cfa2eef0c6eeac9c7504a4b1c,210492
73225d92aec1fa5568f9e54e5eaaace7b30eb034,210488
c9c3f25217e33d4156bb6ba542d58170618403fb,210488
31fb2730f18892bf789fe190a2394167f488f4f9,210160
2ff8a7d1f68a42dcbdeb1c0f9691eef18adc0d3c,210188
51a4ef54326bb90ac27c4495f2a71aac5bd65a15,210204
855a880f1f3eb30060ebe7dadae19d5fdec045f9,210224
0f87131e5c0d6b2e5063d77cf8aba09cc39a053a,210164
12fbbbeae639d78087553e69ff19430c2719c1e7,210164
38ffc2d92865cf53b8c94d0725555b21d093831d,210160
2f4b4559b5433778109b154c141fdd542cbd93aa,210160
ff7ba10cf6d08def1a5e94bf702a9f3529d4155e,210160
52516528ef2752f74584bf0f7fa327ff123ac2c4,210160
ae25771f65c730ced46154a666fa6716d601bad6,210344
d5a2dd5f7b53925a4125a92df808c3dec1c20c56,210344
93ee2739b1cd52a1de9d94d8f018a036da67e672,210344
0cd5838c56bb14eab404b1c11f2cdd005eb0a577,210344
c1559dcc8d7449270b4db9c2616648ec80eb6bfe,210344
f3895c94a40778a7a82cb4be23cba54036bc4af2,210344
f7758da5201a8c16ddf6ac96e74f1f466445713c,210344
68dad44a5f21cb544659c9fd4aeb63aba1f2ca96,210188
d5160512626d8f207fed3e10a19656ab935cc09c,210204
b4741c6ba2a8b04a6eb850ca1320320d52b41597,210224
51319fb742c4e958e97f6d321abc78efdb14eeb9,210164
20baca4c5af954b3a365e9599a8b568442e11414,210164
ad36b9e764a439402aa41ba5b67acd9ce066b7e9,210160
0cb83f4772941c694b39167530f9ca6c8338a130,210160
c0d8d7fab6821ec980d47bafea2cea2f869b4b4c,210160
59ce95fd344a77a2d0e1a98c24c7bdae30bc7cfe,210160
d5e560005e431bca4924096bd2a108f414fb5c37,210344
2f14289bd02fd27675a6eb4ea4af209de4817acd,210204
211509ade6e6cde61219dadfdcd79f1b82525191,210224
eaf77ceb8d70b70e8d4bf224eccc014f9f2106c9,210164
a6390e6b871afa03437695f46cad55ba0dc79792,210164
c7e596bae6dc6d80994be9e19c9138e177c126b5,210160
44829014f68fbd3e9aa35891ff9a99e8897f45c5,210160
67884e53ff5ce390fbdba4ba81c23c1168f9b0dc,210160
14a141b10a0ed6a74123fe5e659b30d6843cae45,210160
ee0ade165752665e4d4e1eee16af8b5318552c50,210188
cf8341a7830afa05777be8c1297d5b6fe35e0588,210344
88b967c6cbcd9fff8d7ae5b212ec9aef1b1975e3,209820
156c2ba9050ed3bef25013418c4d98f63981bdf4,209880
a1cf040c9401741c37f8543946cc9a6c93ba0bfc,209904
5d2a31564709cd987995014948473bd2f1442fb0,209820
16779024908e1c43321c72cc22c0b8165d6b338d,209880
100a9ade0644b10c298e6ec63a3ddc980e5916d1,209904
9c1f17b182aafb3317bc2bf425884a62abca6d92,209924
205788d99340845579a78122cb0e9df1e0ac627c,210344
5bd629a61107c58cf493c9c851413608c3be1c99,210148
cb6d726c636c19f2176d5f173b7bce03d271d5b8,210344
2284669724e979407a9506283089b81fbedf8b60,210344
77384ec20b25115d622fa654505ced9e2e3bc4ed,210344
dfac32632d49548d200a78c6fa3667f9b969be9c,210188
801b0bd2f142af66eda0e5fb8f679cdf7287cbdd,210204
1490c9a359cff02184eb9d0f96f55a615b69acf0,210224
e909dd4bdd69d331da5fe093cd4fc0c854241817,210164
007401926bf7b2781e54282198895123ec7774f1,210164
6386f1529ee0dc46b183b6fa582b400bb763a1df,210160
ccb6f2df54ab908a18b15841a2322fa50d89e5fe,210160
9b7f569feb2ee8c144ed79c130df257582d2ff88,210160
c2893668218075f929cb99d5b7a1b5fb92b771c3,210160
97dc1a520fbd63f799e3fb6941653e3bc5d55ef3,210160
0759500069d98f981135e176a9a9d54778232298,210160
2e9e91cd76c60d29ed44225fd79fde1b2872ed2f,210160
9f4455404a3e7dd7202f519371b08865598716a1,210160
14f7f3244db1adeb2584be60fe85660f775340b0,210160
964a7d529640c2b869ecfe5539f53deaa98273f6,210168
f4f9d9982caf8c7709f5c71b4e5769abc548d990,210168
28d1cb4caf90b1ab9c4973c51a46351969caab82,210168
51d083149e328a11ac77a4db219f26ed8f869467,210168
aa884db901a009b539e9d5b587c9dacae7706d5f,210168
0d230b758bace24aa80d25bbfb7049b723a79d98,210168
f7f670d4778fdd1ebfa3c4fb410e06c0da5f0c30,210168
75cbbf5e259d830dd092ca6f716b53c3ddb2df5d,210168
cfae68afd9d3debc5483bf0b67b32830dbb19948,210168
4f12d75c8cddd0e1eac9b997a81a5fbd4bf48780,209828
6abfd77c4959e6e37eeb8da1d0a9c40002f25ada,209888
cfc505be11b1ea1df3b1abdabf19d5ba93a98ec9,209912
d9da01678553b7bd3f49c2ee98468b9b367fbd26,209932
973a3af0db9c7e975173c40783ac0f788f0aa135,209932
58dd9e70b7cee7a2221c31d2fc1ba8982c130dca,209932
71f0e0d1c56da1ca6b089f044d240e340e998581,209932
77f458f4bc53fe41bd05f195a4eac64e6ccecdb6,209932
0d2c150d7e663ec49e2fa7ec2cd8147f8537701e,209932
6a0ce0694bf352f853c128c1504b269725835be4,209932
5c3a59b15daec6fe0f111e660f668955d15802a7,209932
c9e06059497f3f9d68d4a42572deb9268bc10cfc,209932
dc16d38c7162bfa7ecdd0d3a573458ba3961a9b8,209932
d9b82f8edc46a16b65f7a23a194fc5d977905b41,209932
e9101b322e9849be04fb0d49f1b23cfe09d5bbfb,209932
fd3a961b576566f9091bf589edff8df24f5fa2b6,209932
6a49642e3e24496bc4a037841954a0012b838a7d,209932
d340058912c6e035519f78f1fc9c7a7d6fccdd54,209932
6e1cd0a63359aee38c999c6b06d2490ba362a59e,209932
474eb38bb0e30dc4117e35a1b927583a1bdf703f,209932
24237317dd6f8e99163cf9365e942c390a71c8fe,209932
c952fd0d7b4399d3f7ccfbc727135b51f827deb6,209932
3f64a582b67773bd326e10370fd714a3be50ac4e,209932
8913ecc15f5059ba1fb8dfcfeb7a7a63e6eb0020,209932
8de1eb42ec2e090f289a843f5bdc9f487d702337,209932
71ea460bd36d8cb9cfc65a12921243eab40b7638,209932
ee847a0e442bf78f14d3136ba27f180718faeecc,209932
58e2830ebc2a70129fc83178243fe51c3e501d0e,209932
fe28f9700268c557c65bd08e683dff6c7b918169,209932
fd7e4d560803ac50c05b8bd9791b6d0a7317fcc4,209932
56af87c635cdf69861c81842d6e127b4d4ce51b2,209932
35fba062e8abf779cc6822f919f624ba51dbe5f7,209932
e037f2ae805299a90e5b045fc21aa85e8f2e7c73,209932
1430b5a7b1c2d4119253eafc3b3748ccbb1ff7e5,209932
c670b456192907146ca06665418513274465b30b,209932
7d746e168326c4e10f614526a2615b3c17cbaf57,209932
cafb3ff43ac5f15f3a6b3ac77521e0af335ad52a,209932
9fe9660aa18cd8a7b04acaadb8b97603abf3b5e9,209932
94d4b947910e3dea97e80d7ef52dcddaa204be8a,209932
e5c1c4f185b8d8993878b6afff1f0fa0f4ddf434,209932
86eb3b3f0158d8fa3ece04518ef1ff29f3ac80ac,209932
606001d1f75fec390657308b0eb365f591727a78,209956
b9ecaccea53969cd9e505751e6437a59c3c661b6,209956
38b2e80a7e447395a67c6df037da764c8a4fc83e,209956
f23e420f107fbb9b34debb3749c02e5ceb816d26,209956
ef7a9b221c9bd92b0ff1dfcc488dcd32d8d050db,209956
f8ca7ee9dd405e794070ff453feb8c3501fb2c73,209956
db50838680371fc82056927139c098351e7af4a5,209956
71b871df8ea85028c143031b3b53e1e673fba60d,209956
0c71de297d4d4adf259f7ba9be806426f1d19e15,209956
d4a33b1e130849b734d3e3a30443ce6adfb60316,209952
46d360d6b07e9114bc73b0422067c2e35601991d,209952
912d4bd5376fba1bdb5eb30d82f84a161bff526d,209952
4adcff796febdb0c387d547ae19ff4556b503060,209952
6813dd28a4f810b25a608643e5fbe0c8402d770b,209952
25650b3891b81f0d58cec8fe80cf3b3834a64f4a,209952
5cc90ab3878f9d7aa0db7b43bb6bdc16222c75bd,209952
c6f15650409d1b9f7fc25ea8d2dfd9a4ae10e236,209972
f03609c9f69e66784c39f01970e44add35048cca,209972
3a8ad70ad9c5bdc4728c7b4479ecaa77183811a7,209980
b28e98837c052e28787b97ff582fe1dcb31a10e5,209980
864f6ef042576326cd601369fd9d88e412a2e9a9,209980
61fceed164c88a688683848ad023c4c358c4773c,209980
b67138894f5fae76abc5e83cd588a9946e9159d4,209980
fa9e1fe49f8ef3864717cd7f25ef85e91b7e5e17,209932
857fb43d3d870ac78cb3dc3cab525289e581f9ca,209940
c71d9dfbc518b3cffee1855c92547500c564bbdf,209940
8912f2e38f8ed0d3360e23e3116eefeb3fa376d8,209940
d345f110e52d413ae8f03ece53e49d0faa548323,209932
9a1939f5dfca9d7fd8a775a4e65efa4727ccc9e5,209972
9a7a45151a3a1395e49d406d5c23f5b51c57892f,209836
c5014847f4902243370dc67fbf2904517265094c,209848
b8eb50fc740556d8ded7af27bb5b81628779590c,209836
ba46279cbe53cbe4f6099bfc2d35a23c4428a4ad,209836
af39d5a6cbcba0a56b614c521f6f509bd660581b,210344
2bbead67aac13edc760cad1353ab9f7c46794810,210204
f49d482ccd4be46a9480a54a4cacc56396c1a5bc,210344
78d438354304dbd42b03f4565d965f378e76823f,210344
b2fd58d630e7af165248f5d3fbb4efbfe2773536,210204
e876c5933653c66933f62021c5ebeb7718b29bd7,210204
5f96b8028880f49392db8755eaa06e07316dc7f6,210192
0b0dc49f16d2877268fbc5b03b58c2aabeb4d007,210204
f2067d0660d1769861a7e485b4684de49a9c631e,210264
16846a9e9001d0c2bdc39806c0548f90e6b0b8cc,210264
a0c59305fdf178f89344eb73869769d55ef423ee,210272
0b62db016896edef02fea71f51c0309aafebbd8c,210260
233dcc5d219f736902580dda7b9b4fc99f764c0b,210272
41bb642acfea0a1d42fc484e8e3cc7b014b28342,210264
f672747b02fe8abfc6b73e4b7f98eda340ffb28d,210260
6052a436729f0602b2f6fd13f4a0bdead508abdd,210260
57793e3758e6255f395a31bc5d10feb190bfd2ff,210252
67b283d4189cae5b8519046d412a178d5b7e6f2e,210252
a5dcbbe199e7f66881899b10da556b948c43ca39,210264
d189c9d24eccc14698446eea097cb76c9480e863,210264
c09abd91dbc8aace4e030a20cf1901e9abc02ec9,210224
216d9f6a1bb58bde5b5bb17f1ecfabe33b2e45cd,210236
f922ea9835f9bcce9523c12baabd82bb7ee4ee30,210232
0298b1702a2218f364067284f656a2e47af2da91,210236
edf74a9fbc0c7283c01156a8fdc19df17b5140ad,210232
e8a6462a7db67d96dd39728bbf8f6ef5c74e30ec,210220
101c6babb592148bda9a8fd912b7953c7d561c0a,210220
35a744ff7c50954ab257fd00234d972c12e32d59,210232
5d87f15750352db4bfc21e955a523419f12f0e80,210068
acae832c0e89d55ba45e0068449bfcdb183531b0,210084
58e32cdb207657ade91e2a0e545be95e2a2ae5a8,210088
f62d14ccf27194ed4a70b4672278d44d4861c052,210056
c741e8e7e4d7565cd5a074c71358b1ccc9d09ef9,210056
8e4651028689d02060bafebf58a76cde9e33b1ab,210052
f3880910d2be48fd096fb2b7e0ffbd235a8ba63d,210052
1bfd597fcf05d6d2e635f4ef45a07c136d885852,210052
c48a8c2350bb40e76954c9acdd2415f3159ecd55,210052
9f3a1e708e90a467a9f91fd4bafb889f6cc2d467,210052
4da1ed660c8372ccd41acfaa16d2f2f12aa80bab,210052
db4aef2b6bfc3d4db4aee5396d20c38f6f1595d5,210060
389d4a9f76587e9bcec22c910a758e192dea61aa,210060
830e1c4c8444142196ea247a3a9f7c12699b3bbc,210060
840256595cf061a1a74a16b103908a524961bbcd,210060
ae6c99cc6b27b8960474489093b63d41bc6ad1b8,210060
3a99eceff7972cb21e875053e18d97d7a237cba7,210060
ac089fefc503f82643df0dcf15a08fba06928963,210060
be3dcc71fbbcb4fa7621ff740b33cd9f389cbafa,210060
92dcbdba58a9e5a7f118f95ef29866d5d6c27e82,210060
aae52d0d7f3bc05192f2a28e901a437b469d8773,210060
5b20c799b846285f2a2bb18fb1e00ec1fe542a27,209716
17057d3132ac1674b2cc48aaba6c2bdd964efaf4,209716
7779f86e5d6db40dab11c57db73db1993c6ad0f1,209716
3c4ce3b278e6832617f9d3dc0739de92585fd7de,209776
77c5ed3f7cff638df5521ba7d59978fef57b6913,209808
78006dfc84efdfde896413b9b7814bb75553f51f,209828
cec3d1f06b05e1953de8ac5e2a7eed59813a6f08,209828
11dffc22a16d7f72b9c7a15aec0a5e06ebb37b1e,209828
8c0a83ca6a2cb32ad4eb569f67dc73ded47cb933,209828
d1e8c507fbcf65751c55875b937f4d944ba851bc,209828
35d20eacba61035865887b9985a19b7bbc43181f,209828
6c942a40cff21c0df87e9d439da2b4069ec1e828,209828
3de1337cd1bcef131ad1b96a796b4a9bb811940f,209828
5bcdda9b1b16cee922f5228a2951da3ef30ad0e7,209828
09956f69a806f1455f39ce9384bbc31c758c4de9,209828
5ffdc059768e8537f3272d2b8b1c5a37b28a1243,209828
eb980aa9548cf6e0dfb6cf566f38093ecb4e914e,209828
de0163df752c26b10a6cae3d7598de0004308011,209828
b5df422e4b3dcf0d1396fd9f7aaf031db6788fda,209828
37aae1c29aaf82e6efdd14fedaeb44c877a3322c,209828
7e1819ca11dd663653103d14c71f570323cd36be,209828
94a08e921f5d137d1b2552f905dd6b7c194591fc,209828
7d47f202b4644e26ed755e6c8e0ccae4015a1086,209828
6df767b1dad1cad9693b7c9ae021272559cb27b7,209828
4c90d74168b705e92614c41c1ad8ff6d9aa578bb,209828
0ccc438b73519d6584dceec3265f3eaaaece9edd,209828
7ab8a2555e3ba79724a7f36c197e0bb5943792b3,209828
c388ef72f7bd28ac609a8ed58283a99b6b2ffe65,209828
d93f8485994a4f1b44e38c8e448f31cedf8d84c8,209828
70c401f6bacc214a1796a48011eefe8f76a2914b,209828
3a7c9f488eefe32d564570c94ad6f061cb9b3d07,209828
9e83091a9634154cfa8f459a90994798f257a4cd,209828
c42462d8db96544cb143e5a2e178b0eefb5b5e1e,209828
635e11acb4fd13fe9fa3517e88b770fbd6d827d8,209828
79b0f74b574921b832b6301ea32db066c5ebced7,209828
2a61ecdc1352fdbe095837bae2e124dc77a16f66,209824
79817b98af14ad10b9d6cee5411908b18a3de765,209828
014d3d89e59233d2b5d7ce99655fce4e0a0bc6cc,209828
104ff19e265b706d89c185a200a45b2a78aa2e40,209828
790b0c5353fb32ffe283f015c75493c5f492a5ec,209828
e4249568af485cb1973f655fca58cd5668d35327,209828
0ee64f3facf44c54470044b811b9ed67999f957c,209828
c69ed0b0f9995ffad8137ab9d8e7b754c0a865ae,209828
cd05b524c1c02fc533ae8c6bb81da3793edf3785,209852
62026172d67b310baa31860ad98c559dcc72ab9f,209852
4cc9dfc8bb009fe9dd5d32c888b30b94400b3e72,209852
9409e0e6926ae94384ac58cd99ba4881ac5985b0,209852
3df9528ce88d668722c4fefd78daef64a29e6177,209852
327d111c04d789efd0e1eed401f167f62ca74856,209852
7ea95c053ce95448b5511d6d180195d90a046814,209852
acbc97099dc455e0e3e5d999dfb75efb0857532f,209852
1672e082cd09d0f0e732306c4f95b2f4ddc10962,209852
5aa2b8f148ea5c6ab1991c0cf8e5d997d7f33816,209848
e2ce8bca0cd6ae85cab9d3fa6edba162d3b49fc8,209848
83129a08a2d0cec072dd954dc99193ad09af605b,209848
8c1edebe8c020a82006246d259bf4252b1374c22,209848
7869ed1b084c34abde3fdc4850feac2d853f1aae,209848
0564797a88b5f48a5468cd0d2d48bd0188000896,209848
b17e5033dcc4edd75722839c4832c791f0e698a8,209844
91acfb321b54ac083e00712f087bb2d6f4c51543,209864
eef82b76e25d9fff7a2640ba19fcdc27d0c72eb1,209864
5d685143f8bd06cfc1201c703aabb5be55dfd1e3,209872
5e7984270f3e04108470bf285c45856043c65433,209872
1f393bb9579b0ccae4a5c6b15049b7c50160a257,209872
d15251fe6b3984cde216243435d6c8f930a7fa11,209872
bec43a407adf9e807ea7e22f2da2830ab13899d7,209872
061c3f7ef5a067ef3adba3b392e15dbfbb202580,209828
4c4755fc9f6a49fdd4bf33b13032161aae9fef8b,209836
7a5839714edec577a7e3aec1a9119e98a1b0d44e,209836
ee03d887eb71d178a1e9763a8ac1109206b2aece,209836
30c5a70d7f125c9ab3b063affabc2bd91c5d22b7,209828
620d48c8371e101062d0394785687f858e0b1aa0,209868
c0a9c1bacaf9e0164c8bf5c1dfc156e0ec5a8597,209732
5e40ead2685e1ce97028edee8157851289e0c3bc,209740
7b6856f7a0d3b5975c969acc1a7fe6f47de24e41,209728
00f0d213c336f83fdac9096151ba318866f09761,209728
63127e2e3124956e775b90738d3b2b2159991c7b,209728
2b27f226334359c097649e51ca94c2b553004aae,209728
53fa921af20d75e8c1800ea1e772062cf0428f5e,209728
ed1a94fd99680761aaa272fca9b6a4c0523e83bd,209728
ebfc389ad7c6efb5d48766918af5fbbd831e9501,209728
2d08456b43a737be8cede2d712910f811d9bb697,209728
160a9890e2213a16e3e32dbcbd4631126b09fced,209728
71f958322201b8ec8ec5c593f36b956304da4f57,209728
4a84cfffd9f3b1a4dacfc80e16715b765c07e6ca,209728
5940cca5726d6cdc10b6584daac3af80697cfa33,209728
a3ade37ca12aea1ce0279d5bbacf8bf5d5f4ecca,209732
7653c6ab79d309bba9b93598013038d894402a50,210168
a6877394160597fc07788de92897f81f7673db62,210168
3cce055c70d73b2c8769f3e8047ce54b28b76329,210236
54188c0ba99d4a65761c5edbad56d06ffe6a1203,210232
a2b5db11364fd468ba68832d6dfc15037134cb1c,210616
51466c72a120c305a090ed25fa82a7103023c754,210696
abe9d9dec4f4c111825669b6a1112de7fe29356a,210696
a55283bb72aa64df0900be8cae8dbe5e0d008708,210696
237cd52114334014ce7162d4a46b67ef59d7c576,210708
9a178c90fbd82d33d1a005bc22119a8be6f047ac,210708
b92d3f405cc3258719eb2f1af39e782db6ac58bb,210708
6a0e980518f3e573d53233978121ddcb8d6dc70b,210788
75bb66406a1f4f1a9bd675e295cba69dd93bf82b,210788
8d974be15f55e68a9ee8d6d8141becb506cef90e,210948
73fac84155ae32f7321fb50c9f725a8fc19d67e1,210956
fb743c844d5902f3c8e0f98fab8f22fdf936003c,210956
9bf908b39a16f5284286063b2c13c59d6e1487b1,211392
e1f0d241ec8c357fa69dd85a6ce805076c6caf3a,211392
7d9ad1f776a0b08f4993341d29175180f503403e,211400
00b5208ff79f18dffc62add806c34c4bf1cedcdc,211412
1bad5818648c5acf442e8caad204c92ccba6da5c,211412
e09584fda760b8290affc79f1fa8bf41d29bd7a3,211412
da6a32f0ab11e9415e561926364979dbea4342f7,211400
5b278057d6e3f6d19dcb726957b220b680ade88c,211340
73bdc801dd6d7f31f5fa1197db2d1e62b1ea596d,210968
cc798147a531d91ca80c9d15f5ce2a650e5d942b,210976
bc4a682e6697194f56d6e4e8a2aeb56b07f2cccf,210976
8f8b98e3edc4fab6c89f39077a827714c7f7c4cf,210976
d06724e851934172364cea5ffc3cc36deeb801e1,210976
c7394fa4587f32be95d1fd322ee96a7f4a53ab71,210976
a6d53fec05b433de75d230c3abc23f49111aa437,210808
e629d3e1486b2f7e33c40562b634b171f61fdca7,210820
5319e1f06caf507f93bcce5fb71f37428af5008c,210812
9978143d8bdc5d4962a120dc22c4f59e33bce10f,210752
34d31bcaf0d462a7f35d515ab61d0bcfa3f0c252,211340
a055b326b30155a361442714cb593fca5c6fcbe2,210980
29212de05b3439e26f0c7d6908b0558f5dae308c,210988
61ff16db6db46a11bcc1f00f2703c28400dbb108,210988
f8658d0a4b2049c28f8adb7f5eff32ddaecb2eba,210988
b6e7715e72c8e9de445b5f90d99d5cdabc8cd254,210988
383b15ee56b760d03d14868ba355a46cfee2eef2,210988
0a100d3d265cdddddfb3fd05bc2427d76d6a31fc,210988
a40d68cbc3049cbc9dbef0f7d8be52565c27b08a,210988
05946cfbcefe2d9dca8f5cb357fb8ebfad855ac1,210988
167ad3dba560df0144f2f6adb3553763bc1d43ab,211404
b6cc8afd922a5d132673c2d49f2aedd0d59a4996,211412
345b5fe76e326e43185a67e11bfc2c5d31c41d5b,211400
cd97ce55de2428b1970b724c2cb1028b19f1debe,211340
9d7f6821ee2c9c95d2e85ae9fa925aa910f58aff,210820
1bcea603cc64f548f5abb5c5da16e964303e836b,210820
95feb1b5be917617a4d60fcbdd3dd5b9576a6c1e,210980
dee70a1c47752ce05ad0e885d29b72911768662a,210812
51c1a94be800dd1919d4a51c356f1538a1cfc363,210752
657fa3d2bd2e35b8e1a0eda945260a82c32ee976,210752
962e44bbbdddb96e69e497377bcc36bcae3204cb,210816
8fbca1da61b313a5b32f98c2639d006d1de06cdc,210812
6102eef34793919f3e39f16f24004ea3ce4e0c3a,210752
603ebde239956818448ed343fd973e34127a5b68,211400
47b3b6d2502380c1cc579de4e4a99b8288acc7f3,210980
78977342bfdb5e2f04cbec3ef2d4699c3ec2e8f5,210988
f4e1512d6398eaa0d5833421e2a3a53d394eefce,210988
ea5f5cfc8dcf3b6877017609a0576f1fb17888da,210988
9875ca0ae1ab3aef848fec204bfd87c022d653f7,210988
f076e012cb10b299472280c78258842b9d191e55,210988
fe1245504f4fb557d351e4106905ed8e7185ce9d,210988
2c7ae8982e0b8f3ef3f0c29d7dbf1a05f2a57dac,210988
5f738b139c1c6d994bc86c41442cd3383e2a4bad,210988
5345969c8730d18fed2a8a88c7cf5538e1ff0758,211404
22f782edb2422aef6e7af3e74cdfdbebd750ddd2,211412
8a528370f289298d622b030efed73006c368fdf0,211412
b3717befb638467c2c03b25d8c58573139aa5382,211412
fce8d730f046025a9410772431f012af97b31395,211412
1710f5e4733bacd5bca652f5898336cbfd1cc4c3,211412
d16e38539eb3c5ad077b89623c1c94ec8a1dc77b,211424
9a6cc19d6ead42e234b64ce7a50c346f08334c4b,211424
78bb2d62cdc689820b5634d517c9bafdf288fa00,211432
0663e76d23ca8fd29f1b984afc91b4fcf33f849a,211400
34b9fa75eae4029282668e965e164b6eaee233a6,210820
6cd2c47574b09f997a4e2023bd6b7cf9d78aebc5,211424
7d578398386fe17cd04f696419a6844c11fd99b9,211400
bc09f31b0fdb19dc0612e7cc5cd76f22c7998861,211400
739d29d75fd81fd056d3912d1ef26c19e876c3f6,211424
031aa95df1fd6b8eaca5108ff2ac561ef50d4f5d,211424
5a5cccf431ea702beb12a05e682380bd8460bdab,211424
5238a2ebeb54b98f42c7977e6b1ca05320dadd0d,211412
d27181789d417d2afd4d64d3595534912e259a37,211352
cef858645dd84c79440f2e5f1ed8102c7473a9d5,211372
191b715dcfe0306243e479b18fe3227e2b7e8b47,211368
6bffa78a687e51e673458ba78bb5c09bdab5906f,211372
3b9ae1aab5de287b9ac68c536d0465c36b0ae507,211372
ae2757fed7eac8b1a993bb73ad688a649dd002cf,211372
00b547b638696329a8c4bd0637f69a0a5038b74b,211372
490506e6fc1365311c3c343ce708d94fe98d7d11,211372
2fb2f0b77922888e253769c358a7a1ffbe93796f,211372
bce27573f4ba3ba8cba793a9a0cc9b9053d24507,211452
a5c6648ed628dd85d3f78b24937da81059696467,211372
acf5bbb3c24f4d37667bad3ff9fcee8024de7670,211452
dfbcfa83c1383fb12b0dad501a8078f0ad5f3ad9,211452
9007ef2e13c8c1c6b3aad47995fbeb07fe0e5148,211452
225ff14bfdb86564357de16bcb1a17f49987b93e,211452
91b566feb04cc6e50e548e4b5f865a2f3873aec0,211304
3198a8590db57308b25176a6d8e84c498cd80038,211452
df2fbcab54d96546aedcdeada6bb8b8d2336fe17,211416
96325421cedf521651b4005100012a88f3bf10d5,211568
7c5fcf2e54ae4bd65b28f326c4e1c9d0a4ec1b8e,211456
6c5c1f033504dfbddb91454d4b11bcf0ac7b1bde,211456
4a4714aa1fb4b4a93803cf00c4af5543e299218a,211444
282237501ce7c077834452bc996bda564f7fe9a4,211408
8dea17f6888086a1e8a5634331734b6c35f6991a,211464
e34e30339fa85af9356ecb26c4edf1c570812c75,211584
c27f94679a68bdf83c31a004cb971b5625cc5e1a,211656
a7379f72221f47af0a714a53c167e853d0765bc0,211664
699962a7648e77af18ea1b8e3fc345ec40dcb96f,211664
e66321355a98cd8ed45836efcb7b646d77aa0cac,211664
c84031bbcdf47e80499af82b4f765068e5cdec24,211664
eb3e2e64296c119e4d58f2af2145115a694b3e11,211664
95427396da4fa58704f932ef590bb74658c69713,
bd80b6c659d4f5134d762ad49da5e1b51a553031,211676
c8cc9b414a11a20ad4b5f4e05b6295e92ea841db,211664
addd23f6cf671ec9f3aab1924def5db95751195d,211720
600e42abddab772b85b5260149dcb7ab7d48ee76,211584
583e65c1a30cfddf2ba6597d569f71e58c0e2575,211048
b2c15be6171e1f6a0c49fc11a6d7f4461630141e,211080
a247832bb0506f5f446d480b3b85ed4ce37a08ab,211664
50c7202809341829e9c7ef00848d4c7946db6c09,211720
2322d4540e57e5bbe67067591a8cec11f4e6465e,211584
2dbed3c8e232869c3b58a268ddd585050bf920fa,211048
7ee09082a349059dbf11d5a84c61182a05dfd463,211080
9851fda6ea3033247839b4787ad11a792eaf92d6,211080
b285ce580af21de013046da1dfaa1d03ed680c9f,211080
884b2a9f62bc15964112d45a8b37255d9390d12b,211072
32db6b6a1e5cba19c8aaf9cbb9bd1a2bb3793368,211072
220cb9258cd70b5884c8d1865579364be3962bcd,211080
6872a953baf23a79b6e748bf8e39f2194ac6de95,211080
a556fdb1a212bdb4a2ac52fa049d6df10fd61d2a,211080
e3ac100fc8f0e4326a4cdb620687526983441a39,211080
a157d7f37d214e42e41d8865baed338914d4d202,211080
8ee428b82a388819f249d83af1fff5e9946ce182,211080
f825897b0a233bc91d869f22bb00f260f0d0930b,211080
6fdcdbdbba471f6d24ad992f1766078a3de282f6,211080
4594bad10f0025e21cdd1c21cf661d2238105ba2,211080
c24798f4b21baafa726c4000121c9f122bf14959,211080
c35e78d39be8663ebdd26674c332fb5826cea0a5,211080
38d4dce19899ee2b0a38e87239359e7622656b00,211080
77c2da2e3db1d0f9c63fa5e5652a6a23d4f9b619,211080
3d60bc03eb043bbebe76c91c2df6150c75d92fe7,211080
34da9e951ebc01cd4233a2d0280ceb8d3bfeaa22,211080
4b9c82f68986ee9676f7bc13f75528fe191aad95,211080
52a2c62f5204f64b9975a260c1517bfab46024e3,211080
2c7a38e7a83842c479b34432b83b9694feacb870,211080
290bb628da3baad06878c7a896c6a23e20c4f486,211080
ddce8350a4f36d5905d90903412c183bd06668d0,211080
1d1065461cafe68d68db5dda4e3615c0a031a126,211080
b851bc1b0e77f0fbabe3e40fc87b8babf6885d5a,211080
6b35c983b76c2e9bee7156e6e0d07b36ea5490d4,211080
e23c5709da2146efe2c1b33de5acfecccd9741dc,211080
dd0dfbc4741935d622873fb77a61af2856ecbe37,211080
db4567a768f663e45852a402329365428491cbea,211080
07dbbd7e2d871a074187ad316d3a97e8b60f78ab,211080
9b18eb43db41ab6cfc1e01bb2dae710e08e0c70e,211080
5cd1e7ed9b6264692c692c005c379aceed6728fb,211080
ee30608de5c130912a9ae3fae0004405c9039a9f,211080
85072c623cefd562f37ea48910b73b4bcd4b7b4a,211080
070953d398e997dcf51cf821a1156a4376e2d59f,211080
76723c09a6697febf432727586ce3c2d2043a700,211080
8b7b749ed9fb083173526767f66c40e4e027cb24,211080
0fb8389a20f1c86993c4871a4295df4d3f65088a,211080
4d2be451c9de32bc510b27445f4e892330ed6301,211080
bbfa7f5780d0bc77eea319811bdd6e363172b4a3,211080
214ad512e59e7bd79f854c6c99459920e8d40bd4,211080
6f88e2de1b6196d6fa2a68e6e2d29b2f6285b651,211080
c1e0ad6b3786ccaae6eefda2329c25730f24a3e9,211072
cd1d533be2e6dd0be2e1df8c881352d6dc10b7d3,210088
88c8c6b88c421d16d5d0e54507de4a33f9d1a299,210088
602cd9b5da1ac6f990a4f0c775da225019c12c73,210088
1e2c5a3583ad68a90c2ca2778bb1ed847069ebfa,210088
d50d711ac20eda020c7ca205f2448390448c2ded,210088
65d519679ed2327abaf2d1669e521c3857819d30,210792
0d7d7847723068dd0d4a6146b7837ffa3824fb2d,210792
e1e46e91f025c9016fa8cce05cfe30d99ce77f99,211072
930be0916101ce2dd675854751655f787d22ac4a,211072
dfe09c838512bee4954394de6153b34d9e7f0956,211072
abe421e7fe327d628d49de336835a6222484b6fb,211072
add58f8979d0000b9c698cb245efc72879c722fe,211072
ce4253aec5cc986ec6b6dac4df10dcdd8b1c49a6,210760
9ea3a72bb2749d976fc6d0c0ca0d8e84226fdae8,210760
02c12cbab28c5677c089a13d1873642f9a78e24a,210760
3a198b893295cdf62552bd63e92548d1fb8154a6,210760
de6f11c05128d0e8f0f96cefc931380da5060f6b,210760
e8e6bbf424ee89abb14988fed277e4ac289295c0,210760
ee203b316718eb84dc8e0021ff9a0dc59f6dfbd9,210760
6fdc7e1bf0220698ff7857cfee78ab370a561f4f,210760
ed3272de761c0e717d2fa81d8510694ab5d0ffb5,210764
2099b06da7316fce87c3c927c534bf14710247a9,210764
ddb5cfc0c50f36ca653ebe425bd5f349a3ad89a7,210764
d76f61aeda0ac702774a29cf62eb71e3450a917c,210016
343793b9a75f9460fd718b5aeb3a9f0e8e694ec9,210016
15251ed19b935d1c14af0633663d0e35f20152ac,210016
20c4a07fb0b5f532f3a4acf0625dfffa7283fc2f,210016
625e80b2e16f5add262afbb4fa65379036c00ce5,210016
52228aa1d1afb6b2aeec8f4a5fc530bc60a421a0,209988
cd8f693c08e078e07ebf697d5974c311c5f79ce3,209988
4cb876b1832ea7fd82418af9895523f3d039b152,209988
5bb4e0e4b6d11f950be9ea41517f90ea67e5a437,209988
29e62e527891aef517dfab7d451f40220436a557,209988
48a2f8284988e956f14433588051c6f9d69441b1,209988
b184aaf2cdaf1779e61b0fa4778ad111f990b56e,209988
0225201966b907cdabb82b89fa4826c26e3d44f9,209988
f8364594e7f84e40a08aa28a8ae112b64bf88f07,209988
1e6ebc4855c10d0ed0e643214981357bd480edb6,209988
ae2b47de7ea925b6950ba1532e50fa56b04f1717,209988
8342aaef9d61e27dac74005ac65530f6d1b0e667,209988
d915ae157a9a5578bddafdf2311ba8e8a94cfb03,209988
4b87da3c97457f726982835bf6681a80d2438ebc,209988
296a35a3ecaf27ca00132fa9978cf737317f288f,209988
e0a4753319ec3cdec443ef7f5d01d6e271ee8516,209988
ff0f1b9b80f21ec08a392da0294a144ac70668dc,209988
566813fc762959c5cd5d292fc2b4c5d1c62a8c48,209988
2aac4f67608f929372a4335aaa3aae5e3f6f7796,209988
6abc3502470edd06755be3b407bc95bfeb982971,209988
c5985df791f9ef7975799b81d36bc96eff904479,209988
0a9819d60d6d3c0250e8a53d45935177a921c981,209988
49f716f3db2cbbf044a87343be0f6631bef85b0a,209988
5eb67020ea08eeb5c91c8cf84b92aa99e7a28588,209988
ddf9e59ae005a27997b2c5049c54775bc60c374d,209988
3db3b91eb8b62badc79a13055b4dfa7093db2e2f,209988
091af203796720e07f6cb4ad7f2929f19a8b4324,209988
13be96c05fc6f61039ec92662f5c8863cda037c4,209988
448455274efc5ec35d9e394cec3bf77b548dde14,209988
16616d36372549e79fc7fec51853cd6bbf7e79ec,209984
d81b5dc48a107cee29d88d7bf26252fc90204427,209984
87ebf19e63cc66c08d30d1ff90c7a6339acf8583,209984
9933ede8f9a58e4243cc8d05452c0a6a7a517de9,209984
ea54ebc799f190f8f5aaf141f119d8194debba84,210264
414a8993ea585bfd43da3e38c989353e7ab42b7e,210264
5a7a571a0be7d111765044ba950ecc4641c82bea,210220
2a15f72042155858333041b4a0f7ee069c86eb86,209988
118accfe96eadfeda6f326c4868e7e6b3cd33e89,209988
d78e6f676c63678be19dbcdb4992aea83491bc11,209988
6fc1ae78190469e21edd80dd197b4baffadfbaee,209988
deff9e997ec3e9949e49abf2da2b5909f30ebde2,209992
93c4ee29efbad13a393713c7908c57e311867108,209992
c14499cd17c897fbead4534f59f74ccab30913fa,209992
6c17436b54ce880a9f752c3b7dc346466e849cbc,209992
93620259ef6fd8a09e055aff5ba78e7861a6f749,209992
0856963c8c17827d0708bb26447ea7220297a7e3,209992
1c4fe54657f99e6ecaf2a2b40a447614a0459145,209992
aa0e305cd9dc0b26fa30526510f93e19f2f1c20e,209992
45d91faadd4f37b67ceee8bd6be46972ebd6557a,209992
1e1388f421817109d8aa9db2f30169df1cae28a9,209992
8345250f049ba7e205190fb1adaf657a5000849a,209992
613202a4189660c6f30f92c24a576179e09f7faf,209992
16e7a4816eec35348f62e8a7b55eaac97c52adf8,209992
bf9870f697ff21b6fb48b9e909a7a316ebb6b442,209992
6a13bdb1573b8f032b42c273a6d9712d060d5601,210020
6a99ad2f49e484e8adee80995fef987e597d0c3a,209980
40724db14c33e9924a22c0da22bec5b0d2affbb2,209900
50c17464fc86e5ae375800faff82ddcd5f381164,209900
8375029d2f21ff81492829c8bf35329a7be088e6,209900
96cdd12bd0b57c70c681942b1e546ee36d9ade17,209900
fdb0e685a6dafb9f6dc558454a363724d3aec45a,209900
c85bfeb14f31539bd618eaa943e9e6c146d1c150,210232
6ee309448c1149bf4871a831591473480f004ee1,210228
6f0c8f2b56ad96e5e3eb9f59707cbc27b457948f,210220
81738815d1461cb08ccaacd2c9dafbf7f89443fc,210200
ee1f9aa11d8d7deb9fd8488879177344fd57311b,210140
c8e262a60131e90cda4f2343c00d0674e377127e,210136
e0b0fdc759741496fd50fdb4ce576b5757d7c004,210136
bdf60f7b9396c42d69a0b0c1840f40919859f94d,210156
4dcb3637b20fb18177df38c261765749cac3ddd2,210156
de7429e7f150ec97376bdf29e8098f9171e4ae8d,210232
37b4a94791d6e83dda983f37410a892539d6ea8b,210232
6848bcfa497576a4a5395145bbe5d496e301e3ed,210228
d25c8121412a294b13301b699802578d82bf1f93,210220
54438fd892392b29b4443fd0bb7db0d06dc40cfd,210220
148a93e783776dc7becd770ead42b613494e3175,210228
ebf140fe4e821004c5c60f4540e3b64a9a4bef7c,210320
d15aac9d627d963f2eb76e33abba27022588e893,209896
705bb637bf580f488dae5d3c3d6feee68a8a8105,209896
7c72cadf865532e05f412329b16e5631a6748ac0,209896
a0c072bf1d2b477f25661ba3598e7181a19c1107,209896
5abb5e71fdfaf402c20739f0bb5c687e06d48913,210212
b493854f814a10f0a994a040164647773afde61d,210212
6cf7893b9e9744519338f15fa0059062b3f8f69e,210200
cb362a3bf360e8c37bbfe8f6b07a4c887c43e625,210140
b97f430150ece12a940150d53cc9d034b27fb15a,210136
9065ccb834f3502b7c6cf67066189591f29adee1,210136
c0c98423108220f93ab8abc799d02361bfecdbbe,210156
0dae7b2e970f905210bf890450acee736effb13c,210156
77b0e595d5d7405d0d5e9940651e3807128abf08,210232
df33e3e27216814bbc033af32eae38507db66dd6,210232
58d6eef4ffe6ae65e525b7647f20642fdaa846b3,209900
817d136c54481e55ea7b09d47bfb4aef31404ef7,210228
3dfdc34b38635fd7acad8d9bfdf4e21ed903981a,210220
43bb7b6b7ec03d4e8e06c45ab523e75193c85676,210220
280620838776cb2fd288b115ec2bcacc294a7a50,209900
e8ff11cd7f92eadd1a73fe17dde4aef3a77e23b0,210228
89a2d846ef5cbf10c0bd0f863da214ddb9fdef20,210320
7703e03dae21c06afa3875d0eddbd3d083af27bd,209900
0dc653b7150dd960ecdfa0e08907c15fa7369467,209900
c07bf26391d23dcaf6a08a79e868f1379e4d6ad7,209896
259b1c86e58a8d7ad259f10ed0dacd2887ec4b4b,209900
426bde8cf37155b6eab7b4b1526f7117b4d2409e,209896
45fe5348744cdab8c86971a6d97a81ad65813fa6,209896
d88d795218246783157bb369b9c212fb5256d567,209896
3daa234a1fcfe39ada94f128949fbecd83fb626b,210212
8a4846fe1e9767c1f23c37bf138dc92a03616521,210212
660d72875829b257ac501f9593b542d46b67fe00,210200
1f38f4bff911648a9895245f4be80ab79a44a08c,210140
eceac58ab8c12d0ff44c7ece894e297a2f973276,210136
c164e377bedf9c47a97b883b1ef6b91404cfad09,210136
38829d1041eb74f2f7e7afad394c55e5df1539cc,210156
17fceb4ce6f2d7dc87928c7b08f14b1ba89b3db3,210156
82b3780f900771d7750bb8766d36a844dca807d0,210232
3f60ce635df403f2ce20c718a64b0241b519b277,210232
868d3a8ba9160e5357cc98b0e46283cf74830476,210228
213ca8c18542e09fb1bd4ac6608c81588aa74a96,210220
b85eb6851325d9d44822275ff4ee812acd18355f,210220
c5f00bc67f4051637839456765676341192f8e91,210228
9669435c66029d2feb9075da08d733d827b7557d,210320
d20b409de4636ae06afb275aff57e6b68c374265,210320
4871f41847f2ef8c3db872d6034a01367fb9f57b,210320
e9874f487e478f0f1da5b25c21a476372e863c81,210320
ff111bdb690543c9278a1a3c8c73ff34563f7cd6,210320
1c0cf6f919ea8f7a5a5e1d2d250254587ad66f89,210320
f66b96d41f0c8a69eef8078ea5af1ba7199cb3bc,210320
e297f3a84f2c67f60bc87d265c1094825086b902,210320
1c841c12a62a22c63657a178d604d9ea723e552c,210320
dd24926fb8c37da3b1597e3c4fa6fc4ef89f1424,210320
6c8449c97e1681635fc8fc3dfb6d0b261c876438,210320
e8044e46801894a83873f4e0a3eef6a1bd43107a,210320
343e5673362ea3bde6f682d017c2973c6a2440ab,210320
694f593c853897c8f7390cbffbe75285317ebb92,210320
aecbe204d741d19048b5044f85cf95dc6436ef58,210320
5e3b3b64495e0b60e4a5158479cfb1547989ae3f,210320
b8d11081a251e408f73c001162631cc988c78ce8,210320
167a07457e09cdc81fe3baa82bd1d1a7b08a3ace,210320
c9e9d723e233956181a81449889539ede3b751a3,210320
3094fefbeac8f3a74c1484dbb8792581abad396e,210320
167b8e1d441c65d166a44b71f4e9456b7661b33d,210320
e076751358984adc75427ab22d8851ccd7dd77bb,210320
9c91cc49fe914d8b3e6bdfd360c0590b23202c5a,210320
30b9e94a359c0abfd85fc13b3b5ffce131eb8ce5,210320
85b73404a82e7f9e24c8d3ca84ccc0309a095efe,210320
1808d73d581d85477df702787d6543ff6bf6c131,210340
43f7da7993a33eccf53d7655ebe24eda13a70d83,210340
2b2ae666ec55c13cbf347e8bcf8a3a7cfa5633bd,210340
4219a3c09d82463fb41663f0534e12d23f69d2de,210340
15e8db075f2fad1a40fd199590c06c72acde0701,210340
cf612863987417641a6b6df53512f6b0b46d3454,210340
3f95708508564947215f1bf5c9630a8d5bf87b24,210340
3e1a1070b23c5e7f933a0cb8c5814fb7e09134f9,210340
dffda6709aa0c662d1526c0b09da0860ec14d27e,210344
5a58bdb10b3f58425ebb45e9c321c40189f14163,210344
0bbc88fb73971fe0d6fcf0925676aa8c3cfc51b1,210340
271ae7776eee070ca0b03bf78321aae9767a01df,210344
851c0c5b53e801cda2c361ffa7ad8f79cdbb72ae,210340
ccafa60a1ccbd71f2f04df5f29d4ac11f9f3dd24,210340
2513f8f50d5036fb8c399d54c61ecc4f03b8accb,210340
35f783562fd67820883b0e838ea4817283e728c5,210340
a937beb2ba205e958ed01759d325faf61739f226,210340
492892e400b51c7512845011b150014e7bc0325e,210340
c85cf2ad960f668a10e59089b93a7a4d6448fa11,210340
e6ead10581a25cf4784644f6205dcb6987be820a,210340
0198f7b54aa99d2a5d51f2e2d21b8feae19f8bf8,210340
2acb66a7dc37d1c62c1f872baa64cbc50529a505,210340
99b3360271c07bc37c970a347b680ad39a3e04c1,210340
13a21d5695e3490a927769a31b15760192df0959,210340
9caac6c1e5ab024e5092302ed6328edc780a6a98,210340
55ce50d8200b6a467a7d096472ff104b55ac7169,210340
1a71f8e61c34115dc350c5e825b67e6580ea6238,210340
3f0a9514a80cf73f483d5ac63ef62a7c4aa8da02,210340
c8b3c523c03dd85fcac9bda1c98f176188a0db0d,210340
b77115b42fb375441aa65cf2bf94879c0f65558d,210344
2000de2c862eda6451fb8a6fb426039e344de1b3,210340
b40f67526d35234e51da69e872ea8400207fe06b,210340
8fa90220fb19e415eb1f8063ba32a4f2f0933011,210340
eb4620a6f3ad973a9a133ff81c16d9296ed0a80d,210340
ea811e14618e7b320a1cd5c05608719a30b1aec9,210340
dd073638890658ea7d005274203a981ffd39b0b7,210340
109cd61bd9449ca92956b32bcfbe2e54921341d5,210340
36e03d29333464a5bc63fdf8b7d609d93c598aca,210340
7d9b6018c9e6856371e439f928743fb17f1b5a57,210340
a05276db28c2e85aa77e451dd293b7bb23b8fdba,210340
87d50e0e10d591996f2756159e0d3e103a192c73,210340
0caa317705f08fe89e98fdca38e72fed386edb5a,210340
fdbc6e5c6d70d443dfe8d0f3b9aec262b06ae696,210340
72e7458d443e9adbec2bcdc7d37f861a2639a8c3,210340
0c1271fc4ae1ad545b9e39c1859b2e0897df2eb2,210340
18540a12fb57c36b2bfa870d465fa8a70ebe8ffe,210340
dfec425b6c1e39e9188d5d720d8ab827b0d69774,210340
db177a5b9092512cf1530b28bf52cbe324bd7182,210340
9db28731a3468a84de228cbb645a2cc68696fc70,210340
af9c1f4afe6755430c7edf2ffc2efc2c7d89244b,210340
6af34ee5f65b107cab2fa076b0062b425de8bbcd,210340
00a8baf91f8485b93e85df03c31141e33a338360,210340
d2bd04a175723e6a3b4098d66b59f3bd27f51a25,210340
0c9eca107f41be145cae894115470e8730962ba4,210340
5c150a1bb938b4db6b6665d90f398197d8d7f443,210340
d49fd0c56609ff252f3007af08908cb46e62e9fb,210340
d04b31c036cca7eeb59a80153823360146fddb2a,210340
1446d47f6ede15513f50be1d76972099089fdab1,210340
5173fd4208ec766aed4ae920ada2d8575288a971,210340
ee90e9656b010658d235f23bd69a57f76d0c838f,210340
3b3c77501a17dda6d362626786e61a7aea7549ad,210340
7211afe5a1bb049a08173a43604e667f98e028da,210344
19a3ef11878a39fd25e45f66e5659650120f1665,210388
d0f0c642a2310a9879a3cc564a9a57e983f0431d,210388
6fc8c0deed107ce0c05de6203d550d92c9c942ce,210388
1828cf9ad3ad59b00c37ee6379a4b8348f16aa8b,210388
128a343d577e2cfacd55220b17d9e1242315f0db,210404
ffecd57147bf9e6d0582acabedb87913650e084a,210404
6c3a638393347db363f06d069a3cec84fed4c10c,210404
75711d81400bfaa342cb070ecc9696333607c97e,210456
f8e62bc33eccd988228f0324c317b8ad7204bba7,210456
6412d47f61ce17ea5bc92a26164d6ce7b00c02a7,210456
cde1558f93d4b9958cdb966023f5bd2995976af4,210456
9a495b961bc25984a9fff86d47f5b21d86c867eb,210456
98ad6ac17834ffe99ca3ee7c50a38be6bf53be79,210388
427431eee2033b94f6641146a08f19f7013fd476,210388
48ed4f5655ef85c07063e21a888d3550184d7dae,210388
fa4736e22fe184da149aa8bcb1122842f82955d6,210388
cbdf7a70da6b0b6ef49145ce18b4c18f1c9d9850,210404
7ba42b06c9dda91966621b189135bccef10f6f77,210404
be5a7f033e1bad42d8a408296fec14d0908c544e,210404
1cc04024c36a57cf1c3453acf6e7defcbf0daad0,210456
a8a46e6f2fc0a9f0dc442891780f38c29ba028f0,210456
41cfa765ad813d2ef43d762736b6e5167262fec1,210456
32ce05422124b06d4dc26d4a6137773f013e0184,210456
d16b0fc442b85b0008c7630a65a8f3f6c67300a5,210456
f3a8cce83d59095a781c53c5850adc9f646f09c8,210344
ffb26b505b227576ba162ff00c91e7df42134b37,210388
4ed0d4d36d81b0e4af70e22b7b1d5bbaaa953686,210388
dcfeaa6d1927257f3202986d25d8a5060a7dad3c,210388
8f2b930746067ca1d4b418747bc098f660601e8a,210388
af2787f4e861d6037e2e13263497cacbe397cbc9,210404
84a5681ff35cbf1d3690507c71c50bf873bfe908,210404
20930e52e0e4087b60fdc841c976d8f6e42b6fb3,210404
ef904f55524134b3ff329ebe5b1e6ba6c636ce37,210456
666c27ea6d4b67040a404480804e3a953a67da0d,210456
6c426a384312523dfaed792f3c7e8f5bd771b943,210456
898ab01304c657a951e00bbb08333cdff185b5ed,210456
63150e5a43b5903b786648f06233118b7543a249,210456
12f64378f45884f2f3547b86995daf454c0ab9f7,210340
b01d764dfd2e531c0184cce3d9b51f838170e135,210340
cbbba741086d74a975e8148f260c2fa7f591b09b,210340
f5b9a1d43c0f386b46956543da326576bac8ab22,210340
5c378646f5fb265c3fe5fba9ea4de9a61704262c,210340
be53215a84b479ccb30f05fe416e999071769314,210344
72576cb16728e3a764cb03742fb6b5acf3874956,210388
11606ba7333183942e5ee69da6f2c37e02b896db,210388
948ffea272109f8ffcd22cf243c4d0751324901e,210388
2477504bfc153c8503d311ecbf476779d22bc462,210388
a754d7a93b96ce5adc3fdf6d4f2f93026b3fba83,210404
38d7a9bdc63fc19949a07d2ce925aa1fcd2a2269,210404
162665c53e2f2c60997f29b66727db21aaf19efc,210404
5d828f988833afe8b362c18cd2b221753fe2babf,210456
e5be62995a17463cdb57ceddc201d65a85bfe600,210456
7fc503d1f5e9b5a9c243d7b474cdab7ba0671ff6,210456
cb4e7cc69ffc9afc43e89a8ce9e5faed06575af4,210456
d061c3c0c4d98018ffb70b6d91ed02e573977571,210456
226313f5fedcc1ed9327c928c4e01a0b60e9909a,210456
6e494fbba36189bd45a2b22fb1d0d00ff1655191,210456
d0e19aa8b6a17f3ee00b6a1e0df140cce2c0fa22,210456
3f4584da5408b148c652775eb5193f25bd91f5fc,210456
2dcc6afc1b03937220fce937b2ae0a1fffbf63a7,210456
4e4ca6c8d40090b104dc0b2317a5a8b34669f56a,210456
505f3ab3600027d0db661fe5c22907c0942cc9db,210456
45e2d467461d2fc693c558b7e951fdf777c61c8d,210456
1f3032e8b08ef4b4a3c311d6c86b6416088c71ff,210456
5fba49dd06909c77912cef4f31e4c5372cbc5cd5,210456
1b5b06f0908942d7976143d862b14d5b1f22870c,210340
75b4623da1436406a192608d938cc5b0c410d663,210344
cbd6a126d641e48564e8ec6dbb34b2131ec49fbd,210388
d5a90319d9f2c3f7a7c6f44cc73c0d27032eacb2,210388
9057f17e82c809ba61b20f1569e96e1149b34115,210388
147d4ce944aead8eb00cf36dd3eba376888f479c,210388
10d07fd3299d1a7f73e25ad4d1388aa2e15388d4,210404
cf1443ff30a1cea9399991af0ec0ecfc56b0c65a,210404
df1f2646ce8cb6ea77c432ff6ec03df67600b37e,210404
df3f8dbfe1bbd4e93dcd9cb43f2318e4ce3d3e52,210456
a27b301c4742cc84e44ae5f957fb8da4f0675dff,210456
7322144607d258354b45ddfc231734d5d681a562,210456
d18915a8bef206ac2d44a36de8bebc16a0e391b8,210456
5232d11e5d547f0b935fcbb7ed663413c16aaaa4,210456
4af1fcfea9dc450363062abb5c8dd57728264115,210456
6122f18a2b67a5f384a41b1be4071f6e1f94aa75,210456
d539ac2d54eb70f2a0d4546e7d5fb484b0b515f0,210456
aca8fa035bf5e4c00bd662cbabd583b1d3b3aa5d,210456
9a73bbc803c1a742ad17e3cbd20ebc6be3a780de,210456
0f3af492a7f5b149d3a58745ed2fa3a3d0437a0f,210456
1db55b0bbbf4c60d176b175a4700871a587bedd9,210456
6c139eecd3408b41190d33a60650fcd97fdbc65b,210456
593298680c2782eaecd6fc4742052a0abc8a6bcb,210456
5a25e4bbdd1214b067106567ea913c9cde3ebfad,210456
8821de68dfe9b3403d49d53b19039375333f60cf,210420
6e4db0021157032327464af084b6c23c3596685a,210420
8346ad30e55c11991017476b3a72697f0fe643b2,210420
7cd3f2feb2274680967bc825dbaf2fc5b1ab6e98,210420
29d80c8d798a4224065fbe9c6d1c7525d44b06bf,210420
a1e93ca0e85fe1085e33ce442247f7af84b686d3,210420
9759e904ef2026b406a970a1e12b9e17bfae915e,210420
35a6cacc1ecf632eb61660798816c08630fdf924,210384
4e343aae6cf89d5ed7795a3c4a58f0b88c50dbb6,210392
5c4df7836c92e8aebc341edecba763772c9773d9,210392
8b2e3f5dbac77e694072941bb70bee0add875c18,210392
1aa149b350decc8d6f4584f86c4f48b0451a9cf4,210392
19890a9ae41b8e7a9963ddfda4dbb72da23955b9,210412
476e262f49e2b0f714d66e0ce98c73f4eb5a4b40,210412
62f31b5817b9e2b6f5827b5bb988b88b7384c6ec,210416
9eb36232543afc50a15360b3734a49cec72bf5d9,210416
c0b0cbd1417926ea3109d8fb6a6c8b935ca87a18,210384
e4936a5383ddca4a1193f0528c94dab67c1ff26c,210392
1503fcc2b5596f430b7d0ef86ba45e27fbb8fff4,210392
db9d33b8684b10d449d8121a09997c247ab63218,210392
b46250cd8ab9d8962932b5112f52cda408d68252,210392
c11c419bb134aab126ab55fc4d6cdab38e13f5e1,210412
19d921b33851c30db0118dc5dcfad9ea366f44d0,210412
5fe1d3f3eea4bc3cebc9615d362608a79a7a5bf4,210672
b88aa497f8cc6c87c401109a7f93a0d3db603376,210708
bcae6790d5e3af25937a55abf19b13d1cc9198fb,210712
6653ccdf9bbcc4fe2fe0973937a2787c6582ff9d,210652
a3ab86789996dcc2de878f9b59385689cfe2be5c,210644
113b2f3104fce09f1de23ccf71dcda2685feb858,210644
3e30d972c5c697581db40f7a26197630a26fa14c,210644
3d962533ff33d20d8cd31d05131d28d009334ecb,210644
b6c229b60dc1df5fd21085c4453386ef3dd9a949,210644
e83c494952adfa23598230684f6279b384aac583,210304
8f2e3741c2529e14fbc29cfd71da600bbfe24691,210304
01ec3b6dfd9e9115eb2b7133226e4e8951453cc9,210308
2780b8cc8e196964aa2fdbcf4ef4447d1127a331,210408
acaec855b823d7d1ed4f87e191070249e714e884,210408
6202e1342ebe8fcfdc408fb01efa679657e7aef2,210408
3e8cb1e281a7b48b6ace24a2a5ca06491edb99f8,210412
9088c612591d1eb60d3e1bed0aa078b793905ba1,210672
13da1f64d0d08908d7989f4d71b593d93b8b1e93,210660
c3d32d63a77fe336fb7b7e55b58eb1532d1ffe65,210428
aedde5a10c05409a7844918ad4b2c82dbabb5f67,210660
e1aa338e26cc43296dd51f7e2593515270239252,208432
c4e53ef0db69209386679938b6faaef431f3f745,210432
2145c9b2f8367d449a3faf350bb9c41a60d2549c,210676
f96d593d6b42592cbf08961863181340d137302a,210664
bb9b743301abb2ee0c8c26fe563fc11541c19182,210664
599e099ffaf20289433e52bd5539beea00c95fd5,210712
54a72faa8fa7f935561d0d636c88c9a978e4aa61,210716
b7d770397e3048441000808a30725e9e49b03bfe,210656
11064fe0637bfe8fca050ad2b419649aa1329e72,210648
bd43a858bfc3c0fd1c498c0302f320bf861ee55f,210648
3d4c5a33651684e14b81692da6b7e23f8891982b,210648
9deac01665634c7e9f60ed8921ddc4cb0d145804,210648
5e489ff451a5e672be235f27d6130f72b591f64d,210648
fbe975277a6fc0c5f5a0d8e8adb1ab6704a64d9a,210308
f676f6264258ad53697c6f10d741ab0c38ba515c,210308
95228092929937799e109908c431ab9b07c4f82e,210312
0e5b020d3050c49e227872f7efd9ee76b39c243c,210316
f14f5ab6bc4372d6c8744540768957a15348c236,210316
0f065bbd5e87c38b148abc1e822e21cfccc5ac47,208428
8f37b9aa007c5b7fb5b3ed7d44fcbdb9fb7acf80,208496
91234af2a2aa97ee7e1a8c92668a6548f7a0ef18,208572
2208ddade84ca86c2dface1e0bf96c4fced1586c,208508
b29fecde1a3a205e470f4c61719b1806183aacb9,208528
6fbc995f7b2fbe786c076c7f3b54e9b02275d522,208540
a9e5bf4f7db059cab7f0e8e6c7c83dfdf23fb098,208632
e837f44b6950487ead2d46ad2f6c7a3f0b7fbee5,208628
b29ebb2ec782f63cc43c6e2596f0493dcd133956,208628
a79304b7a49b8d826592904785acdff633e0ee20,208496
700f343baa9ca5bae8177db6df00d89b2e76e69e,208496
5855a74b114f0e4c8df2fc1b8dfb5afcb0605db5,208496
0c4f67d11923ec32dfa8e4c377a37b54893a876e,208496
39bc99e56771b747ad176a7b5af57a515ac22d64,208684
65131f9f29a7b97eb0806807d222612d950bc1d8,208684
8ebdaf2fdf03ed77481492b420f6f8ce12be45b1,208292
678fde1205f0a0e172cfe825cfd3fa0112302da1,208312
52ec49a490ecb5c29a385b9f45a4c74a73b3014f,208324
2bacd2d704a773ebdf5f0227f0e4a91fbe6683d0,208416
10f6ae6a10bd1c25b0d57ed4b12b36a2fc49a0b8,208412
478cdc9348821af8653031974d98d9cd5189a03a,208412
4fce2089c90773b8c072b4136a06505727bd5cb4,208276
fea3bc6a62ead8e4fa9429cd0da587ecb4f218c0,208276
744fbcc1a75c829ca6a35dd4b203eed52b73e92f,208276
c7570f614ad7f31cc566bd2facbbe8507c796ada,208276
584f6e1463e1fdc53acf2df80a45e25d3247ee50,208472
2cbb317d111fea8c751f64ce55d08ae307c94490,208472
f2689f81530719cb10f60a37c15b7d66e3e7c721,208472
d71fdfa6d031836b82f8560f0f3999b3ca5b9b27,208472
d36c1baf0b8d38a30b7299c1429be45b5869ac7b,208428
855ea36fedf6c47fcf1852f804245cac98b75548,208364
27d6331864767221c8836b44d0a20171ab3524fa,208428
204f5cb57062d672263d2930437b914f305010c6,208428
023d6f61f9f63532b1c552abf8bd69dbf3267833,208364
d05ca21f7d5cc507683f40198318da98be371201,208364
0b30a63865c7aea9bdd0f5853fc1b4b162896d37,208364
acbbae904a45c154537cd3a8650f3f490006048d,208292
5294ec82b1238967c21e75966dd89b74ca6ec575,208312
5f45ddaa676985aebc6025cc6397aa31777dbbc4,208324
05aec1237e881254f024a954ed4ed2c83a69821b,208416
66ae6c41936c56478e8a0286012bb5cef1b8c9cd,208604
47a51e417cc400812a071778e6c3ecdfd0b0900f,208468
9486a90308b001f97aa5366cd70db1b2f8d8dbf9,208472
4b245ac0bc0924713ee2f59054db750a881dc77a,208600
cb344aeb62e4803fd522d12dc82677f9eec2a86d,208600
cb997284a0337c601c8c05999f9eb5a1e3848bd9,208472
2ebada09e0a74093ed090e16c772dbd749c5312e,208472
c4cf5d2e1df574124852d27c4d25757b3d089820,208472
7431355610b717a17e44861609ad2b38d7467ecd,208472
99275893f6e71013491401e2c20bc5b12340f96f,208472
e951375ae21bc0988d96a858696c787e71bd33a1,208468
ecf1342e580261c78c693af63c260737c2ccab5d,208468
1fb73908e19022e17ed0309a5256a86520e4ec52,208468
5a7b2300adae2b97b0eda66227970ae6ef24d39b,208468
5c3a1daff193b4a24d210221c63d46b5846cac45,208472
19d64186b3c0754adb5f66b491ac1dc0cf60740c,208468
5051d9ff6b4eae8ac0e131e345d64740b5037465,208468
219c19bbdb08242495a8a1bcc1b4acccf17ed4fa,208468
7f4bb69e617e4609a56655cc4fe36e8deda0f4b6,208472
adf3ca21f091b4d57e91262ead4e846a69aae1fa,208472
a67ce01fe75ed825123a7ddcb42009908a673a43,208504
8b576b375e251cc145cf980d8278e09700f9c80b,208748
3fba1881dba860e5480924d54bc30cecfd3b0bbe,208788
9aae94c20f89642ae8388d64951c70c6b4c9c66d,208788
0d2ae25c5188d99ebbe163c39eef1309fc44c2c9,208788
bccfbaea224c8684bdc8706cf0a942f3b8779eed,208788
060b6a70d824c4ee5414f855f202d5c985c3c65d,208788
4574b968b056e29c31a301e410cd2433278160d1,208788
6d479834e383a877479f4bec844c7cbffb9347e3,208788
6adc0138a52db69a99a68d1dfc322252a4dd701e,208788
ccfc2fb119eadd1b346758db2a628c6510d7b3b4,208808
a5c7dd5ef1a7342851cd57b71e926caa54af83c5,208808
f32202c05cb25a0eb8cfc286cec7934ce185b614,208812
0e3a782aa524b751aeb37b1996f0f72d48f49cf7,208788
aae64625928edc196c5dec23efca32b17592ad0a,208788
71bd61dcd84a0b718e3086b8985334e2ba9f8fd7,208784
faaff26a5e5c3d31964d868453b0cb51f162bd01,208788
b8f99e4a710059e9b505c7c0de20316ae7d9abe8,208788
cc168cab09aa0e22d227ca11e8a245c1c514ac48,208808
902ea6c7cc91e47597a0d74647174d389a5f2096,208808
adda6a5db1fe0b324266fcf66a8cbc770ee817ee,208812
b1fd671aa0f17ca5e42cac3e21bd9cdc96f0cf43,208812
fb7327000f647f05c9dbc6aec39152b29fc42563,208812
cc0c06224919f3ec7a531cec7eea9212bc3ae7c6,208464
8e9dc37f0e171742ff421033f122eb04ac1ef804,208424
64fdcbd716866f950e831e29dabd25253b64e006,208460
a71d6bcacb221a63545edc6565c8afbd38690518,208796
990592f2538ab886de3a85636b12e1a622e19f2b,208796
dff7279e98829995a1408770ac5ca67823a603b4,208456
f97f4830345cbf560a88c5ae15ff56b1e130af60,208464
b4f25f6f8b53f08cee8fa8ca4f7ebcbb7a1b3cb3,208424
aca95a428155931f34654f2c0a5ec0e76ca1c600,208408
7d56fe81a2e95b446b0bd9666cb35dda03d34a92,208476
2615a5837c6516ad040320b828f444324c33cad4,208096
eafb27ae79f533c1c17b5d553621c8a3e3b3f2e4,208096
d1d711f3bad7061bd12abd80b3654fecdac78992,208376
13fbafbe43ed7c648377da0907741c1c0f9ae3bc,208344
816ad14f063092ca06ddbbbcdc283f6d1c62899e,208340
b975d5ddd14720c4ad93f0c394e89ba58fd4e494,208340
69409862d3ae2f7bd0ae1498c6c8c44125cd1bf3,208348
1cdfa97b5e4b081f45bbdd236560d019ba145366,208348
e1d0567f95f12c4f64102b9cb97939bc8653f804,208432
4af839f852ce353f197f2b74d0ca4a5daad6e65d,208432
7a62ecdbb23da3b2954f76690eb697209dc3680f,208500
503b524658611fc2fa2f8c55b86eab4aabbf94d2,208500
6bae050d76f8f61aa944b3cdf6cae5de05546b9f,208192
b45b2722d842c9ae4c2f7800a3b767bfd82bd4b9,208500
155f995d99fdcba0e76b9f939e1e1b259f88aad2,208500
ef3968808796e30f7944730bb92f19027fddf41c,208500
4cc7241786ac736834b8e35807325c069800b00c,208500
560988e12173033981c2ecf6607aa9e422f100c2,208728
41418a79a8fc7d845ef92d1451aaf3c342e3b8cd,208624
3a159a5d8e951db96f1a3233c448d7dd27129a81,208592
b5d1583c76d19ddf0b6682dd9001e1e5308464c6,208480
7904bb9d3ef38495f1bf299e33145b02fbae3a5b,208728
d147f1e3911ee2531ef912aa2e81c9c8ca4ece89,208664
f72f846cbd5d94b47dfa37cdf54c7f00d43348a6,208556
83f207ac031ccae28f969e2c2423ad4440f0cb69,208556
b66c5d52540a3be1da49c1c3a0e7572dfd103215,208552
29ddfe5657f410e8034aecb5b6bcea111562c16d,208556
8a817b103ec903e9f3e21c46442cbd37c3469c23,208604
5685af0c0aaa60be657b6aa9c1e8f9ecb786976e,208604
ec880d662b6d2dcf9249c87a3f950ac8c1caec67,208604
edbce2f906b8a74c26a0de3e779712cb8c936b72,208604
2237dc547c6373a6875c73ef9b9e6ebe52c889cc,208604
8f44e59d2c79d3388ff0e5e4c6da57daf00aae1b,210776
34d093bda60ea197cfe0bcd91650dc1b777649ec,208604
7738cf3782a72ab98f73cf29c05f6ffe2ed40892,208604
99fa951d11316a37ec95ba3917bbe43e5e29cf20,208604
f7af87f3e23ed57e2af4e917bf3b5a754d754c11,208604
63e90a74911ee7f2c8d0efbb381681ad1b5d98cb,208604
729a4f1a0fda63332212f95f625155311e71dd95,208604
07a9ca48e1b89f93c5fb56d0a0a03ef470a80a16,208604
f3e6c46ee7e29eb5864a0d1ad4b7ceca7c160609,208604
40814982fc29b0899d7503ca99d5ffd634bd2b93,208604
24881534290203ac1b0813d3346cd89f44416256,208604
ab6e86e1ed1713bac34a6e673dddcd4c6b77f204,205936
8e7155219a0f58f36c16285928cb99912d24529f,208604
cff193344dd8c058bec505720508e1c87592fb14,208556
ea46bb07b415f29d72d5e17bcd7ad3876b73618b,208552
07e0d1495a31b2926f3d3b320cbf511fe7a941b1,208552
135e5afc1d198d232c417b5076cfeefbd97afc67,208552
b596073f2a0271a2f3cb27f2bf05afa7491f775f,208552
2e2b2d27f4aa5440a0f15c9b864b0a8c71df5c11,208552
4d434867bd7bf50aa8521dd8cbbe064dbe63dab8,208552
f9bf93a6e665e9fb8290df0d18735014977e212a,208552
aa3ff70a6ecc30edf9e7eecd70026b8739a34fc0,208552
5b534e0ea393bd9e5df0032b737a4255981a4c7f,208552
96e5ba1c3785d8b9ed9099c2b2d91cd18a38ca6a,208552
bec24ef5ad5a01911bf479052aab56d7edb02e1f,208552
40d6823204ddde8bed0c172f56c4671732688ed3,208552
77679955ed3cfe715e50964e7de808cb6e895655,208552
3119c1bad1ccf7124a9c461aa48bd50e603f9240,208552
76893f68331c8248ecbd912bb290e10d44ffd9e2,208592
b3852887d7c56c337b4c95997c38e4d99e261214,208592
d33e81f043a6ec1731af04dae8a195cc1d08c1fb,208592
274f66a72ae0268e7e454b655740aed7006a20fa,208592
5b6b4d2aab903c72d2d975397ac08d4977aa5a4a,208592
946c76ab033850697885958a3edf0af4684fa12f,
62baff8fe20251c2c7a1ec84d5b27d4f5df626f2,
945b443510f35a96d4dd0bfce2f9aae0045088d8,
5bb3e8fb7f501d08b764736c1a0253c2b3544608,208588
e094fb193e57c98d3d26f08da90427864a75c65b,208588
0c7a890b32b727d472ba57cded129703620032f1,208588
e9df4f0edb5dda4c78d4f34aa2c47a3eb0dfa11e,208588
d075f164c9f946b7c29653d15464a1b442e33956,208588
87946a8e9ec79fa46988809833954b760b7228d8,208588
95730ddaa59701718ae79ad7dcd4010aef1ba084,208588
9e3f9a0d8fa5f3ebfce6cb89f5cbc835d096f121,208588
d670a274c6a0f00ac02cd85908b5f6c41d22ca93,208588
f563994651a15e46213d1b1eb37a89c456b271cc,208588
45e77337c71d00bed2164adf6a3a68115ccaacae,208588
64fec3849dfae32dd93a0f99218136a42d400e45,208584
09848f42c2784f03bc9763cbbc1f396da91b1dd1,208584
2515105037d24191634d7fab3c717691175f98b3,208584
ec8775510d88a0589b03cfb98a4a222ff8ea399c,208584
8513da686b6aae7b755df7eda7b929329d01c62a,208584
57b53f74af628b884999148f6d93094013c39796,208584
cfbe4c4faa33e12ead8886c5d4414a327bc26c4a,208580
d8b6bd990fb280b89d724dc8fb7478b16f1aa372,208580
2f801ac2cdfaf1924ab8c2af549d3f5a2ac42104,208580
37348a08d45a966cae34e842fe82f096adea9d9e,208580
8ca01839280b65c5458bb59cddf8b41867324e34,208580
6815fed17916fb5fdaed74b622d34d16c20c7b72,208580
f62ecc165acf3d7a8b02ed778ec13b3699de3701,208580
25b19b50607f5853f98c64512223acfdeed0ef4a,208580
2ce67f2bbd34a2210f6e9ab8f947d21fce4a9f2f,208580
fd63d2791479f25ad4f7c7faba974912f403309e,208580
be91615aafff466b478a3d2a44cbbf58651d6051,208588
29b25e7f6e1007e1ca231d6e4c4a106426748c4f,208588
8b02150c4b983d6f92312d52904b4ddcbcfbb02d,208588
73e6a3653380e21d54ef3bf44410c827b24bf8f9,208588
a310c8d6b0c2e30574d55a8e3af1726101b571ef,208588
6a07abf8d10c1867d8a03077b016fa549421cd33,208588
58de57d63427c1084ca8e21f513fb2c56bba36fa,208708
751a0f1fee8dd4c3993ecd1e56fcb93492320e6e,208708
6aaaebac99a537712378b3ba6daffc1c00ff061d,208708
b1692d8263785a9a268b02ccf332089283f89745,208592
f6b843673ed437a867e319205975d2fd8639699f,208592
c043f45394cbec6a4f35d8e4b711f0a24abbf879,208592
5a8a39e79ddb21dbdf84abd1fece87d1d03508d8,208592
4b6dbb4bc4e10fca0dea0b56aaaa53e629dc8908,208592
3f634b63be891864cff94c24ebc273e6c5bade5a,208588
523adde086589c8f05fdbfd579eec077b3471ea8,208588
da615f7f242c98eeeeee1fb8725f94fdf92fa267,208596
5e61785af51b3c67149cbd286d5fdb78e6e99fe8,208596
4d67eeabf5fb8e707fdec254942c652996991f36,208716
c5b463dead43777b8f6818c97ec2441119d06f6d,208712
a66cbf70483b3e60f3a4402d36d63c95f9e1508b,208712
f35cf4af5d5f251ca6d7eb9a28912a4158cebff5,208712
7361ef729af6f5db3349d47197712d846141ee59,208712
ea884c0df60dd773d3bd75c1c7ae8c6d64abab66,208712
28f454991809292fdda1849a00ae195acd573c3c,208712
05b6765d4a5a334ce495d2eccbfdd5a56cb4549b,208712
41965e7d40b306d228c3078dc69cb5d5cf849593,208712
129fbf617fdc488c875905141d0deaf0bcaa86f8,208712
63f16a4ef259b048e6a9fcae0482264f143340ce,208712
7314162c03c09c6a7855c5e27c6e2c811f79f208,208708
aa5a57dda26fd1e67de90d39c1549ba6d0854873,208708
0e2ebde0eb12597f24b3ea0ab8c1c54a682eb38d,208708
c398a655bbd95e156fe29d286b33fcbe7ff25c86,208708
ed963db3d7b7c4838303fdc897cafa9367eb380c,208708
f002dcca27b267ef6b48df9e4b470e802af494e3,208708
faafa415dcee4e865b17eb7f2832052190e3026f,208708
8e9848f4f1cc91475debdee6ad60ad9c0d7613b3,208708
fd165dd36cab5e8efd13bf8ea1456a6210be3c11,208708
8a2ac9941eb931200cecc767d67a186e946522b3,208708
7360359c9af4a9b13ffab9f28efe57f7c2a514ad,208708
92a6bb03c5aaa85fe9558085f5a15db2b8345a04,208708
44eea1097b7fe15fe6bca83e07d2986bf77fe775,208708
1800141cae0336dc1a387d555d1e9138b01b5821,208708
489769a7b07779f7fb5448eed0a88a25017072fb,208708
3f9b0a3c0f849589d03261e1fcc95a24869ac69e,208708
17495a70b3fd9b7e0ebe11d3ffd14a7e921f4d51,208708
46b8766ee00ded01ddb332597e22155dfc090dba,208708
02b220634adb885b3f5885218e812eb0e1d8fbfc,208708
b4cd97eebdc2617c767f6ac243db6a933598afe5,209476
9b10fc144398f19e71b9f731aac9cfc9fc728de8,208720
e5541f792478dbe7a7e791ce1f8fd38a638c5013,208700
54ce5597192c4924b9de78a0052a5a18eb5e069f,208700
3fe9ffcd30511145fb9d3646d698c2d4222e22e8,209476
0b854ba64d0ddb6b36864d31d9ca2a7fc1269b5e,206764
0c4f788ba3abae31d8ffa92eab3377c7b2cf6cf4,206764
b3c9f81b8310ab81a03da695b22e89114711d106,206764
5eb00ae75eef2b286d03590ac822a737c15805c3,206764
9aef65ba51593cc039418fbff51682988d3cc306,206764
23b2630e5a9565eed6ef794d295e6d841b929d47,206764
f3e480ebf8456b48a42980c62692508225be97ba,206764
e86896f9ab6f54f3518ba66828d584ce39af4c16,206764
b15a938cbe374cc1dbae90f3cd60634a736b80cf,206764
474626e863d0bdee2ef37a367cb7f76d5606e4ba,206764
18a83a9411ed4225c42b91ee24b0547e0df497f8,206764
19f53e1069e9d963ae300f4e9ae410f32455c623,206764
fd9f19c93c0ceb0c76076fa7c7dfb74faba81c97,206764
427e079b0baf21b96d82910e2da3c776bf983200,206764
e3f342e9560272d3b74486e800140f668482c354,206764
731b2edf5f5a2dda897165197509a9ea750766c6,206764
56e57d57c19d649567706c316ad5b8417f6d23e2,206764
e7f82ec85f0a3274618007ec876fd0a9da1cbd66,206764
16baebd95e348eba6a26f384752106d33818e188,206764
927a58550a6b25e790dcfd8ea6a3b31d52562ca8,206764
4a5f77d760f07c15cd9f85f3d3f93bedc0d0f9b7,206668
8c2bf4d2f04f12801425e73aa1fb6587342fe793,206684
86e774a4f532bcfe8d4292ae3360241b53c918ed,206684
19359bec56d79c42262807543aca4e462524acd7,206684
cda7489b4bb0796e57070e84fcd80b7718779d16,206684
762d58f2895ab2a5d7899185a85ddafbd5f5a207,206684
8a5311867d49f73f600ed72cff453c2e9af1a3cc,206684
279b6ceabf2a3b350140dec7869470385740403d,206684
c439323147950f9c8e2863f61dec388f29bebcc5,206684
403487f9037aa883a1d2fce30907aa0a2dc55564,206684
e1282dbf629a76030c7516727d6250163fb03204,206660
4ad00db88343b7094c9c5380739032b74f397016,206660
6047bb6833030229fa2a9ac930ea60387960078d,206660
7202f499b6679b5e5d66ab57a9b3e24f17369536,206660
0789277dd3ed57c4c0dcb8b330826b1a34eb46c3,206764
592640d04e7de9b0cda68cf09f232971df8ea6e4,206764
8854ab0b4cf26b2fc84a0b09e5ed3c3b380eac50,206668
65583926708b17527a486e058dffe7783b86483e,206684
8636d8539c15be5c893375ed749742c3f8f8ad5f,206684
251f21c562e0546bd232dd816c00c382e84d3984,206684
59a9f9ad1de61e5a4785eb2dd9c4bf16e5b24e12,206684
ed4e17cb440d9be25bc5d095dda151650118cadc,206684
0c7b820d8ba08fd50855e1ff907c29645c3fb501,206684
0d6e9004854a4a42b66271481af9d83218803dfa,206684
dc01620fba653eb21925c3ea6a9f5adab60b12a4,206684
8e41c9098d7a3e95a14ad1d0cd4a1f40e1080474,206684
5bc634586328c26adbee211b50f07fa56c45ce9b,206660
8be5949647099a458ab3d0ccbd02f163e2a31515,206660
3c4412379b010697095a55d2f17620b99bb46b40,206660
2f6d5a036a84b63249799cd74ee89c10b4c0b4c3,206660
ecba913d67e083356ed5093ae09426e46c9bc837,207036
4f410d7120c1c7a428c900c6c1cc51c61dd57923,206656
0d500b60b4fa2354994a81f8e45b52d1360dc917,206656
f5bb612b6cc6a61e1348244a1710cff0ae013fe4,206680
42e20e8e0c4595bc1a78f015c2bd2d437b6953d2,206704
c2c0a3f439aff461fcde0215eb026acf93e0ae18,206800
22d629b2fdaa4c1186197519ba83eea86bc7d7ae,207008
1364f8fdf52553e59b06d99272d0a41ebfafd86a,207008
1ccc277632ecc29ee44df9a1aaf66ec84f3401f7,199568
5a44aab10915852b8a23e9cf8a2aea66f3e2b897,199568
705e1fcf05e57c702024ef309928466c05d5e876,199568
42f3fdc0b2fd5696701c0a432f13cf1347e0709c,199568
5ca1d2b2257e9494fc869d8b02db005f490087b0,199572
78930470307d45e09f55080d28c666e78d49da25,199572
9da87af5db8a0cc78f8f8541dda220a5805342e4,199572
88ec549503eed4f9bc2385ab7b594cd14b376a17,199572
354b6c06834977078ed5b108f7a839d4119efe1a,198532
bfdb6e5c3bddd07cec47c5d180afc12f747d7296,198204
60e9c4abff084366383685126deca323ce170b61,197460
e5b144f307eb1a7f1bc5cc1b354c3e8b49f49db9,197460
54e7ae2e2c36376eef80b93aa3d2a7e95b9cba26,197460
19dfe5477a290edc98091f136cc440067cb6e4d8,197460
015d49009a0182604662fb3cb440058d3efd7e65,197460
7c5f36150a55c258c2ee12a5cba88689c933fc83,197460
8e732ff7f32cf88eeb8edd626273658f3c953922,197460
2ddfd3a8b75937a959eb2786683e88b7d95adb98,197524
d0a9a92264cdac707c4924fb3cb9bf7c5880a70e,197524
03dc29fe4e13c57a60abb8e05090722415232917,197524
556901eb926e8364c06c1f47a00d7edb2870202d,197524
e13b170d022a35a887732d4c1351d45c2518e61c,197524
abb23af95ed9614348c630b366d637458adc8243,197512
442aae49ec77f72f975ce085fb001101e56ac36a,197524
ee98ca61f43d213a94b8d8de7191de5e50342d2c,197524
87fe36a4fe3d5951677fbc23c3415a2d097a5251,197524
79b8988e55f7e214cbcd06681065436c6fbc23da,197524
c2910aa29e6807b8633fd09e857beb77c0733602,197524
f34b25d3615f05a517a6ff64e9687d4eebbc1456,197500
253fa62944854259e8d70dab3fcd4301a230e2f5,197500
eb72aa90838ea29bc346a61d9f37ad4a97685e8a,197532
ff08f8da601362ca8d0540c4a6ba9f60fbc030cf,197676
ac964bbcf46d9320c47f748c5492c26542e453d7,197460
2a10c4fc845c7858d509d8134824aaa9e816b3a8,197436
d2c5d623344589fbe2bc0d45ce42559672e16c14,197460
ae425205b1580ee16f01a7aaba4997cba366986a,197616
30e40ad754db459abec4e57426a70d79857e17b7,197436
ebbd53c2d1a44a056cb3b97f5726b508ff3e96e6,197440
cb1d1501571f8ec12c6374f80f08b56f6440ff4c,197472
c536e4e9fa6e3b65273c6d6ef5d3dfdb1126ef42,197616
1b37ec0c29b09d8e408f06ce44480eb698f0d99b,197432
c2b140230c88dda2b25cc422b7a64a8bde4260ff,197432
324901a3cf04810499280d0be606652f5a5f3f3c,197432
7f1af10b54500f8bfc98f43f60c3110dfe69ee5a,197432
a26a105bafcc6d2dbfed83f95602d8096d6ef24a,197432
686b18da666bcbe97f086a2d412248810e427b65,197428
1374913ba9096ad2fb4d9acab2e32d677c165d1b,197428
c7e0d9a0e514f99441d039829e9794ad648e60f1,197428
65703c3494d0881999e2830602ee1092e62398b8,197428
7a0eadb246714016bf1c13d98d0eb9d3e7c47df0,204880
505abdf808f00b0308d06f68d9616792bd4717fb,204880
b2d1ce1d54c816388120c551b80e9ed892753b87,204884
234316898097e8e3645baadaa27c76b4e3bed3c1,204884
9a559bfd8b2757ee34f261e2d2b98a8bba947571,204880
497a5a558e4ba686145ae4feb1eb94a9b8b5e7c9,204884
4dab186f3048c52fa01654e9f5603a343d67bd88,204884
3d49f400c68fe1f3bc91c31253ae95ab2e024d54,204880
3a4e4b616ba77804add99af94e97623344611c32,204880
804cbbed1afcd2469d3d8ff565bbdf59e062e5fe,204880
8f65e2b317cf97e8064966e5acb8d2f48a728be2,204880
6fa2dbee900d4385086debdfe37d751a19ed83b3,204880
555d67a2bdd57a972a2d615c58167a7d66a2593a,204880
8307fa817d40a29e0343ade3733625a773051b1c,204884
b65a1c9c08476d7a4c31034160470880b2785201,204884
78e79aec667a2cf0b6efc6ec1e64e3c5eeb623f2,204884
7a5307f5d8208ae8636758eaf1d9bc3c0fdbdd06,204884
b361de41accb274d55260ee428cd696a734bda62,204884
de969a784419c8c5e824fdec933f9507bdf7f69a,204884
77a45d1c8c6034b885cf4848b22a87ca62b01ac2,204884
f3be0533d5f323ccd4c2b2e373d65f0cb8596306,204884
d74e2f61bd290d74135b4557a87be19bf7a750bd,204884
8acbad7873036faffb9372cdae249a4c345406d8,204884
4a0d2ae10b3d0646efb4fbd97b3808fec8f2c5ad,204884
c575513786cc1a7df1f2de9e4574b7a8d28c247d,204884
e83f3dc34393765d592605390f4ebada1b8a9e64,204884
85a7f893b59190aaf266b842a1f760f850794803,204884
058f357d36787ea3a6865a01bdbe96df54ab5a11,204884
6a8927d298436bd0a6559c891a033e6ee6f77cb7,204884
5590e7c8ecd02ee12f86f9a354308dc5f38db3f0,204884
f34c69d1fb98be0b9c29e9eaa8869584f8127cd8,204884
2028f5363ff3519d7a92eed4bebffe76e15c76a2,204884
904cd77bbf0860c75401423a2ac5f78223307fcc,204880
c9aaa86e769b196b82fa83a7dd119061fc17b26a,204880
413329bb82594aa4056fec2f239417a37d3b8a90,204884
85f0ae32ee18dd93e3949520dd08a18726316447,204884
f773eac6fd5a66cf6e08ac1a77effdb86e419280,204884
dfeec3a7facc46f6f58bc1ea8ea659a79db9ebb0,204884
539508f31d3da363d80ee770ea4187651a79177a,204884
6bc54faa80ea9304801a4393998f6e0dc727a62c,204880
9cd476f2b359100c799d1091ba03c29e8bcb0538,204880
497d76e5a3ebd41c1d5c463cc79be3fd5e4f4cb0,204880
4416cd53079086a084ce62b29ea5ae1cd587f200,204880
c9aa9aca3cdb86436ffd6c00b39c6846de815ec9,204880
cf7b77150d86b8ff4d2ac8c0d8d590958ffe51e7,204880
c1d934c948c776cdac348b6cf9fad509f761f37a,204884
209d4632d59d3ee0b03722f9bcb81576d7c2f0b5,204920
e99263c5d8b30877bfc0a69127e91a574a874544,205068
5f9c9cfc70d527c4e480255b1007a91fb2b0087f,205052
16e461e9811359b8d72b82cb39047f43ac80a5e7,205064
f3f6ccbe35005ec7a3be3efae36be294b5d7965c,205064
b39fffbf5aa02e96114dcc4a2779816aae63fadb,205064
077f37cc7ad58a818146a0531ab789feb22437db,205064
350db6e1e3c045c8bdb883424fcfdeab060a0c33,205064
c82180ba577d5d720569dc5ade2d1d681daffa99,205064
7c420240491d030db148b51144df8654be3aed94,205068
6da712a153f6cfcf3efa1f129e0794d84d2f3d86,205068
cbdddd15e0a10c9f0ed73d964a53255ed2556c76,205068
3083876fc384ce2ef366683d1523385c0b014cf2,205068
cb195214bf6804cd5feb0ca9b399657b826220ea,205068
16985fb7e685426e325e1fc53ddbfee2408be9cd,205068
721f3d72c8faa12af9fdade83a1f0cbf60eee8db,205068
1c6d79515621cf2f7725874f99ae5cde0d5ecdbe,205068
f89fd252567672ac6f2539dd1eb58e58cf21b580,205068
c35520d6ac597f39a552473295782864c0b351e9,205068
b16289eca3892fa1c70807c747c3c125d6144e1a,205068
06da3e0673f2c1e1929938cab97eac23ccfc7f50,205068
f8863bd4ff0d3c098c72539c167b36c6ec308460,205068
9c663c5a8daed3ca7d2f79db78706df4dc65afc8,205080
dd387b6e3b9b5da4891480f1f7ba18a3d7211ee0,205080
60558d06b868a7bd2cd68eccaebbad21af11811d,205080
4407b7f6060311da7be888b41c4a8e0e4671c5c8,205080
c6f9e5377c0f4e61fdd25809bef0f0143739cb28,205080
15484774a72b437751df243971e0efd1a849317e,205080
1c80cb2df91d87cb2c465645e51f031cd1e1269c,205080
8572fe15ede8335d040e1d6cdd343feab3e7c22c,205080
5239d8dc869941fb212e67a17a89331d268bac72,205076
fe70ff9efdcc8c2ca704c86894bfc2d915d40b2f,205080
293ff98db63363791baa51bd8b8cb86865ceeda8,205080
fef3370bcc0bbb7942b8e8979a32aa3f15553474,205080
1e52973c7d42c4052ae5384df59f9e3a585f1fa6,205080
558d8138b0dba677b2c703b6621738307154a1d7,205072
12a3994f5e43219e8e746116cb8801bcf943fa22,205072
89c366c255af12877194c286d7e7623575bab382,205072
c85bb06f1c4f82056f131a734bc856c08cad847a,205072
80e834a2e6626db090c8dfc89b8fa4d80e18bf97,205072
16eb988ada892fb613d294462d79db3d053502b2,205072
857eccb6c26bb28bc78174007c0614ed77959734,205072
8ab873b3f75d54adab259f50511375edb9749653,205072
4fbb159d26bbe3c168fcceaba1ac392d5916d2d5,205072
389b547b02eb03d04b602838b067f56e75f2ff01,205072
53b61c04f613b5dc2fcba8d7b6f67197f9b6c637,205072
1a61b03cc27af2d5898953e2525b11774957f430,205072
9720a8a5e8e46815f81f52dc9bb5880c2ba54fab,205072
bd2cebb486bdd9dbee9aa370bc99bdae78ae25cd,205080
323802e262c30db276c13485656e6dce1a8ac89e,205080
f84a083b8a0d4892f1a6f25744dc81b0a065bb95,205080
3cfa6a034fa2ccf02bdeb626b14655d5838eccb6,205080
d30b93c447c42482b392b1a5f9e2e8eb37051fb8,205080
510c3efc8ddc5b252610f63afc5998c835945282,205080
56a6277e0656958771674c589d154426fa80f4dc,205080
69b9b80806d2059eb326e5f6dde6d77a770c5bd0,205080
dbc6649eb62c4b8e3b1c7858bc5f357b632a583b,205080
352b6b7783f86a7e135b49ca4d901561f9aeb33b,205080
322c59e1707e039f7c9420f882917bce512d91f3,205080
f3125f3a2e23872493ab99439959976b29abf305,205080
0b003f4fe031f29461f7ff3b9c547d94d6ad3aed,205080
35bb384a50af557f93949bdab2698cfe527a8afc,205080
35f145793982ba89e31c361e15b29a47e57bc251,205080
821f40141b638b6490e81fdc78c07e6d3d899984,205080
0b13710604ac94e08912fc9cefe1d05aed104dbf,205076
76ffd01bfc27d0e995d306e86fa6c8d6e298038b,205080
074564f42d7b323760d3ace781ce05bf4d1e3f80,205080
22c6e4784829e103698410a34e5d6e1132469613,205080
70732131ac060fe36afccb1307c808e5a6e97632,
fb84df7c1e6cfbb7036ab4e1a2a9976a9065e5f7,
e2b9772ccbebbafb61e06efb9a1ab2efc8177986,205076
9b8c514ed052662766463483c22d072a8fe50367,205076
5af8ccb5bd129eae673eb559e479712389a6d7ff,205080
d92d07d084cd4df4bdbaf8348cb99875642a26dc,205080
fb0a244bca61811836539d3c3e7801d816aec4b5,205080
b3c6702230b9c042b34b1264531e1b82ed11d311,205080
4402e8a58a23e48318ed0f9b142a05f91913f174,205080
424dcbf50f360d316dabccf523ecb7578e1bcaf4,205080
89c66a9948fcb61ab69da5fb7a6a6443161df3fb,205080
0c8509052d012b1e9c16fbe711654019edc713ef,205080
252e0fd7997ae54bb078447faa33cd12a49dd3a6,205080
3fa8d78b43b21ef08777d71edc353499e76c60af,205080
17a5b83d537e6649c00cfead265c11af38e3c902,205080
709b9ee4f2f34b5a4c1f8eb0e006fb163174d939,205080
77695efed90db562872929bc68475a11e4a020e6,205080
fee7546e306a03772f935cb33c2ad0b33985ee11,205080
0772d8713463d04a3fae67a59539a5e7c2e7b70c,205104
58765614ca697430dafba71684279e058a7c001e,205104
2e656ff3da82216f227aad9c870d9bc9e91bd656,205104
3e7a286f571a5a4fea1cd12b554ee1609708c2f7,205108
a17c1d2c369baac351e0ce00376177a80232dbd3,205076
d991f6dbd6a6d2c585d2d117b521b80ec8a48351,205076
8ca28cd9c5698d98e74691b5fe98a2290df8f49c,205096
352bb8f42656169af82f6413a73b9b0d27bdede4,205184
10af94a3eb75ef36d469543e8f9bf1c49973833a,205184
7bd9b965d10465ff17b6093bd1aee7be91dd8cc0,205252
f186107c10fb0d6717a13b7569acf8d1e6ee523d,205180
f2786c2345742a01aa497519b1110613a849f7d1,205180
134683aa79c3ee617317f4590b959259bd7307e3,205252
938eefb8cfeaf8c7abb9498e4ab11158dae3daf8,205296
279aba9cb309b7973af15993de4ac8730e01e805,205168
d6479db943a3178b1e022e0d0bb8b71a23e9b0aa,205244
c8b819ab637b6b35f558d794dc9af1b294adea7b,205248
acdbe425af7d4204facafc72127536e321d43ea4,205296
2414b34753ec6ab91144690450040fb2e074d889,205168
acbf947662268714972e06c2445622770ca49a7f,205244
fcfdf4e0eb20e84211685d589c5fed42e3deb472,205248
f9a8d09944fcb3cd5bc9bc36b71a797f97df4e06,205220
e793892f80eeeb7206a54f2af8c3e8528812c992,205248
760e99f79991f57aaf7d9f9dc481571564ee5d1e,205248
b8c68464958b3ef87629f6c2c6da1ed594851da8,205248
93bc15c3d498c8a067f1024f176025ae8d48c661,205248
c966016c0b89d5fba8113a1630dbf2a22ae72775,205248
82d0e030a256987ba9fb1d0cafd6300b4ec39331,205248
64ccfbf370fa737245bbb6835cc85bee11483822,205248
6ce0346ae2785532ed4b7cc11428b0244d8eb7f1,205248
8dfa552778522f6b6c9cead9c622b7c139d49690,205248
0903c67499db52f6d3660cb492b512d91bf4d5a6,205248
42e8a8a6e5520e4b5c41b29511cf1dbe638c0c8a,205248
cc2885bb20512a756a0b6ec4a24a508a0ce87946,205248
7663acd4f2169517117ee2a57e87a4a210127085,205248
4bb9bb903628e30835b45b96b912a5364ad79814,205248
179c95455c300d5c17dd00016c19790b52560422,205248
8c2eaee976cbfd9ca0ed99477113e3be16fec697,205220
e702c647a455de2fc0b9869c696862c57956dbfa,205220
dc71fead916505ff1f239b92d1b7976ee8605354,205464
57a14845b355bafdcad14f917ff43d4411c9950b,205464
694c3522691ddd6dcc830b38985ba00e600b7496,205464
d6e946389cfffe80b9192f26312e0a9d71cf0ec7,
452410c75b4c36a79800712630074f49ea8b5f4a,205264
c5722ba81ac1842245fb98216a6b6decae6c8b76,
fc8ba3f56f80ed65f9154b2122e71eddbcd019b3,205208
1153f59da89437fe5e89f4cb86d990d7bfd2ba05,205208
1eb18da5ea296685d6f7a71b30e95256919b2b0d,205208
deb5e0b09b7f3b6bc71c71cff8b818195e1dca81,205208
3f714f5b048dca785c4690d9fff6594623419ada,205208
040e39854eaf1b150fe21a8a2ab1958712d4a24f,205140
136126d70ff7dabca4adf5dab424ae6403e9b2d3,205192
33dfc1958a568b8c1c155206acdfb9691219107e,205192
31f24f48f3306b4e5d8e4b40616d3e8d186aeb89,205264
878e54524127bc2485a3a8f52d17c7a8daa29aff,205464
4a4857a7a3d649f78c6463b7e3114eec7669c5a0,205464
076ca37c8e9f23f0b076516d9647529e9bdd6735,205464
cb2f095e55600c294eb95f7ca723a200d8eb994c,205464
16fec0d92717791ecd7ec6ca3660b5e796a8c453,205464
ae3b2e965f23750e28741260f70ebc9a905ecf0f,205472
b0b91452ed695a22af07ef2d3749881c1cf0ae46,205464
86bf6238809cf3e6b70bb7ed691834ac06ca99a2,205464
16f6f0bb69ef74877fc4b9def3664a9c82848ad6,205472
a7298ed4996453b6226b87113cacf7152a101324,
479d8bf65af30300836a21f037dfd3f27ed214a5,
b9edf651674710112d572f18b053190a98575ddb,205472
05065ff31dc6772c3149bf0ffba443c3b1b0e978,205472
0e4eef9030eee0609fe75142b185381135fb43ef,205476
39903d6f71fc85dfd432cac930aaabff7f0444e9,205476
e9be7fe124b88c21716d85214d712e30517e89be,205448
f634bdf7a1250fb4da6f70d31bb3ac7c29685ea0,205396
4848b4905b5cb767d3adf871193d60d51384c60a,205420
5ce346d75a8569a55721cc6dfd32de1af1e29292,205412
499f7290a6ba4666ec4b1ffe9047ee250e8558c8,205412
ccde002295a6fbd0e6807fabe39f7dcfca9ed886,205416
bec0e12b1d29b8dbad4e6358b38648ba5b301fac,205412
f79b9bf0054e85149f2f802ac70f91e205fc6b34,205412
5df84531a68bcd77c1e468de23ce9f37a5bf3188,205416
7a6cf2929bb773de46c71c097945a6e9303cfee1,205440
019f4277ad810d82e1435b94295fb8653a0ae2ce,205396
0b7eec0c6f386eab9ae70bfd81833a6602323736,205420
893467cd9b02120e2ce3f12a2f04bda2a3455732,205424
0103f3935960f033e2509a74f703f74ed91b3f81,205424
5ea0795e830eff40552324ac435b23c0431a6b5b,205500
398b62769d8d3fc969dbefe3a60a93795727710f,205492
4002d268798a2d42912553b7d96c122929124a2e,205492
e1850c1b287b2bcdf8b56398c290a20cca769dbe,205492
4e0cc444d45e67dca6293dfec59e9284a03ead94,205516
2e3a328d7d4edd883181427ea75ead0d5fbf0b1a,205516
1e0699b261e880604d4372796658249afff6ca65,205516
9240d00394576c821b8823ae048d4092f8a591a6,205416
65f689ee0fe99844bef44545b6351f72675bb0cb,205548
c429735a690bd80c83f8924528020c2068fc219a,205540
2db2ad19159b15377e4a330f10a3ca93fadf1369,205516
9d3e9049383c5e653b681c1d5d0725ef9ae812ad,205484
afd1170d9d47325c5c2a40fdff27df0efcd8bbd0,205556
1549c6518ede8d6f3d6d2516b2badeea521e5f6e,205556
5382ca4ff55c133dbfea0f3bf5ec7a50c921e909,205588
e55bfe65c11593fda23e169281bd624d7fad8f2b,205588
00149481597e8ad003744095dad5491d037abd19,205576
b4a70fec7ec7b41089a7f24ec20b5685e3b41b54,205576
162b97ca28ee26b2b39c5b38bc6cd986255e265e,205584
38749303923b762e7e12437398def5125bbd9316,205584
628d3d21fade7e408b497f01b44a7cd735e1d8b8,205712
bfd1ebe114cf57f6e03182103b4c58181cdc0f15,205604
1cc37199f3d89647bad139f97206f32f588baf59,205772
89f395d5aa912738cd68a210fc4136c3e7f42f53,206236
1df435b317b05d8e729e2debd3b006116b736374,205604
9f4f46c49ff0949b2f26ac1b0a0cabc257a6f2c0,205772
a2c0e234abb549d12bdf1391d81f65e826151d7d,206236
2bc5f87cf1caed11b272ac70dd904b776f3eaa35,206236
5f3d124504c1b5665f0fd125b58edc82fe46c6be,206236
147023e3fb684d7ba30a17c1f62ded2556193a57,206236
b739f050eb3964223c3f0f54d36c106a20c4a285,206236
d791f2c869d81e9935274ab525906767f3ac07a4,206224
4849642b2b081a888586d5647fda6ff54c33eabb,206232
20cff21f9b5b5034a1a46c972c42540148ec86df,206360
fd3af8b532fb8260ca05a434c3f3fa7039de402b,206404
9cd734be17ef5572875937730893bb117db7cd59,206436
f51c62308884557c5c921c8e7bebc5e73969779d,206428
9667a1121509e9fae99e84150faef25513a4d4c2,206220
64ed43b4c3a531c9021a02417495603113c6ca51,206268
a86491ae5bb58a411bd1bd0eaa7012645674849f,206272
e87bdd24860d326ba6663abbeb1758584589a917,206336
fb7b4732992a9eabc875ab2dc1035548782d9519,206336
15aa42ba64d5631ed85e45eaa6ea4081f5874626,206516
b8467a7702de54c81666a245322ee7af68a1237b,206740
328fa4c07da3d7be0a46761ad3f28882cb0d69f9,206916
53e3b672d50af1f634dd688116bf8ff6fb998e7d,206924
aebd5f47a1b13652796a93ab303786705bd18059,206224
da94f935901aa916024a352ff1fcf7500e4103a5,206272
d40ac45911cf082e5d925e4c5f3c879670cf9c70,206292
d94b7252c5d898561a51fcff5046380f1722eff9,206292
74df9128ad9ea74dd576b86438a54ff10d41ae85,206220
ebbd56911192b4f233593bb9ddd040af7aefd94d,206268
3c99e1386b7bfc14839bf1c3edf2b5fec8068900,206272
e67c56ce5db36593c4d04818d9aecf5ded205af9,206336
74295e20dab29ab5463f915bac9d60b209b6c80b,206336
bcc02247bb794eaa1787523118daab42ec63dd35,206516
dda7bb8578ec449253a94af2f133910a76bb44b1,206740
98ba9d31db56774c4f320b7c36132f762b5a0c0f,206916
7ff2e5a744c3aeb0939572871657055d77bbf314,206924
fadacc09a2e51a5342109a6d9ff30004a9664ae9,206236
0c4d57d80a8a2ad579da8bd051645bddbbb79f53,206236
fbc61f2997855a10163eefb25a0130fb662014f4,206228
5e3bf4262228b0bdbf89a947faf42c7ba0bbc2fd,206228
88adb6483d2fc9e3314b03b6735d81b3c566451e,206228
b3aa45e3f61bd719f2ae35cc89e0af16c735d1c1,206228
b227d230d975b6b8a4c9ccaf6ea46bf610b182c2,206228
91bb4b1a3484215255650c01e215bb6d0b5f96cd,206228
7f087580e9436fce0af3ef25b8f649b2d682d679,206924
2c0071db567a780fda150f262e7b0dc1f4d770af,206924
2fcaea0154899057fb1ee50df41831f7b1994443,206916
0910d46f780b05856caf87df2cebaa71dede9278,206916
48100d309e07bdacaba475f5a93709cc4a6f23ed,206916
f1f79e5a630492ef8e6f73120e1477b7ed3069c0,206916
0d63b9fa3baf779710a2e90217facbaed75ef29d,206916
9c3c4758bf49eaad75deb40c09e614340547776c,206916
13bad2e27ec92bf49d6c1f6130fa0f965f0aaafd,206916
b1b544a8a2d4177abbab5206a0eaf454589ef227,207116
c31d07747431454b0597460238d1aa3f51f4cef3,207108
72de43fde51661c3746a19f18e1047289c27a234,
78be7fef0cf9267c9620b11336b05afb22708015,207108
a6fd1a45f48335085d418af8dc5ab8650057c118,207108
456e3caf7596b80351ae783fe16eae9a8b691059,
ec670f20918f559b2173c299503c13a861c1d2d3,207108
62506af3c09fc8c7459936f637d6b2360dcdd5c6,207108
c6f1e2142e2fab5a2e14604fae16991ba219e3de,207108
f41a188a1b14134ceba2f1115c9939a0c9b833c7,207108
1e7f8feec9f82a52d370b50cb7d8775997be2e25,207108
2a13d9e159ecc740d177a2db6b7b4a411195290d,207108
7fd5b58ac213d6e25cc62db376a976c5287d43cb,207108
759ad58235046c407210cb4c7515911f5caf2847,207108
7426d0bcb4926a760f57de69e71e63b74c26cfde,207108
fdb7678d16587d7e4086d8adc636388f31b93c4a,207108
109cd4a80660c343a68c1b5baee3aabe85011039,207108
a96b358a8d901a6c2e50bc2aa932ee66df7b48a8,207108
9665ac23cea3a1b28a6baf2891f94a4de5cedd79,207164
08277de2546ded28a112d057d4d1d59ac1fcd96d,207164
96bce571d65f0e3956e5e7c2e69058c5470b2ccd,207164
cfe6a5afa002324086945abe1f32256aae9aef79,207164
ee206e5c7cc6bd30f38ff9689505ac8ea6566669,207164
a3fd0f7224aadcf301464afbd1fa20a677b6f015,207112
35504c84c19fec85e76be66bcdc3a698f6538b3d,207228
157b4f3afb3416d17167f5c7e7bf8aac5125db76,207216
83cf3fc6427e9a0acfc034a8ed8e2665ab4d4878,207216
ede78720eee92ad94931e5efc20a058063c894fa,207216
bed4073d24945e871571a8dafbf665e0d66f7a8d,207240
fa38d7c891ddec2007eca76ca2429f6b8944dd2a,207196
bf72e5c794b1ebc60243a96f886376c35ebac5b0,207276
012a26e93281e92c6cf5284ca66eb514e2ae11ed,207288
8851b43b53030d75e7f9b1f0dbb261b4d6e77aa0,207288
b2ba5a3481fa01f3a8839e00cd50260646b3c002,207288
d6531ac4c61b9c52a481a180530753677f990eaf,207288
b375f3f45774c7f192909cfaf6753733cb5173cf,207288
af431711918fda1238282932b02041135ab996c1,
ab71f09cb99d94f4214b0b966f04b4d506544fc1,207288
2d630a6e68ee1eba41c39045ce49b452b6afde06,207288
3332011b443a5eed177c1ace2ad827ba96f72542,207288
4277938490894ca505213d446760062220c53ed0,207288
9fff3ad8ed66ce29c3e282c554d775f94789e688,207288
4437218daad4427ad5d0bea69c7b8af77693c2ef,207276
f6b9d1bceca6196db4b2ed2aab724cfcf932ef5f,207276
d6d5675eb19143731611a3023d623186d3e3527b,207276
42265dd0109c9147e470a1e2b855a5b4cbf9183e,207288
128af28f392b9fdf53ac4749497330b0b901b5e3,207288
fb16a2af0d95ba081dbfbc5333ec3c587104e356,207288
eacea3796f5c88c1e0c6e4475ed76a3a1de83443,207288
44a4ef8848fb60ab100ebdb5b0fddad9ec01eb5d,207288
368c02ccc8cf560613b4e142f603e232ac9f918b,207288
94656df9ce5cddc6a723aecf6e48fcaf651f0bf8,207288
d9e12794be5e53ad5d8fb2711499456bd6aedc31,207288
b7c707cd423f49f582b54791cd57f9a0933a8771,207288
83c01c6278a99695786c9029fc7152875bc76dc6,207288
ef77e0fde5d8ece03c2cf3912743e0e8619a029a,207288
13d9793e141ef1adf5279ea74386ce1fa48624af,207288
d45cae53cdd1d6d71e039574c16d4a687772d484,207288
8a38eb61d0889c6d9413fc9b229e87641cefb0e9,207288
b048c010a9060561f00f41d7b351b37e1022701d,207276
ba4b0399638bad0fb5080557359deeee0311a5e8,207276
9688a21699799a77addec05b391a888b91e21e7d,207276
717016482c7a22786d926530c63512cc5f2e2b4d,207276
d811a706da236068983aff9ecefc6465a50b06c6,207276
f6354c60e55968cc7237e99c0272c1a685917624,
19969d4fdbc30345f08f29138e5956c8d8e430c7,207312
bcf0ed3db0db29f9717d345e01cefcad1fec4718,207288
c0c66249625b05f5ab76eb40689c2232d522e7e1,207288
ddae73d0e1c4bfc65016aba5f171bd294622cf43,207288
361f9df8b189779eeba517fe38e299dee04d43fd,207288
5cc8a2ee4e85e8574c9467a9514b9f06e2c37cc4,207288
dff6095085aef334aaf91ad0a7e9dabff1712a8c,207288
6d086bca81766274ac7b46eb2fcb417916e8e2d8,207312
c135fd98bb164892f23094c8e065be5ee05d7750,207312
d6b0ae5324789695a221833a604ddaf381cc8ede,207312
efff4fe82943e2e9ab9a1b3e4b89f90349686822,207312
ef7aae35198e4f1f09a85600ecafc15442fbf659,207424
9ffaf56af8edfd7b06a22a1162552d4f3682f3f7,207424
18807f2cad1a7975f189f19f69cbe91f7ebe280e,207428
08bf5b40aec2c7e8a04b0cefdd18f6e6ba259586,207492
8e148671177fcdd88ee68366b020fc7dfdd6f751,207492
0ce6b4f97a18ae75919b95fff4d6c4448836cae1,207492
a94b019f241f9ddbd6ee38020f6700e529462811,207496
d4225bbd2add72ffa3f913d8b0f8efbfbd0bb820,207496
1cee781e7edc30972e480a5c773abea7c0a6986e,207496
22e765d73ad9daab66792b093968eeb74683233e,207496
a967db115bb8fa450b9caed034f4cc47b30fcad1,207496
421722b948162a8a9b4d83f8b6f7411359812305,207496
cc0b96cafe80128a907c39d434c6e14545837644,207496
5444867c71f5e46e5d1619ccf031b60f54c2153b,207496
2dbf983562a3fad1050979589176cf5533d652af,207496
88a4fb2231ad2651199decbeee8baddedfe5492a,207496
2cee4fc760b24dfd8039bb768ae102b3ab3cb30f,207496
a291cb8d9a9f7154b0a908b7701e37eb01e95028,207496
00edd3b781eb35503bf2367e2edbf5f58f3c9487,207484
a28b076996e8c0f3195e080bc11c0151d9d1f6ca,207484
c858ddd939622dcf61296ac8ab1543efe85823c5,207496
65875539c2e1258475c3a1dc35a84d1b088dccdf,207496
0b94e9309a082d5add4cbd3702cd3838651ecaa7,207496
18abf527a498a7d13b51a10b90697a67e8068b8e,207496
0790d4f67bd564af48eb873aeba11f0c1ff18c3b,207496
8e9299f2076ee0a9023c94197800130a4f167734,207496
159f3cd384ab95a3c7bfb058aab76864e9dc9f12,207496
8f345294a1355aaac11aee5d25b95fb35fa73a5d,207496
5b218c33b6ae73538737dc36015e61c1fce66f8f,207496
32d6604aab3b4968360fcd9a5b3c22ea1de3067a,207496
22116c1f938ffe54758c403d209296ce50a7062c,207496
bbdf287348475671e07520a81fbb760feeb9541c,207496
1435df6813e613871831deb91ec3e37ce2d743bc,207496
637c501b6acec079b7a70a4bcf61ff1fe907f8d9,207484
0e27ece4330df75abe27be9f1af8fe31304e3cc1,207496
3061ab158cf1d72df64054f7cf28b5431bfa39ad,207496
7fdb397208870eb124b1816f72c6547fc449c1a8,207828
11afd44846914dc3666d264ef8e62719d74cd636,207836
2515d417d2c2d3af2e93d76cea86482a08a58646,207836
d9ad10fcbffbb0cd72a890663e72c747eb26ec40,207928
60799ecff352d0e66c6209430910e9fa9ac4d91a,207920
818f4d04d0b29b3a597297654efcc5032c0fb2f7,207932
da722c8283240789a42c99744b77560f7194c50f,210092
3822156fc70050bcc1f2b5c6d5d9ce870701d9b3,207944
bcbd501c180a5b6820cdd3ae9b6eb8d334bc6688,207944
aebc9f094868643d0e2544ffd4b5d639b3bd0632,207944
5b8ce2e9a7112b57dab0c2ac357a84106387464b,207940
f7e0687106b7d37f56a3cfc0599af71d1cd2bb22,207940
b61e707b1047bfa92107f1c6ebd0aff698b8b185,207940
f082b4f154f3d81ef8bb3a7f5d8c86e0411c1650,208344
6cdd0d15712e1af85bba30c91d928e88536acafa,
4f9316980d7cc6fc4e04f0e28814f72247044379,210124
61aa9f8d18e9397658288f73f26607bd4e12e447,207960
0f876d17707737e728e95b2a611fd131f67c8bfb,207960
f5e19177dec6db69e398102b6f446576bf368d67,207960
19b0a7704498362982f2b97e699596ab1f712db1,207956
0ff68f53f0e145c6fc2d6a2d54633999b7e49023,207956
18ab7480f6d653208c4c8288f1778ae1534b4668,207956
e78ca1706b93ef74543edf94d4138bc6605c6780,208360
8b41f62cced87c30c58aa703b56a083d75e11aad,208692
4d4f1e69650c7ea0292a4799217e41440f85db8b,208696
b6be69a3ba851b27b43faf85a60583e8a888b128,208696
b234d48ba8a64bf7443297627f1e33d49fd5824c,208696
943c42b01839e00bfd2fe541dc0da1dc77d58024,208696
244323f74d2eb66db394160c72d739f5b65ed26b,208696
52f11d66dee6d93796c2c8b832d1d58c24da2479,208696
38850912ef35e39867708e02223e494398d8403d,208708
b6181cbe909811069589c843acf33e2d28aaf207,208712
a36f53e01bb4131e8d7c93bf7507647fe67cd12a,208712
91c67a631dcc0d0858bb77350fc45a6285da188b,208708
2aba911bc47d5ebbce600e565ddc0a165210ab42,208708
524fef383e4ff76fa9656188786cfe30aac4edda,208712
8319458b0fa22606cd4611c1648ddd75b78d63ce,208692
01412612cf306a772a36a6d30ed6347559359fd1,208696
0bd1ca8eb2f9971f4263ce662895ad1268c7ea52,208696
cb3d1e5a3e1bd13e5aeecd1a1effb472bb66a114,208676
1247fe69129131f5db765b8c3abb19610cb2c419,208688
c22ae25d231801f1f1643267879b3fc9327253b9,208692
4104553405decb0384bcfb030fbfcb4b5a9854cc,208692
e8040cd315b6f978c338b27f0aae5c687c6a39dd,208692
cf8847aaafee320f41b0c162b46ff72b887d6ecb,208692
5428d0d6742a17b682c4235e16298bafd600b514,208692
dfe3db1efc32d565c02b2068e25b22e4cf8afd09,208692
6d3a3be80f77cc8e13b107297ac3bbdac759514d,208692
8189ffc1d899dea6f47685e35c386f4f5901e299,208692
39f7cb7e61adbf4270e6bc722544fce515e5c90d,208692
be7af4f854f235f586c18fca96583dd05c10bbc6,208692
3979051e5540b129f6685ee1b85ca74445079521,208692
e163072eeadf3cc4b64a0bf6f553063e73003642,208692
cdf538ce9c155ba689e784da01167cf9ebd7e23d,208692
f9608ee65953a57ff196b178d5d6c857824e0522,208692
cb43c66ef5ded3ce0c27f5fa93feb3efdd815a6c,208692
fb2a3747d5c7f35f9723a96e6533b6b760c2113e,208692
9d9b784be7e88990cfa434d6ca19337c91f289b9,208692
81ba445a2ecca3ec9884085d8b765da85f508980,208692
e007ac6bd7189781edb1270339049d68d408f234,208692
50f99e7f4ec35973262812b384c38f9b8c7fe32e,208692
bbc20b4a898565a838ea5fdb2fde2075ab0563a7,208692
5c772454e022056fd206e79eae55d006ecb8a91d,208692
76bfc071652a91c6b5d443dbfa55f1f0fa7933cd,208692
320c0de9f6db42a50b3a156aef03f95495b98964,208692
af86d3528be5fb67e0efa407cd248200d6f1568c,208692
48d305831d3188acb6d763f5fb272c5fc42ee04e,208692
4529f76bced3e3a59e165e1fe90e0fbd4edabba6,208692
351e9ce080a65e01c99c958c94e02db1d055214b,208692
f4adb5cf0e81ee4fa4e6a6252680df481e2da5b5,208692
511bc43cbe204aeda17fd23760785c205b7de4dc,208692
00c57b3ef9ad2f5f0e24e7f79429b9ebd0cefa64,208692
8a2a10d902551c370958703304c5e6bc36575024,208692
a4b2329c5bc6628598f3ae0fea5b1fa9267d5755,208692
5c6670ff0328e51392a9ba4448558d5c122aa052,208676
f5b439afdfe0b881e79d4f15640c7b2fa7c5ea72,208648
f40444039ab758f39af3e80e80f38af76867f3f6,208648
a0ee5d495ca1018197d951f7e870d7d5d1e7a55c,208648
fab5381099c063ed7dd6d03f5666f601b8f2db50,208648
f266cba67ea71db0c2bf826338e1fd740132900f,208648
680d869c0b8fc117687a12e7f5d059c9822b54c7,208648
805e25380feb2c4e576156f7e650046ffe2cd90c,208648
33c30c1386051b17e5d592ea3885ab0336b90f1a,208648
fcddc7c18044f45f5bf835ed54401d93bca610a5,208648
7ecdb75b42b1592d79b25ef3c5783e2bbba1f5a6,208648
9f7735f0eba412bfd8ee8ec650f161842c0fd79b,208648
